CustomerID,Cluster,Nombre_Cluster,Recency,Frequency,Monetary,UniqueProducts,AverageOrderValue,MonthlySpending,Products_Per_Order,PurchaseInterval,Is_UK,Weekend_Ratio
12347,3,Clientes de alto valor,3,7,4310.0,103,615.7142857142857,354.24657534246575,14.714285714285714,60.833333333333336,0,0.0
12348,0,Clientes estándar de bajo valor,76,4,1437.24,21,359.31,152.35759717314488,5.25,94.33333333333333,0,0.07407407407407407
12350,0,Clientes estándar de bajo valor,311,1,294.40000000000003,16,294.40000000000003,294.40000000000003,16.0,0.0,0,0.0
12352,0,Clientes estándar de bajo valor,37,7,1385.74,57,197.96285714285713,159.89307692307693,8.142857142857142,43.333333333333336,0,0.0
12353,0,Clientes estándar de bajo valor,205,1,89.0,4,89.0,89.0,4.0,0.0,0,0.0
12355,0,Clientes estándar de bajo valor,215,1,459.40000000000003,13,459.40000000000003,459.40000000000003,13.0,0.0,0,0.0
12356,0,Clientes estándar de bajo valor,23,3,2487.43,52,829.1433333333333,246.280198019802,17.333333333333332,151.5,0,0.0
12358,0,Clientes estándar de bajo valor,2,2,928.0600000000001,12,464.03000000000003,186.85771812080537,6.0,149.0,0,0.0
12360,0,Clientes estándar de bajo valor,53,3,2302.06,104,767.3533333333334,466.63378378378377,34.666666666666664,74.0,0,0.0
12361,0,Clientes estándar de bajo valor,288,1,174.9,9,174.9,174.9,9.0,0.0,0,0.0
12362,3,Clientes de alto valor,4,10,4737.2300000000005,200,473.72300000000007,486.7017123287672,20.0,32.44444444444444,0,0.0
12363,0,Clientes estándar de bajo valor,110,2,552.0,23,276.0,124.51127819548871,11.5,133.0,0,0.0
12364,2,Clientes activos de valor medio,8,4,1208.1,69,302.025,345.1714285714285,17.25,35.0,0,0.25925925925925924
12365,0,Clientes estándar de bajo valor,292,1,320.69,21,320.69,320.69,21.0,0.0,0,0.0
12367,0,Clientes estándar de bajo valor,5,1,150.9,10,150.9,150.9,10.0,0.0,0,0.0
12370,3,Clientes de alto valor,52,4,3421.94,142,855.485,332.2271844660194,35.5,103.0,0,0.0
12372,0,Clientes estándar de bajo valor,72,3,1196.04,33,398.68,159.472,11.0,112.5,0,0.0
12373,0,Clientes estándar de bajo valor,312,1,324.6,13,324.6,324.6,13.0,0.0,0,0.0
12374,0,Clientes estándar de bajo valor,26,1,622.9300000000001,32,622.9300000000001,622.9300000000001,32.0,0.0,0,0.0
12375,0,Clientes estándar de bajo valor,11,2,377.5,13,188.75,128.69318181818184,6.5,88.0,0,0.0
12379,0,Clientes estándar de bajo valor,82,2,777.24,38,388.62,261.99101123595506,19.0,89.0,0,0.0
12380,0,Clientes estándar de bajo valor,22,4,2427.81,76,606.9525,444.1115853658536,19.0,54.666666666666664,0,0.0
12381,0,Clientes estándar de bajo valor,5,3,1474.81,69,491.6033333333333,384.73304347826087,23.0,57.5,0,0.18292682926829268
12383,0,Clientes estándar de bajo valor,185,5,1628.56,83,325.712,290.81428571428575,16.6,42.0,0,0.0
12384,0,Clientes estándar de bajo valor,29,2,425.27000000000004,25,212.63500000000002,137.18387096774194,12.5,93.0,0,0.0
12386,0,Clientes estándar de bajo valor,338,2,401.9,10,200.95,401.9,5.0,29.0,0,0.0
12388,2,Clientes activos de valor medio,16,6,2780.6600000000003,57,463.4433333333334,268.2308681672026,9.5,62.2,0,0.22
12390,0,Clientes estándar de bajo valor,80,1,504.84000000000003,31,504.84000000000003,504.84000000000003,31.0,0.0,0,0.0
12391,0,Clientes estándar de bajo valor,22,1,439.66,92,439.66,439.66,92.0,0.0,0,0.0
12393,0,Clientes estándar de bajo valor,73,4,1582.6000000000001,47,395.65000000000003,182.60769230769233,11.75,86.66666666666667,0,0.0
12394,0,Clientes estándar de bajo valor,64,2,1080.48,25,540.24,210.48311688311688,12.5,154.0,0,0.0
12395,3,Clientes de alto valor,20,12,2682.63,90,223.5525,228.63323863636367,7.5,32.0,0,0.09722222222222222
12397,3,Clientes de alto valor,36,2,2214.9,109,1107.45,664.47,54.5,100.0,0,0.0
12399,0,Clientes estándar de bajo valor,120,4,1033.65,46,258.4125,218.3767605633803,11.5,47.333333333333336,0,0.0
12401,0,Clientes estándar de bajo valor,304,1,69.3,4,69.3,69.3,4.0,0.0,0,0.0
12402,0,Clientes estándar de bajo valor,324,1,195.6,10,195.6,195.6,10.0,0.0,0,0.0
12403,0,Clientes estándar de bajo valor,50,1,391.7,4,391.7,391.7,4.0,0.0,0,0.0
12407,2,Clientes activos de valor medio,50,5,1507.12,56,301.424,210.29581395348833,11.2,53.75,0,0.19444444444444445
12408,0,Clientes estándar de bajo valor,33,5,2618.55,80,523.71,344.54605263157896,16.0,57.0,0,0.0
12410,0,Clientes estándar de bajo valor,309,2,533.33,25,266.665,533.33,12.5,0.0,0,0.0
12412,0,Clientes estándar de bajo valor,75,3,1142.88,42,380.96000000000004,360.9094736842106,14.0,47.5,0,0.0
12413,0,Clientes estándar de bajo valor,67,3,686.1,28,228.70000000000002,75.95202952029521,9.333333333333334,135.5,0,0.1111111111111111
12414,0,Clientes estándar de bajo valor,218,3,442.41,15,147.47,142.71290322580646,5.0,46.5,0,0.0
12417,3,Clientes de alto valor,4,9,3226.1,157,358.4555555555555,273.39830508474574,17.444444444444443,44.25,0,0.12021857923497267
12418,0,Clientes estándar de bajo valor,113,1,668.58,34,668.58,668.58,34.0,0.0,0,0.0
12420,0,Clientes estándar de bajo valor,64,1,600.39,29,600.39,600.39,29.0,0.0,0,0.0
12421,2,Clientes activos de valor medio,16,4,639.04,31,159.76,63.06315789473684,7.75,101.33333333333333,0,0.3170731707317073
12422,0,Clientes estándar de bajo valor,96,3,683.5600000000001,38,227.85333333333335,89.54934497816595,12.666666666666666,114.5,0,0.0
12423,0,Clientes estándar de bajo valor,1,8,1634.31,96,204.28875,138.89320113314446,12.0,50.42857142857143,0,0.0
12424,3,Clientes de alto valor,163,2,1760.96,30,880.48,1760.96,15.0,0.0,0,0.0
12425,0,Clientes estándar de bajo valor,79,1,777.2,36,777.2,777.2,36.0,0.0,0,0.0
12426,1,Clientes de compra en fin de semana,195,1,510.73,29,510.73,510.73,29.0,0.0,0,1.0
12427,0,Clientes estándar de bajo valor,22,3,699.8000000000001,25,233.26666666666668,59.98285714285715,8.333333333333334,175.0,0,0.0
12429,3,Clientes de alto valor,10,4,3388.4,81,847.1,285.5393258426966,20.25,118.66666666666667,0,0.0
12430,0,Clientes estándar de bajo valor,44,1,216.4,10,216.4,216.4,10.0,0.0,0,0.0
12431,3,Clientes de alto valor,36,15,6314.95,162,420.99666666666667,560.4985207100591,10.8,24.142857142857142,0,0.12931034482758622
12432,3,Clientes de alto valor,43,4,4359.32,106,1089.83,1005.996923076923,26.5,43.333333333333336,0,0.0
12434,0,Clientes estándar de bajo valor,85,2,806.14,46,403.07,137.41022727272727,23.0,176.0,0,0.0
12436,0,Clientes estándar de bajo valor,100,1,429.01,15,429.01,429.01,15.0,0.0,0,0.0
12437,3,Clientes de alto valor,2,18,4447.41,117,247.07833333333332,404.31,6.5,19.41176470588235,0,0.0
12438,3,Clientes de alto valor,15,2,2466.85,83,1233.425,587.3452380952381,41.5,126.0,0,0.0
12441,0,Clientes estándar de bajo valor,367,1,155.55,10,155.55,155.55,10.0,0.0,0,0.0
12442,0,Clientes estándar de bajo valor,4,1,144.06,11,144.06,144.06,11.0,0.0,0,0.0
12444,3,Clientes de alto valor,22,5,4085.46,137,817.092,817.092,27.4,37.5,0,0.0
12445,0,Clientes estándar de bajo valor,23,1,77.4,3,77.4,77.4,3.0,0.0,0,0.0
12446,0,Clientes estándar de bajo valor,58,1,1002.3100000000001,57,1002.3100000000001,1002.3100000000001,57.0,0.0,0,0.0
12448,0,Clientes estándar de bajo valor,45,1,365.45,21,365.45,365.45,21.0,0.0,0,0.0
12449,3,Clientes de alto valor,23,4,3596.29,117,899.0725,653.8709090909091,29.25,55.0,0,0.25133689839572193
12450,1,Clientes de compra en fin de semana,157,2,197.88,7,98.94,197.88,3.5,17.0,0,0.75
12452,0,Clientes estándar de bajo valor,17,1,348.57,20,348.57,348.57,20.0,0.0,0,0.0
12453,0,Clientes estándar de bajo valor,135,1,707.09,43,707.09,707.09,43.0,0.0,0,0.0
12455,0,Clientes estándar de bajo valor,74,5,2339.86,84,467.97200000000004,314.77937219730944,16.8,55.75,0,0.0
12456,2,Clientes activos de valor medio,45,3,2581.04,104,860.3466666666667,368.71999999999997,34.666666666666664,105.0,0,0.36065573770491804
12457,0,Clientes estándar de bajo valor,82,5,1846.88,52,369.37600000000003,350.673417721519,10.4,39.5,0,0.0
12458,0,Clientes estándar de bajo valor,72,2,787.4,34,393.7,110.90140845070422,17.0,213.0,0,0.0
12461,0,Clientes estándar de bajo valor,155,1,626.88,34,626.88,626.88,34.0,0.0,0,0.0
12462,0,Clientes estándar de bajo valor,19,2,937.59,50,468.795,98.69368421052631,25.0,285.0,0,0.0
12463,0,Clientes estándar de bajo valor,54,4,1200.78,64,300.195,191.61382978723404,16.0,62.666666666666664,0,0.0
12464,0,Clientes estándar de bajo valor,11,8,957.05,5,119.63125,96.02508361204013,0.625,42.714285714285715,0,0.0
12465,0,Clientes estándar de bajo valor,18,2,682.19,45,341.095,134.64276315789476,22.5,152.0,0,0.0
12468,1,Clientes de compra en fin de semana,188,2,657.5400000000001,35,328.77000000000004,152.91627906976746,17.5,129.0,0,0.6944444444444444
12473,3,Clientes de alto valor,54,3,2585.73,138,861.91,562.1152173913044,46.0,69.0,0,0.0
12475,0,Clientes estándar de bajo valor,54,1,669.38,35,669.38,669.38,35.0,0.0,0,0.0
12476,3,Clientes de alto valor,16,11,5898.42,176,536.22,511.42369942196535,16.0,34.6,0,0.0
12478,0,Clientes estándar de bajo valor,4,1,545.99,35,545.99,545.99,35.0,0.0,0,0.0
12479,0,Clientes estándar de bajo valor,12,1,473.2,30,473.2,473.2,30.0,0.0,0,0.0
12480,3,Clientes de alto valor,29,4,2885.63,128,721.4075,281.0678571428571,32.0,102.66666666666667,0,0.0
12481,3,Clientes de alto valor,23,10,5003.82,149,500.38199999999995,437.65189504373177,14.9,38.111111111111114,0,0.0
12483,2,Clientes activos de valor medio,18,8,1910.98,45,238.8725,178.0416149068323,5.625,46.0,0,0.22058823529411764
12488,2,Clientes activos de valor medio,10,3,1244.66,45,414.8866666666667,565.7545454545455,15.0,33.0,0,0.3888888888888889
12489,0,Clientes estándar de bajo valor,337,1,298.93,14,298.93,298.93,14.0,0.0,0,0.0
12490,3,Clientes de alto valor,6,10,4859.93,130,485.99300000000005,449.9935185185185,13.0,36.0,0,0.20425531914893616
12491,0,Clientes estándar de bajo valor,39,1,424.40000000000003,24,424.40000000000003,424.40000000000003,24.0,0.0,0,0.0
12492,0,Clientes estándar de bajo valor,64,2,227.21,18,113.605,162.29285714285717,9.0,42.0,0,0.0
12493,0,Clientes estándar de bajo valor,166,2,379.74,18,189.87,356.00625,9.0,32.0,0,0.0
12494,2,Clientes activos de valor medio,16,7,1084.1,62,154.87142857142857,92.92285714285714,8.857142857142858,58.333333333333336,0,0.19718309859154928
12497,0,Clientes estándar de bajo valor,82,1,953.1,13,953.1,953.1,13.0,0.0,0,0.0
12498,0,Clientes estándar de bajo valor,22,3,349.70000000000005,20,116.56666666666668,291.41666666666674,6.666666666666667,18.0,0,0.0
12500,3,Clientes de alto valor,24,11,4047.92,32,367.9927272727273,391.73419354838705,2.909090909090909,31.0,0,0.0
12502,3,Clientes de alto valor,96,5,2995.87,101,599.174,419.9817757009345,20.2,53.5,0,0.0
12504,0,Clientes estándar de bajo valor,19,2,428.04999999999995,5,214.02499999999998,428.04999999999995,2.5,12.0,0,0.0
12506,0,Clientes estándar de bajo valor,233,1,73.5,23,73.5,73.5,23.0,0.0,0,0.0
12507,0,Clientes estándar de bajo valor,135,3,1052.81,18,350.93666666666667,192.5871951219512,6.0,82.0,0,0.0
12508,2,Clientes activos de valor medio,27,2,397.88,57,198.94,397.88,28.5,3.0,0,0.25
12509,0,Clientes estándar de bajo valor,285,1,158.5,6,158.5,158.5,6.0,0.0,0,0.0
12510,0,Clientes estándar de bajo valor,143,2,814.5699999999999,28,407.28499999999997,133.5360655737705,14.0,183.0,0,0.0
12512,0,Clientes estándar de bajo valor,67,2,132.18,31,66.09,132.18,15.5,0.0,0,0.0
12513,0,Clientes estándar de bajo valor,113,1,558.29,34,558.29,558.29,34.0,0.0,0,0.0
12515,0,Clientes estándar de bajo valor,354,1,278.7,15,278.7,278.7,15.0,0.0,0,0.0
12516,2,Clientes activos de valor medio,78,2,1186.06,19,593.03,345.45436893203885,9.5,103.0,0,0.5
12517,3,Clientes de alto valor,29,4,2301.6,231,575.4,426.2222222222222,57.75,54.0,0,0.0
12518,0,Clientes estándar de bajo valor,1,5,1840.89,83,368.178,502.06090909090915,16.6,27.5,0,0.14285714285714285
12519,0,Clientes estándar de bajo valor,64,1,276.84000000000003,16,276.84000000000003,276.84000000000003,16.0,0.0,0,0.0
12520,0,Clientes estándar de bajo valor,80,5,2346.26,120,469.25200000000007,362.8237113402062,24.0,48.5,0,0.0
12521,0,Clientes estándar de bajo valor,143,1,545.68,37,545.68,545.68,37.0,0.0,0,0.0
12522,0,Clientes estándar de bajo valor,40,2,156.72,10,78.36,156.72,5.0,12.0,0,0.0
12523,3,Clientes de alto valor,20,11,1699.77,83,154.52454545454546,163.43942307692308,7.545454545454546,31.2,0,0.19607843137254902
12524,3,Clientes de alto valor,10,8,3945.7200000000003,112,493.21500000000003,365.34444444444443,14.0,46.285714285714285,0,0.23529411764705882
12526,0,Clientes estándar de bajo valor,1,3,1172.66,63,390.8866666666667,374.2531914893617,21.0,47.0,0,0.0
12527,0,Clientes estándar de bajo valor,82,3,330.71000000000004,17,110.23666666666668,40.6610655737705,5.666666666666667,122.0,0,0.0
12528,0,Clientes estándar de bajo valor,10,6,1645.48,49,274.24666666666667,162.91881188118813,8.166666666666666,60.6,0,0.0
12530,0,Clientes estándar de bajo valor,60,4,1500.28,50,375.07,162.48519855595669,12.5,92.33333333333333,0,0.0
12531,0,Clientes estándar de bajo valor,15,1,125.22,17,125.22,125.22,17.0,0.0,0,0.0
12532,0,Clientes estándar de bajo valor,31,1,313.83000000000004,15,313.83000000000004,313.83000000000004,15.0,0.0,0,0.0
12534,0,Clientes estándar de bajo valor,131,1,981.18,62,981.18,981.18,62.0,0.0,0,0.0
12535,0,Clientes estándar de bajo valor,92,2,716.35,28,358.175,226.21578947368423,14.0,95.0,0,0.0
12538,0,Clientes estándar de bajo valor,30,1,363.95,21,363.95,363.95,21.0,0.0,0,0.0
12541,2,Clientes activos de valor medio,30,3,841.18,45,280.3933333333333,100.53944223107568,15.0,125.5,0,0.20408163265306123
12544,0,Clientes estándar de bajo valor,37,1,316.7,18,316.7,316.7,18.0,0.0,0,0.0
12545,2,Clientes activos de valor medio,76,2,832.39,41,416.195,135.7157608695652,20.5,184.0,0,0.3125
12546,0,Clientes estándar de bajo valor,47,2,1021.5,58,510.75,988.5483870967741,29.0,31.0,0,0.0
12547,0,Clientes estándar de bajo valor,198,2,151.8,6,75.9,54.867469879518076,3.0,83.0,0,0.0
12548,1,Clientes de compra en fin de semana,167,1,67.19999999999999,4,67.19999999999999,67.19999999999999,4.0,0.0,0,1.0
12550,0,Clientes estándar de bajo valor,80,1,824.83,56,824.83,824.83,56.0,0.0,0,0.0
12551,0,Clientes estándar de bajo valor,358,1,168.0,10,168.0,168.0,10.0,0.0,0,0.0
12552,0,Clientes estándar de bajo valor,40,1,317.82,19,317.82,317.82,19.0,0.0,0,0.0
12553,3,Clientes de alto valor,9,10,3278.28,94,327.82800000000003,306.381308411215,9.4,35.666666666666664,0,0.11538461538461539
12556,0,Clientes estándar de bajo valor,51,2,599.56,100,299.78,178.08712871287128,50.0,101.0,0,0.0
12558,0,Clientes estándar de bajo valor,8,1,269.96,11,269.96,269.96,11.0,0.0,0,0.0
12559,0,Clientes estándar de bajo valor,311,2,525.71,20,262.855,525.71,10.0,9.0,0,0.0
12561,0,Clientes estándar de bajo valor,303,1,238.85,16,238.85,238.85,16.0,0.0,0,0.0
12562,3,Clientes de alto valor,9,7,3385.7400000000002,98,483.6771428571429,534.5905263157896,14.0,31.666666666666668,0,0.0
12564,0,Clientes estándar de bajo valor,262,1,402.90000000000003,20,402.90000000000003,402.90000000000003,20.0,0.0,0,0.0
12565,0,Clientes estándar de bajo valor,289,1,145.92000000000002,9,145.92000000000002,145.92000000000002,9.0,0.0,0,0.0
12566,0,Clientes estándar de bajo valor,87,1,297.65,18,297.65,297.65,18.0,0.0,0,0.0
12571,0,Clientes estándar de bajo valor,40,2,519.61,31,259.805,190.10121951219512,15.5,82.0,0,0.0
12572,0,Clientes estándar de bajo valor,9,2,912.4200000000001,52,456.21000000000004,636.5720930232559,26.0,43.0,0,0.0
12573,0,Clientes estándar de bajo valor,228,1,160.54000000000002,26,160.54000000000002,160.54000000000002,26.0,0.0,0,0.0
12574,0,Clientes estándar de bajo valor,316,1,182.45000000000002,10,182.45000000000002,182.45000000000002,10.0,0.0,0,0.0
12576,0,Clientes estándar de bajo valor,36,5,1315.83,72,263.166,146.74684014869888,14.4,67.25,0,0.0
12577,0,Clientes estándar de bajo valor,36,3,622.65,136,207.54999999999998,57.65277777777777,45.333333333333336,162.0,0,0.0
12579,0,Clientes estándar de bajo valor,79,1,386.42,28,386.42,386.42,28.0,0.0,0,0.0
12580,0,Clientes estándar de bajo valor,247,1,379.7,23,379.7,379.7,23.0,0.0,0,0.0
12581,0,Clientes estándar de bajo valor,40,1,179.71,14,179.71,179.71,14.0,0.0,0,0.0
12582,0,Clientes estándar de bajo valor,239,2,351.36,20,175.68,210.816,10.0,50.0,0,0.0
12583,3,Clientes de alto valor,3,15,6705.38,114,447.0253333333333,542.2140161725067,7.6,26.5,0,0.05603448275862069
12584,3,Clientes de alto valor,4,9,2254.15,43,250.4611111111111,244.13176895306862,4.777777777777778,34.625,0,0.12631578947368421
12585,0,Clientes estándar de bajo valor,235,2,1824.1,76,912.05,467.71794871794873,38.0,117.0,0,0.0
12586,0,Clientes estándar de bajo valor,18,1,196.94000000000003,11,196.94000000000003,196.94000000000003,11.0,0.0,0,0.0
12587,0,Clientes estándar de bajo valor,8,1,104.0,3,104.0,104.0,3.0,0.0,0,0.0
12588,0,Clientes estándar de bajo valor,40,1,174.89999999999998,9,174.89999999999998,174.89999999999998,9.0,0.0,0,0.0
12589,0,Clientes estándar de bajo valor,29,2,574.68,28,287.34,148.62413793103448,14.0,116.0,0,0.0
12591,0,Clientes estándar de bajo valor,318,1,368.85,25,368.85,368.85,25.0,0.0,0,0.0
12592,0,Clientes estándar de bajo valor,93,2,401.6,10,200.8,99.5702479338843,5.0,121.0,0,0.0
12593,0,Clientes estándar de bajo valor,109,3,382.1,13,127.36666666666667,104.20909090909092,4.333333333333333,55.0,0,0.0
12594,3,Clientes de alto valor,38,9,3208.2200000000003,49,356.4688888888889,337.70736842105265,5.444444444444445,35.625,0,0.0
12596,0,Clientes estándar de bajo valor,52,2,450.27,24,225.135,70.72303664921466,12.0,191.0,0,0.0
12598,3,Clientes de alto valor,10,7,2807.08,83,401.01142857142855,306.2269090909091,11.857142857142858,45.833333333333336,0,0.2047244094488189
12599,2,Clientes activos de valor medio,30,7,888.58,31,126.94000000000001,96.936,4.428571428571429,45.833333333333336,0,0.23636363636363636
12600,3,Clientes de alto valor,29,10,2311.04,31,231.10399999999998,202.13177842565597,3.1,38.111111111111114,0,0.18518518518518517
12601,0,Clientes estándar de bajo valor,190,5,487.06,20,97.412,102.18041958041958,4.0,35.75,0,0.0
12602,0,Clientes estándar de bajo valor,59,1,153.12,12,153.12,153.12,12.0,0.0,0,0.0
12603,0,Clientes estándar de bajo valor,22,1,613.1999999999999,1,613.1999999999999,613.1999999999999,1.0,0.0,0,0.0
12604,0,Clientes estándar de bajo valor,80,2,236.18,14,118.09,38.930769230769236,7.0,182.0,0,0.0
12609,0,Clientes estándar de bajo valor,79,3,964.85,56,321.6166666666667,120.60625,18.666666666666668,120.0,0,0.0
12610,0,Clientes estándar de bajo valor,23,4,1747.54,84,436.885,504.0980769230769,21.0,34.666666666666664,0,0.0
12611,0,Clientes estándar de bajo valor,53,1,1193.32,65,1193.32,1193.32,65.0,0.0,0,0.0
12612,0,Clientes estándar de bajo valor,75,1,668.04,18,668.04,668.04,18.0,0.0,0,0.0
12613,3,Clientes de alto valor,58,4,3092.38,123,773.095,452.54341463414636,30.75,68.33333333333333,0,0.0
12614,0,Clientes estándar de bajo valor,278,1,315.6,20,315.6,315.6,20.0,0.0,0,0.0
12615,0,Clientes estándar de bajo valor,3,4,2093.19,81,523.2975,378.2873493975904,20.25,55.333333333333336,0,0.0
12616,0,Clientes estándar de bajo valor,96,2,641.3,24,320.65,95.24257425742573,12.0,202.0,0,0.0
12617,0,Clientes estándar de bajo valor,30,1,352.98,39,352.98,352.98,39.0,0.0,0,0.0
12618,0,Clientes estándar de bajo valor,22,1,137.31,10,137.31,137.31,10.0,0.0,0,0.0
12619,3,Clientes de alto valor,17,8,2945.56,48,368.195,372.85569620253165,6.0,33.857142857142854,0,0.15853658536585366
12620,0,Clientes estándar de bajo valor,15,3,1303.41,88,434.47,205.80157894736845,29.333333333333332,95.0,0,0.0
12622,0,Clientes estándar de bajo valor,233,1,162.1,10,162.1,162.1,10.0,0.0,0,0.0
12623,0,Clientes estándar de bajo valor,277,1,269.1,17,269.1,269.1,17.0,0.0,0,0.0
12624,0,Clientes estándar de bajo valor,107,2,569.13,35,284.565,240.4774647887324,17.5,71.0,0,0.0
12626,3,Clientes de alto valor,24,9,5954.4800000000005,231,661.6088888888889,589.5524752475249,25.666666666666668,37.875,0,0.0
12627,3,Clientes de alto valor,11,6,4082.53,161,680.4216666666667,942.1223076923078,26.833333333333332,26.0,0,0.16071428571428573
12628,2,Clientes activos de valor medio,5,3,732.46,33,244.15333333333334,366.23,11.0,30.0,0,0.2631578947368421
12630,0,Clientes estándar de bajo valor,10,2,1030.88,59,515.44,909.6000000000001,29.5,34.0,0,0.0
12631,0,Clientes estándar de bajo valor,58,1,480.5,30,480.5,480.5,30.0,0.0,0,0.0
12633,0,Clientes estándar de bajo valor,59,4,1929.98,72,482.495,252.835807860262,18.0,76.33333333333333,0,0.0
12637,3,Clientes de alto valor,68,8,5804.9,204,725.6125,680.26171875,25.5,36.57142857142857,0,0.0
12639,0,Clientes estándar de bajo valor,239,1,366.1,21,366.1,366.1,21.0,0.0,0,0.0
12640,0,Clientes estándar de bajo valor,24,3,994.58,46,331.5266666666667,514.4379310344827,15.333333333333334,29.0,0,0.0
12641,0,Clientes estándar de bajo valor,116,1,145.9,9,145.9,145.9,9.0,0.0,0,0.0
12642,0,Clientes estándar de bajo valor,26,3,905.26,38,301.75333333333333,331.19268292682926,12.666666666666666,41.0,0,0.0
12643,0,Clientes estándar de bajo valor,129,6,3041.64,10,506.94,447.3,1.6666666666666667,40.8,0,0.0
12644,0,Clientes estándar de bajo valor,130,1,477.90999999999997,31,477.90999999999997,477.90999999999997,31.0,0.0,0,0.0
12645,2,Clientes activos de valor medio,34,4,1631.18,57,407.795,172.91660777385158,14.25,94.33333333333333,0,0.18840579710144928
12646,0,Clientes estándar de bajo valor,5,2,1346.97,43,673.485,897.98,21.5,45.0,0,0.0
12647,2,Clientes activos de valor medio,23,12,3146.82,77,262.235,272.0593659942363,6.416666666666667,31.545454545454547,0,0.3119266055045872
12648,0,Clientes estándar de bajo valor,155,1,300.05,20,300.05,300.05,20.0,0.0,0,0.0
12649,0,Clientes estándar de bajo valor,108,3,569.51,27,189.83666666666667,162.71714285714285,9.0,52.5,0,0.0
12650,0,Clientes estándar de bajo valor,4,1,242.44,19,242.44,242.44,19.0,0.0,0,0.0
12652,0,Clientes estándar de bajo valor,332,1,793.98,47,793.98,793.98,47.0,0.0,0,0.0
12653,0,Clientes estándar de bajo valor,149,2,2209.85,37,1104.925,447.94256756756755,18.5,148.0,0,0.0
12654,0,Clientes estándar de bajo valor,11,5,529.98,30,105.99600000000001,55.78736842105263,6.0,71.25,0,0.0
12656,3,Clientes de alto valor,18,5,3619.17,88,723.8340000000001,502.6625,17.6,54.0,0,0.0
12657,0,Clientes estándar de bajo valor,12,3,1008.06,34,336.02,451.3701492537313,11.333333333333334,33.5,0,0.0
12658,0,Clientes estándar de bajo valor,19,1,632.05,35,632.05,632.05,35.0,0.0,0,0.0
12659,0,Clientes estándar de bajo valor,30,1,73.67999999999999,4,73.67999999999999,73.67999999999999,4.0,0.0,0,0.0
12660,0,Clientes estándar de bajo valor,12,1,227.10000000000002,12,227.10000000000002,227.10000000000002,12.0,0.0,0,0.0
12662,3,Clientes de alto valor,1,11,3543.78,128,322.1618181818182,285.0225201072386,11.636363636363637,37.3,0,0.13636363636363635
12664,3,Clientes de alto valor,9,9,4391.88,9,487.9866666666667,419.6063694267516,1.0,39.25,0,0.0
12665,0,Clientes estándar de bajo valor,325,1,45.0,2,45.0,45.0,2.0,0.0,0,0.0
12667,0,Clientes estándar de bajo valor,59,1,460.13,32,460.13,460.13,32.0,0.0,0,0.0
12668,3,Clientes de alto valor,12,4,3177.15,114,794.2875,277.07703488372096,28.5,114.66666666666667,0,0.1464968152866242
12669,0,Clientes estándar de bajo valor,151,2,1427.73,96,713.865,404.0745283018868,48.0,106.0,0,0.0
12670,0,Clientes estándar de bajo valor,11,5,2744.05,57,548.8100000000001,370.81756756756755,11.4,55.5,0,0.0
12672,0,Clientes estándar de bajo valor,330,1,225.9,10,225.9,225.9,10.0,0.0,0,0.0
12674,0,Clientes estándar de bajo valor,39,4,1844.6,51,461.15,327.44378698224847,12.75,56.333333333333336,0,0.0
12676,0,Clientes estándar de bajo valor,25,6,1091.39,32,181.89833333333334,114.08257839721256,5.333333333333333,57.4,0,0.0
12679,0,Clientes estándar de bajo valor,59,4,951.02,42,237.755,126.80266666666667,10.5,75.0,0,0.0
12680,0,Clientes estándar de bajo valor,1,4,790.81,32,197.7025,209.94955752212388,8.0,37.666666666666664,0,0.12244897959183673
12683,3,Clientes de alto valor,5,14,7612.57,176,543.755,632.6235457063711,12.571428571428571,27.76923076923077,0,0.0
12684,0,Clientes estándar de bajo valor,8,6,2073.63,59,345.605,301.98495145631074,9.833333333333334,41.2,0,0.0
12685,3,Clientes de alto valor,29,6,2575.08,116,429.18,1188.4984615384617,19.333333333333332,13.0,0,0.08609271523178808
12686,0,Clientes estándar de bajo valor,372,1,71.14,6,71.14,71.14,6.0,0.0,0,0.0
12689,0,Clientes estándar de bajo valor,26,2,1139.6100000000001,56,569.8050000000001,335.17941176470595,28.0,102.0,0,0.0
12690,0,Clientes estándar de bajo valor,206,1,335.01,15,335.01,335.01,15.0,0.0,0,0.0
12691,0,Clientes estándar de bajo valor,29,5,927.8,20,185.56,84.60182370820668,4.0,82.25,0,0.18518518518518517
12693,2,Clientes activos de valor medio,128,4,711.91,34,177.9775,111.23593749999999,8.5,64.0,0,0.2857142857142857
12694,0,Clientes estándar de bajo valor,71,2,761.67,31,380.835,202.21327433628318,15.5,113.0,0,0.0
12695,0,Clientes estándar de bajo valor,8,4,582.1,23,145.525,86.02463054187193,5.75,67.66666666666667,0,0.0
12697,2,Clientes activos de valor medio,29,3,757.59,36,252.53,161.18936170212766,12.0,70.5,0,0.23684210526315788
12701,0,Clientes estándar de bajo valor,80,2,725.71,49,362.855,133.56625766871167,24.5,163.0,0,0.0
12702,1,Clientes de compra en fin de semana,20,1,201.0,11,201.0,201.0,11.0,0.0,0,1.0
12703,0,Clientes estándar de bajo valor,72,1,265.55,20,265.55,265.55,20.0,0.0,0,0.0
12704,0,Clientes estándar de bajo valor,8,8,1740.84,63,217.605,322.37777777777774,7.875,23.142857142857142,0,0.0
12707,0,Clientes estándar de bajo valor,292,1,603.42,33,603.42,603.42,33.0,0.0,0,0.0
12708,3,Clientes de alto valor,30,10,2442.91,85,244.291,216.1867256637168,8.5,37.666666666666664,0,0.0
12710,1,Clientes de compra en fin de semana,97,3,1023.02,74,341.00666666666666,292.2914285714286,24.666666666666668,52.5,0,0.9594594594594594
12712,3,Clientes de alto valor,29,13,3928.13,57,302.1638461538462,343.568221574344,4.384615384615385,28.583333333333332,0,0.0
12713,0,Clientes estándar de bajo valor,1,1,794.55,37,794.55,794.55,37.0,0.0,0,0.0
12714,3,Clientes de alto valor,10,5,4294.86,215,858.972,452.0905263157894,43.0,71.25,0,0.0
12715,0,Clientes estándar de bajo valor,107,1,263.36,19,263.36,263.36,19.0,0.0,0,0.0
12716,0,Clientes estándar de bajo valor,4,2,963.49,59,481.745,222.34384615384616,29.5,130.0,0,0.0
12717,0,Clientes estándar de bajo valor,152,2,830.98,48,415.49,265.2063829787234,24.0,94.0,0,0.0
12718,0,Clientes estándar de bajo valor,72,1,202.25,18,202.25,202.25,18.0,0.0,0,0.0
12719,2,Clientes activos de valor medio,6,2,572.95,33,286.475,286.475,16.5,60.0,0,0.5405405405405406
12721,3,Clientes de alto valor,32,6,2386.13,132,397.68833333333333,221.6219814241486,22.0,64.6,0,0.0
12722,0,Clientes estándar de bajo valor,86,4,979.63,49,244.9075,452.1369230769231,12.25,21.666666666666668,0,0.038461538461538464
12723,0,Clientes estándar de bajo valor,4,5,707.07,52,141.41400000000002,342.1306451612903,10.4,15.5,0,0.0
12724,2,Clientes activos de valor medio,6,4,923.41,46,230.8525,84.71651376146788,11.5,109.0,0,0.2653061224489796
12725,0,Clientes estándar de bajo valor,372,1,371.8,23,371.8,371.8,23.0,0.0,0,0.0
12726,3,Clientes de alto valor,29,7,2411.1,56,344.4428571428571,219.85714285714283,8.0,54.833333333333336,0,0.11965811965811966
12727,3,Clientes de alto valor,11,7,3440.7000000000003,108,491.52857142857147,332.9709677419355,15.428571428571429,51.666666666666664,0,0.2196969696969697
12728,0,Clientes estándar de bajo valor,72,4,728.33,37,182.0825,83.716091954023,9.25,87.0,0,0.16666666666666666
12729,0,Clientes estándar de bajo valor,114,1,417.01,25,417.01,417.01,25.0,0.0,0,0.0
12732,0,Clientes estándar de bajo valor,180,1,218.26000000000002,11,218.26000000000002,218.26000000000002,11.0,0.0,0,0.0
12733,0,Clientes estándar de bajo valor,235,1,383.95,22,383.95,383.95,22.0,0.0,0,0.0
12734,0,Clientes estándar de bajo valor,353,1,110.39999999999999,4,110.39999999999999,110.39999999999999,4.0,0.0,0,0.0
12735,0,Clientes estándar de bajo valor,316,2,689.5699999999999,37,344.78499999999997,689.5699999999999,18.5,22.0,0,0.0
12736,0,Clientes estándar de bajo valor,333,1,144.0,3,144.0,144.0,3.0,0.0,0,0.0
12738,0,Clientes estándar de bajo valor,373,1,137.35,10,137.35,137.35,10.0,0.0,0,0.0
12739,0,Clientes estándar de bajo valor,100,1,975.54,37,975.54,975.54,37.0,0.0,0,0.0
12740,0,Clientes estándar de bajo valor,64,1,427.6,27,427.6,427.6,27.0,0.0,0,0.0
12743,0,Clientes estándar de bajo valor,135,2,540.13,114,270.065,540.13,57.0,0.0,0,0.0
12747,3,Clientes de alto valor,3,11,4196.01,42,381.4554545454546,342.9980926430518,3.8181818181818183,36.7,1,0.06796116504854369
12749,3,Clientes de alto valor,4,5,4040.88,159,808.176,577.2685714285715,31.8,52.5,1,0.0
12750,0,Clientes estándar de bajo valor,129,1,275.88,15,275.88,275.88,15.0,0.0,0,0.0
12756,0,Clientes estándar de bajo valor,87,1,112.08,4,112.08,112.08,4.0,0.0,0,0.0
12757,3,Clientes de alto valor,16,9,4176.75,235,464.0833333333333,639.2984693877551,26.11111111111111,24.5,0,0.0
12759,0,Clientes estándar de bajo valor,53,3,1411.44,80,470.48,189.8798206278027,26.666666666666668,111.5,0,0.0
12762,3,Clientes de alto valor,8,2,1702.52,61,851.26,1702.52,30.5,18.0,0,0.0
12769,0,Clientes estándar de bajo valor,239,1,1143.6,32,1143.6,1143.6,32.0,0.0,0,0.0
12772,0,Clientes estándar de bajo valor,60,1,752.47,54,752.47,752.47,54.0,0.0,0,0.0
12775,0,Clientes estándar de bajo valor,18,5,1281.04,46,256.20799999999997,130.71836734693875,9.2,73.5,0,0.0
12778,0,Clientes estándar de bajo valor,20,6,693.23,39,115.53833333333334,70.97918088737201,6.5,58.6,0,0.1590909090909091
12779,3,Clientes de alto valor,38,8,3981.36,88,497.67,357.6071856287425,11.0,47.714285714285715,0,0.0
12781,0,Clientes estándar de bajo valor,64,2,786.74,24,393.37,106.7972850678733,12.0,221.0,0,0.0
12782,0,Clientes estándar de bajo valor,5,5,1938.92,80,387.784,164.78073654390934,16.0,88.25,0,0.0
12783,2,Clientes activos de valor medio,3,4,1295.8700000000001,74,323.96750000000003,532.5493150684932,18.5,24.333333333333332,0,0.21794871794871795
12784,0,Clientes estándar de bajo valor,16,1,476.82,53,476.82,476.82,53.0,0.0,0,0.0
12785,0,Clientes estándar de bajo valor,365,1,255.95,13,255.95,255.95,13.0,0.0,0,0.0
12787,0,Clientes estándar de bajo valor,10,3,418.66,16,139.55333333333334,68.6327868852459,5.333333333333333,91.5,0,0.0
12789,0,Clientes estándar de bajo valor,66,1,76.85,3,76.85,76.85,3.0,0.0,0,0.0
12790,0,Clientes estándar de bajo valor,193,1,294.92,20,294.92,294.92,20.0,0.0,0,0.0
12791,0,Clientes estándar de bajo valor,374,1,177.60000000000002,1,177.60000000000002,177.60000000000002,1.0,0.0,0,0.0
12792,0,Clientes estándar de bajo valor,257,1,344.54,24,344.54,344.54,24.0,0.0,0,0.0
12793,1,Clientes de compra en fin de semana,335,2,461.48,20,230.74,374.17297297297296,10.0,37.0,0,0.7272727272727273
12794,0,Clientes estándar de bajo valor,54,2,860.41,43,430.205,573.6066666666667,21.5,45.0,0,0.0
12795,0,Clientes estándar de bajo valor,19,1,318.48,13,318.48,318.48,13.0,0.0,0,0.0
12797,0,Clientes estándar de bajo valor,366,1,226.03,12,226.03,226.03,12.0,0.0,0,0.0
12802,0,Clientes estándar de bajo valor,187,1,397.58,24,397.58,397.58,24.0,0.0,0,0.0
12808,0,Clientes estándar de bajo valor,37,3,455.65000000000003,26,151.88333333333335,41.17319277108434,8.666666666666666,166.0,0,0.0
12809,0,Clientes estándar de bajo valor,178,1,405.31,24,405.31,405.31,24.0,0.0,0,0.0
12811,0,Clientes estándar de bajo valor,262,2,458.85,26,229.425,458.85,13.0,23.0,0,0.0
12812,0,Clientes estándar de bajo valor,45,1,229.64000000000001,15,229.64000000000001,229.64000000000001,15.0,0.0,0,0.0
12814,0,Clientes estándar de bajo valor,102,1,85.92,1,85.92,85.92,1.0,0.0,0,0.0
12815,0,Clientes estándar de bajo valor,148,2,863.46,37,431.73,507.91764705882355,18.5,51.0,0,0.0
12816,0,Clientes estándar de bajo valor,96,2,452.2,26,226.1,167.48148148148147,13.0,81.0,0,0.0
12817,0,Clientes estándar de bajo valor,282,1,126.04,3,126.04,126.04,3.0,0.0,0,0.0
12820,0,Clientes estándar de bajo valor,4,4,942.34,55,235.585,87.52383900928793,13.75,107.66666666666667,1,0.0
12821,0,Clientes estándar de bajo valor,215,1,92.72,6,92.72,92.72,6.0,0.0,1,0.0
12822,0,Clientes estándar de bajo valor,71,2,948.88,41,474.44,948.88,20.5,17.0,1,0.0
12823,0,Clientes estándar de bajo valor,75,5,1759.5,1,351.9,237.77027027027026,0.2,55.5,1,0.0
12824,0,Clientes estándar de bajo valor,60,1,397.12,25,397.12,397.12,25.0,0.0,1,0.0
12826,0,Clientes estándar de bajo valor,3,7,1474.72,58,210.67428571428573,121.87768595041322,8.285714285714286,60.5,1,0.0
12827,0,Clientes estándar de bajo valor,6,3,430.15,19,143.38333333333333,330.88461538461536,6.333333333333333,19.5,1,0.2
12828,0,Clientes estándar de bajo valor,3,6,1018.71,46,169.785,238.76015625000002,7.666666666666667,25.6,1,0.0
12829,0,Clientes estándar de bajo valor,337,2,293.0,9,146.5,293.0,4.5,24.0,1,0.0
12830,3,Clientes de alto valor,38,6,6814.64,13,1135.7733333333333,1525.665671641791,2.1666666666666665,26.8,1,0.0
12831,0,Clientes estándar de bajo valor,263,1,215.05,9,215.05,215.05,9.0,0.0,1,0.0
12832,0,Clientes estándar de bajo valor,33,2,383.03000000000003,27,191.51500000000001,174.10454545454544,13.5,66.0,1,0.0
12833,1,Clientes de compra en fin de semana,146,1,417.38,24,417.38,417.38,24.0,0.0,1,1.0
12834,0,Clientes estándar de bajo valor,283,1,312.38,18,312.38,312.38,18.0,0.0,1,0.0
12836,3,Clientes de alto valor,60,4,2610.36,148,652.59,310.75714285714287,37.0,84.0,1,0.0
12837,1,Clientes de compra en fin de semana,174,1,134.1,12,134.1,134.1,12.0,0.0,1,1.0
12838,2,Clientes activos de valor medio,34,2,671.95,115,335.975,59.28970588235294,57.5,340.0,1,0.5083333333333333
12839,3,Clientes de alto valor,3,14,5591.42,95,399.38714285714286,459.5687671232877,6.785714285714286,28.076923076923077,1,0.0
12840,3,Clientes de alto valor,144,4,2726.77,67,681.6925,985.5795180722891,16.75,27.666666666666668,1,0.0
12841,3,Clientes de alto valor,5,25,3991.58,229,159.6632,326.28719346049047,9.16,15.291666666666666,1,0.3188405797101449
12842,0,Clientes estándar de bajo valor,71,2,1118.99,34,559.495,141.04915966386554,17.0,238.0,1,0.0
12843,0,Clientes estándar de bajo valor,66,8,1702.26,69,212.7825,256.6221105527638,8.625,28.428571428571427,1,0.1553398058252427
12844,0,Clientes estándar de bajo valor,30,2,325.96000000000004,47,162.98000000000002,96.81980198019804,23.5,101.0,1,0.0
12845,0,Clientes estándar de bajo valor,268,4,354.09000000000003,26,88.52250000000001,354.09000000000003,6.5,7.666666666666667,1,0.0
12847,0,Clientes estándar de bajo valor,23,1,843.64,72,843.64,843.64,72.0,0.0,1,0.0
12849,0,Clientes estándar de bajo valor,32,2,992.65,46,496.325,125.65189873417721,23.0,237.0,1,0.0
12851,1,Clientes de compra en fin de semana,97,1,131.81,43,131.81,131.81,43.0,0.0,1,1.0
12852,0,Clientes estándar de bajo valor,295,1,311.55,17,311.55,311.55,17.0,0.0,1,0.0
12853,0,Clientes estándar de bajo valor,135,6,1957.1000000000001,66,326.18333333333334,324.38121546961327,11.0,36.2,1,0.0
12854,0,Clientes estándar de bajo valor,79,3,1316.25,95,438.75,164.53125,31.666666666666668,120.0,1,0.0
12855,0,Clientes estándar de bajo valor,373,1,38.1,3,38.1,38.1,3.0,0.0,1,0.0
12856,3,Clientes de alto valor,8,6,2170.78,155,361.7966666666667,1162.9178571428572,25.833333333333332,11.2,1,0.0
12857,0,Clientes estándar de bajo valor,211,2,1106.4,37,553.2,360.7826086956522,18.5,92.0,1,0.0
12863,0,Clientes estándar de bajo valor,53,1,521.2,5,521.2,521.2,5.0,0.0,1,0.0
12864,1,Clientes de compra en fin de semana,139,1,147.12,3,147.12,147.12,3.0,0.0,1,1.0
12865,2,Clientes activos de valor medio,27,2,1568.23,86,784.115,485.01958762886596,43.0,97.0,0,0.3894736842105263
12866,0,Clientes estándar de bajo valor,284,1,499.12,25,499.12,499.12,25.0,0.0,0,0.0
12867,2,Clientes activos de valor medio,27,7,4009.34,240,572.7628571428571,360.1203592814372,34.285714285714285,55.666666666666664,1,0.36142322097378277
12868,0,Clientes estándar de bajo valor,186,6,1607.0600000000002,72,267.84333333333336,256.4457446808511,12.0,37.6,1,0.0
12871,0,Clientes estándar de bajo valor,85,2,380.64,8,190.32,92.8390243902439,4.0,123.0,1,0.0
12872,0,Clientes estándar de bajo valor,327,2,599.97,58,299.985,461.5153846153846,29.0,39.0,1,0.0
12873,0,Clientes estándar de bajo valor,283,1,374.0,4,374.0,374.0,4.0,0.0,1,0.0
12875,2,Clientes activos de valor medio,144,2,343.2300000000001,1,171.61500000000004,47.01780821917809,0.5,219.0,1,0.5
12876,0,Clientes estándar de bajo valor,58,2,2053.02,66,1026.51,443.09784172661864,33.0,139.0,0,0.0
12877,3,Clientes de alto valor,4,12,1535.77,100,127.98083333333334,129.78338028169014,8.333333333333334,32.27272727272727,1,0.11688311688311688
12878,2,Clientes activos de valor medio,237,2,854.99,38,427.495,854.99,19.0,30.0,1,0.5957446808510638
12879,0,Clientes estándar de bajo valor,45,3,573.22,7,191.07333333333335,365.88510638297873,2.3333333333333335,23.5,1,0.0
12881,0,Clientes estándar de bajo valor,276,1,298.0,7,298.0,298.0,7.0,0.0,1,0.0
12882,2,Clientes activos de valor medio,10,2,1463.04,12,731.52,1463.04,6.0,24.0,1,0.38461538461538464
12883,2,Clientes activos de valor medio,25,4,703.47,39,175.8675,324.6784615384616,9.75,21.666666666666668,1,0.4523809523809524
12884,0,Clientes estándar de bajo valor,89,1,309.05,7,309.05,309.05,7.0,0.0,1,0.0
12885,0,Clientes estándar de bajo valor,64,3,1175.22,66,391.74,587.61,22.0,30.0,1,0.0
12886,0,Clientes estándar de bajo valor,68,2,1378.4,75,689.2,272.0526315789474,37.5,152.0,1,0.0
12888,0,Clientes estándar de bajo valor,215,2,354.12,4,177.06,259.11219512195123,2.0,41.0,1,0.0
12890,0,Clientes estándar de bajo valor,25,1,376.71999999999997,78,376.71999999999997,376.71999999999997,78.0,0.0,1,0.0
12891,2,Clientes activos de valor medio,186,3,331.0,2,110.33333333333333,92.80373831775701,0.6666666666666666,53.5,1,0.3333333333333333
12893,0,Clientes estándar de bajo valor,31,1,176.55,27,176.55,176.55,27.0,0.0,1,0.0
12895,0,Clientes estándar de bajo valor,43,2,372.8,22,186.4,254.18181818181822,11.0,44.0,1,0.0
12897,0,Clientes estándar de bajo valor,205,2,216.5,3,108.25,66.95876288659794,1.5,97.0,1,0.0
12902,1,Clientes de compra en fin de semana,265,1,138.68,10,138.68,138.68,10.0,0.0,1,1.0
12904,0,Clientes estándar de bajo valor,19,2,496.06,59,248.03,96.63506493506493,29.5,154.0,1,0.0
12906,3,Clientes de alto valor,12,5,2919.81,55,583.962,1307.3776119402985,11.0,16.75,1,0.0
12908,0,Clientes estándar de bajo valor,177,2,750.0,1,375.0,165.44117647058823,0.5,136.0,1,0.0
12909,2,Clientes activos de valor medio,40,5,2178.67,78,435.73400000000004,305.42102803738317,15.6,53.5,1,0.24175824175824176
12910,3,Clientes de alto valor,24,8,3075.04,48,384.38,423.1706422018349,6.0,31.142857142857142,1,0.0
12912,2,Clientes activos de valor medio,3,5,1662.3,17,332.46,1312.342105263158,3.4,9.5,1,0.2916666666666667
12913,0,Clientes estándar de bajo valor,5,5,2483.63,37,496.726,204.69478021978023,7.4,91.0,1,0.0
12915,0,Clientes estándar de bajo valor,149,2,363.65,19,181.825,48.70312499999999,9.5,224.0,1,0.0
12916,1,Clientes de compra en fin de semana,139,4,2944.95,53,736.2375,485.43131868131866,13.25,60.666666666666664,1,1.0
12917,0,Clientes estándar de bajo valor,129,1,594.0,2,594.0,594.0,2.0,0.0,1,0.0
12919,0,Clientes estándar de bajo valor,9,6,1335.19,34,222.53166666666667,248.79316770186338,5.666666666666667,32.2,1,0.0
12920,0,Clientes estándar de bajo valor,18,1,162.78,27,162.78,162.78,27.0,0.0,1,0.0
12922,0,Clientes estándar de bajo valor,162,1,405.38,28,405.38,405.38,28.0,0.0,1,0.0
12923,0,Clientes estándar de bajo valor,65,1,171.57,27,171.57,171.57,27.0,0.0,1,0.0
12924,0,Clientes estándar de bajo valor,89,4,925.75,21,231.4375,116.20292887029288,5.25,79.66666666666667,1,0.06896551724137931
12925,0,Clientes estándar de bajo valor,5,2,694.05,42,347.025,297.45,21.0,70.0,1,0.0
12928,0,Clientes estándar de bajo valor,36,5,2062.7,59,412.53999999999996,190.9907407407407,11.8,81.0,1,0.0
12929,0,Clientes estándar de bajo valor,312,1,117.85,8,117.85,117.85,8.0,0.0,1,0.0
12930,0,Clientes estándar de bajo valor,79,2,415.8,20,207.9,134.1290322580645,10.0,93.0,1,0.0
12933,0,Clientes estándar de bajo valor,25,3,607.53,102,202.51,70.37027027027027,34.0,129.5,1,0.0
12935,3,Clientes de alto valor,3,7,2160.7,80,308.6714285714285,204.4826498422713,11.428571428571429,52.833333333333336,1,0.13953488372093023
12936,0,Clientes estándar de bajo valor,18,4,1063.9,56,265.975,523.2295081967214,14.0,20.333333333333332,1,0.0
12937,0,Clientes estándar de bajo valor,16,4,1504.27,81,376.0675,179.07976190476188,20.25,84.0,1,0.0
12938,0,Clientes estándar de bajo valor,26,1,114.14,9,114.14,114.14,9.0,0.0,1,0.0
12940,1,Clientes de compra en fin de semana,55,2,899.69,87,449.845,817.9,43.5,33.0,1,0.8020833333333334
12942,2,Clientes activos de valor medio,132,3,675.6,68,225.20000000000002,86.61538461538461,22.666666666666668,117.0,1,0.6571428571428571
12944,0,Clientes estándar de bajo valor,36,2,604.51,29,302.255,56.850470219435735,14.5,319.0,1,0.0
12945,0,Clientes estándar de bajo valor,289,1,462.95,23,462.95,462.95,23.0,0.0,1,0.0
12947,0,Clientes estándar de bajo valor,144,6,1603.99,83,267.33166666666665,209.21608695652174,13.833333333333334,46.0,1,0.0
12948,2,Clientes activos de valor medio,17,7,2064.95,82,294.99285714285713,249.79233870967738,11.714285714285714,41.333333333333336,1,0.21551724137931033
12949,3,Clientes de alto valor,31,8,4167.22,166,520.9025,563.1378378378379,20.75,31.714285714285715,1,0.0
12950,3,Clientes de alto valor,3,3,1843.0,13,614.3333333333334,1843.0,4.333333333333333,11.0,1,0.0
12951,0,Clientes estándar de bajo valor,9,6,1064.07,53,177.345,99.13695652173914,8.833333333333334,64.4,1,0.1111111111111111
12952,2,Clientes activos de valor medio,6,4,1387.79,64,346.9475,570.3246575342466,16.0,24.333333333333332,1,0.22784810126582278
12953,0,Clientes estándar de bajo valor,10,1,329.85,17,329.85,329.85,17.0,0.0,1,0.0
12955,3,Clientes de alto valor,2,11,4757.16,81,432.4690909090909,536.5218045112781,7.363636363636363,26.6,1,0.0
12956,1,Clientes de compra en fin de semana,307,1,108.07,19,108.07,108.07,19.0,0.0,1,1.0
12957,3,Clientes de alto valor,10,8,4017.54,208,502.1925,365.2309090909091,26.0,47.142857142857146,1,0.0
12962,0,Clientes estándar de bajo valor,8,2,266.39,15,133.195,75.39339622641509,7.5,106.0,1,0.0
12963,0,Clientes estándar de bajo valor,9,8,1856.63,75,232.07875,156.01932773109243,9.375,51.0,1,0.0
12966,0,Clientes estándar de bajo valor,10,1,160.18,10,160.18,160.18,10.0,0.0,1,0.0
12967,0,Clientes estándar de bajo valor,359,2,1660.9,19,830.45,1660.9,9.5,13.0,1,0.0
12968,0,Clientes estándar de bajo valor,113,1,135.95,5,135.95,135.95,5.0,0.0,1,0.0
12970,0,Clientes estándar de bajo valor,8,4,405.47,116,101.3675,38.61619047619048,29.0,105.0,1,0.0
12974,0,Clientes estándar de bajo valor,198,1,144.8,8,144.8,144.8,8.0,0.0,1,0.0
12976,0,Clientes estándar de bajo valor,212,1,738.6,22,738.6,738.6,22.0,0.0,1,0.0
12977,0,Clientes estándar de bajo valor,157,1,39.239999999999995,9,39.239999999999995,39.239999999999995,9.0,0.0,1,0.0
12980,3,Clientes de alto valor,158,9,7374.900000000001,6,819.4333333333334,1100.7313432835822,0.6666666666666666,25.125,1,0.15
12981,0,Clientes estándar de bajo valor,30,2,372.21999999999997,12,186.10999999999999,107.37115384615383,6.0,104.0,1,0.0
12982,0,Clientes estándar de bajo valor,243,1,390.54,28,390.54,390.54,28.0,0.0,1,0.0
12984,0,Clientes estándar de bajo valor,19,1,97.5,4,97.5,97.5,4.0,0.0,1,0.0
12985,0,Clientes estándar de bajo valor,1,2,1239.38,73,619.69,1239.38,36.5,28.0,1,0.0
12987,0,Clientes estándar de bajo valor,74,2,558.7,27,279.35,135.16935483870967,13.5,124.0,1,0.0
12989,3,Clientes de alto valor,4,15,6924.11,41,461.6073333333333,575.4108033240997,2.7333333333333334,25.785714285714285,1,0.015625
12990,0,Clientes estándar de bajo valor,32,3,409.5,8,136.5,44.03225806451613,2.6666666666666665,139.5,1,0.0
12991,0,Clientes estándar de bajo valor,24,2,503.76,31,251.88,169.8067415730337,15.5,89.0,1,0.0
12993,0,Clientes estándar de bajo valor,24,4,414.76,26,103.69,45.246545454545455,6.5,91.66666666666667,1,0.0
12994,0,Clientes estándar de bajo valor,5,3,974.42,52,324.8066666666667,110.72954545454544,17.333333333333332,132.0,1,0.0
12995,0,Clientes estándar de bajo valor,86,1,211.32,3,211.32,211.32,3.0,0.0,1,0.0
12997,2,Clientes activos de valor medio,23,4,1226.89,45,306.7225,124.76847457627119,11.25,98.33333333333333,1,0.3050847457627119
12999,0,Clientes estándar de bajo valor,197,3,455.88,25,151.96,279.1102040816327,8.333333333333334,24.5,1,0.0
13000,0,Clientes estándar de bajo valor,107,3,534.85,30,178.28333333333333,62.191860465116285,10.0,129.0,1,0.0
13001,3,Clientes de alto valor,5,13,9785.970000000001,166,752.7669230769231,911.7363354037269,12.76923076923077,26.833333333333332,1,0.032640949554896145
13002,0,Clientes estándar de bajo valor,319,1,120.95,7,120.95,120.95,7.0,0.0,1,0.0
13003,0,Clientes estándar de bajo valor,106,3,149.05,4,49.68333333333334,41.022935779816514,1.3333333333333333,54.5,1,0.0
13004,3,Clientes de alto valor,12,18,5655.91,277,314.21722222222223,490.39682080924854,15.38888888888889,20.352941176470587,1,0.04702970297029703
13005,2,Clientes activos de valor medio,174,2,513.7,21,256.85,211.10958904109592,10.5,73.0,1,0.3076923076923077
13006,0,Clientes estándar de bajo valor,57,1,81.57,4,81.57,81.57,4.0,0.0,1,0.0
13008,0,Clientes estándar de bajo valor,324,1,229.47,14,229.47,229.47,14.0,0.0,1,0.0
13011,0,Clientes estándar de bajo valor,373,1,50.550000000000004,3,50.550000000000004,50.550000000000004,3.0,0.0,1,0.0
13012,0,Clientes estándar de bajo valor,10,8,1646.8400000000001,67,205.85500000000002,173.35157894736844,8.375,40.714285714285715,1,0.0
13013,3,Clientes de alto valor,2,13,4810.9400000000005,155,370.07230769230773,390.07621621621627,11.923076923076923,30.833333333333332,1,0.0
13014,3,Clientes de alto valor,11,10,3466.28,67,346.62800000000004,383.7210332103321,6.7,30.11111111111111,1,0.0
13015,3,Clientes de alto valor,54,5,3339.64,156,667.928,511.16938775510204,31.2,49.0,1,0.0
13016,0,Clientes estándar de bajo valor,74,3,789.89,39,263.2966666666667,473.93399999999997,13.0,25.0,1,0.0
13017,0,Clientes estándar de bajo valor,8,1,204.0,1,204.0,204.0,1.0,0.0,1,0.0
13021,2,Clientes activos de valor medio,5,9,2616.38,101,290.7088888888889,221.7271186440678,11.222222222222221,44.25,1,0.26717557251908397
13023,0,Clientes estándar de bajo valor,65,2,599.9,35,299.95,276.8769230769231,17.5,65.0,1,0.0
13026,0,Clientes estándar de bajo valor,2,5,975.36,32,195.072,106.79124087591242,6.4,68.5,1,0.0
13027,3,Clientes de alto valor,114,6,6912.0,6,1152.0,860.4149377593361,1.0,48.2,1,0.0
13028,0,Clientes estándar de bajo valor,23,2,661.3199999999999,40,330.65999999999997,661.3199999999999,20.0,23.0,1,0.0
13029,2,Clientes activos de valor medio,31,3,1247.5,8,415.8333333333333,115.86687306501547,2.6666666666666665,161.5,1,0.6
13030,0,Clientes estándar de bajo valor,12,2,752.44,76,376.22,63.23025210084034,38.0,357.0,1,0.0
13032,0,Clientes estándar de bajo valor,53,2,1010.1800000000001,55,505.09000000000003,865.8685714285714,27.5,35.0,1,0.0
13033,0,Clientes estándar de bajo valor,358,1,190.55,11,190.55,190.55,11.0,0.0,1,0.0
13034,1,Clientes de compra en fin de semana,55,2,642.77,37,321.385,61.21619047619048,18.5,315.0,1,1.0
13035,0,Clientes estándar de bajo valor,74,2,921.88,23,460.94,147.8951871657754,11.5,187.0,1,0.0
13037,2,Clientes activos de valor medio,139,3,881.07,44,293.69,224.00084745762715,14.666666666666666,59.0,1,0.3125
13038,0,Clientes estándar de bajo valor,81,3,908.46,24,302.82,129.78,8.0,105.0,1,0.0
13040,2,Clientes activos de valor medio,9,2,676.99,38,338.495,676.99,19.0,25.0,1,0.4883720930232558
13043,0,Clientes estándar de bajo valor,274,1,516.42,13,516.42,516.42,13.0,0.0,1,0.0
13044,0,Clientes estándar de bajo valor,292,1,560.47,33,560.47,560.47,33.0,0.0,1,0.0
13045,0,Clientes estándar de bajo valor,100,1,305.28000000000003,18,305.28000000000003,305.28000000000003,18.0,0.0,1,0.0
13046,0,Clientes estándar de bajo valor,31,2,629.31,33,314.655,79.99703389830508,16.5,236.0,1,0.0
13047,3,Clientes de alto valor,57,9,3232.59,105,359.1766666666667,305.9233438485805,11.666666666666666,39.625,1,0.1871345029239766
13048,2,Clientes activos de valor medio,15,4,1819.41,77,454.8525,174.38434504792332,19.25,104.33333333333333,1,0.2962962962962963
13049,0,Clientes estándar de bajo valor,65,2,656.6800000000001,14,328.34000000000003,77.56062992125985,7.0,254.0,1,0.0
13050,3,Clientes de alto valor,15,17,5833.11,245,343.1241176470588,497.14005681818185,14.411764705882353,22.0,1,0.04228855721393035
13052,0,Clientes estándar de bajo valor,213,1,348.15000000000003,18,348.15000000000003,348.15000000000003,18.0,0.0,1,0.0
13055,0,Clientes estándar de bajo valor,79,3,1214.41,74,404.80333333333334,269.86888888888893,24.666666666666668,67.5,1,0.0
13058,0,Clientes estándar de bajo valor,25,3,271.40000000000003,5,90.46666666666668,64.11023622047244,1.6666666666666667,63.5,1,0.0
13059,0,Clientes estándar de bajo valor,250,1,183.4,8,183.4,183.4,8.0,0.0,1,0.0
13060,0,Clientes estándar de bajo valor,254,1,307.53000000000003,15,307.53000000000003,307.53000000000003,15.0,0.0,1,0.0
13061,0,Clientes estándar de bajo valor,73,1,248.61,10,248.61,248.61,10.0,0.0,1,0.0
13062,0,Clientes estándar de bajo valor,192,1,346.98,11,346.98,346.98,11.0,0.0,1,0.0
13064,1,Clientes de compra en fin de semana,13,4,1105.59,51,276.3975,105.2942857142857,12.75,105.0,1,0.8235294117647058
13065,0,Clientes estándar de bajo valor,374,1,205.86,14,205.86,205.86,14.0,0.0,1,0.0
13066,0,Clientes estándar de bajo valor,25,2,430.90000000000003,47,215.45000000000002,430.90000000000003,23.5,8.0,1,0.0
13067,1,Clientes de compra en fin de semana,83,1,115.46000000000001,14,115.46000000000001,115.46000000000001,14.0,0.0,1,1.0
13068,0,Clientes estándar de bajo valor,11,2,344.0,1,172.0,33.398058252427184,0.5,309.0,1,0.0
13069,3,Clientes de alto valor,1,23,4101.1,280,178.30869565217392,333.4227642276423,12.173913043478262,16.772727272727273,1,0.2853598014888337
13070,0,Clientes estándar de bajo valor,193,1,228.8,9,228.8,228.8,9.0,0.0,1,0.0
13072,0,Clientes estándar de bajo valor,267,1,177.15,7,177.15,177.15,7.0,0.0,1,0.0
13075,0,Clientes estándar de bajo valor,130,1,919.61,22,919.61,919.61,22.0,0.0,1,0.0
13077,0,Clientes estándar de bajo valor,2,4,728.02,99,182.005,59.8372602739726,24.75,121.66666666666667,1,0.0
13078,3,Clientes de alto valor,4,26,12627.94,95,485.69,1043.6314049586776,3.6538461538461537,14.52,1,0.07541899441340782
13079,2,Clientes activos de valor medio,5,5,220.10000000000002,2,44.02,48.5514705882353,0.4,34.0,1,0.3333333333333333
13080,0,Clientes estándar de bajo valor,180,1,58.08,6,58.08,58.08,6.0,0.0,1,0.0
13082,3,Clientes de alto valor,127,9,3613.63,63,401.51444444444445,511.36273584905666,7.0,26.5,1,0.0
13083,1,Clientes de compra en fin de semana,5,2,303.75,15,151.875,128.3450704225352,7.5,71.0,1,0.7777777777777778
13085,0,Clientes estándar de bajo valor,158,2,416.08,17,208.04,90.45217391304348,8.5,138.0,1,0.0
13090,3,Clientes de alto valor,9,13,8895.82,97,684.2938461538462,733.171978021978,7.461538461538462,30.333333333333332,1,0.07142857142857142
13091,0,Clientes estándar de bajo valor,29,1,345.82,21,345.82,345.82,21.0,0.0,1,0.0
13092,0,Clientes estándar de bajo valor,71,5,477.83,19,95.566,49.601730103806226,3.8,72.25,1,0.0
13094,3,Clientes de alto valor,22,12,1927.3200000000002,4,160.61,166.62708933717582,0.3333333333333333,31.545454545454547,1,0.125
13095,0,Clientes estándar de bajo valor,71,1,74.39999999999999,6,74.39999999999999,74.39999999999999,6.0,0.0,1,0.0
13097,3,Clientes de alto valor,33,10,6003.22,214,600.322,549.075,21.4,36.44444444444444,1,0.28741092636579574
13099,0,Clientes estándar de bajo valor,100,1,207.36,1,207.36,207.36,1.0,0.0,1,0.0
13101,0,Clientes estándar de bajo valor,235,1,101.19,8,101.19,101.19,8.0,0.0,1,0.0
13102,3,Clientes de alto valor,2,24,6424.09,140,267.67041666666665,529.4579670329671,5.833333333333333,15.826086956521738,1,0.125
13103,0,Clientes estándar de bajo valor,40,1,243.94,8,243.94,243.94,8.0,0.0,1,0.0
13104,0,Clientes estándar de bajo valor,4,6,1098.48,14,183.08,93.8871794871795,2.3333333333333335,70.2,1,0.0
13106,0,Clientes estándar de bajo valor,134,1,76.5,1,76.5,76.5,1.0,0.0,1,0.0
13107,0,Clientes estándar de bajo valor,45,4,1531.6200000000001,54,382.90500000000003,158.99169550173013,13.5,96.33333333333333,1,0.0
13108,0,Clientes estándar de bajo valor,373,1,350.06,10,350.06,350.06,10.0,0.0,1,0.0
13109,0,Clientes estándar de bajo valor,60,2,786.54,41,393.27,240.77755102040817,20.5,98.0,1,0.0
13110,2,Clientes activos de valor medio,32,7,1488.67,109,212.66714285714286,159.50035714285715,15.571428571428571,46.666666666666664,1,0.2206896551724138
13113,3,Clientes de alto valor,1,24,12245.960000000001,95,510.2483333333334,1003.7672131147542,3.9583333333333335,15.91304347826087,1,0.11
13115,0,Clientes estándar de bajo valor,12,4,2294.78,88,573.695,397.9387283236995,22.0,57.666666666666664,1,0.0
13116,1,Clientes de compra en fin de semana,139,1,501.14,30,501.14,501.14,30.0,0.0,1,1.0
13117,0,Clientes estándar de bajo valor,22,8,984.91,66,123.11375,84.18034188034189,8.25,50.142857142857146,1,0.0
13118,2,Clientes activos de valor medio,20,5,1138.41,67,227.68200000000002,126.96022304832715,13.4,67.25,1,0.5769230769230769
13120,0,Clientes estándar de bajo valor,239,1,30.6,1,30.6,30.6,1.0,0.0,1,0.0
13121,0,Clientes estándar de bajo valor,270,1,254.73,47,254.73,254.73,47.0,0.0,1,0.0
13122,0,Clientes estándar de bajo valor,95,2,922.39,54,461.195,189.53219178082193,27.0,146.0,1,0.0
13124,2,Clientes activos de valor medio,90,3,3756.33,185,1252.11,417.37,61.666666666666664,135.0,1,0.35585585585585583
13126,3,Clientes de alto valor,5,8,2099.64,124,262.455,174.00331491712706,15.5,51.714285714285715,1,0.0
13127,0,Clientes estándar de bajo valor,78,1,259.17,15,259.17,259.17,15.0,0.0,1,0.0
13130,0,Clientes estándar de bajo valor,95,1,64.0,2,64.0,64.0,2.0,0.0,1,0.0
13131,2,Clientes activos de valor medio,24,3,1073.3,30,357.76666666666665,196.33536585365852,10.0,82.0,1,0.3181818181818182
13132,0,Clientes estándar de bajo valor,262,1,77.3,3,77.3,77.3,3.0,0.0,1,0.0
13133,0,Clientes estándar de bajo valor,274,2,109.8,7,54.9,106.25806451612902,3.5,31.0,1,0.0
13134,0,Clientes estándar de bajo valor,86,4,1793.58,94,448.395,347.14451612903224,23.5,51.666666666666664,1,0.0
13136,3,Clientes de alto valor,57,5,2607.61,94,521.522,501.46346153846156,18.8,39.0,1,0.0
13137,2,Clientes activos de valor medio,11,8,3603.29,345,450.41125,362.7473154362416,43.125,42.57142857142857,1,0.39592430858806404
13138,0,Clientes estándar de bajo valor,23,6,962.39,31,160.39833333333334,82.49057142857143,5.166666666666667,70.0,1,0.0
13139,3,Clientes de alto valor,17,7,5064.9400000000005,132,723.5628571428572,625.3012345679014,18.857142857142858,40.5,1,0.17058823529411765
13140,0,Clientes estándar de bajo valor,109,3,422.47,40,140.82333333333335,49.12441860465117,13.333333333333334,129.0,1,0.0
13141,0,Clientes estándar de bajo valor,85,5,2388.75,113,477.75,310.22727272727275,22.6,57.75,1,0.0
13142,1,Clientes de compra en fin de semana,20,1,307.09000000000003,23,307.09000000000003,307.09000000000003,23.0,0.0,1,1.0
13144,0,Clientes estándar de bajo valor,333,1,110.95,3,110.95,110.95,3.0,0.0,1,0.0
13145,0,Clientes estándar de bajo valor,40,4,618.52,5,154.63,55.722522522522524,1.25,111.0,1,0.0
13146,1,Clientes de compra en fin de semana,27,1,228.91,16,228.91,228.91,16.0,0.0,1,1.0
13147,0,Clientes estándar de bajo valor,11,4,712.8,1,178.2,240.2696629213483,0.25,29.666666666666668,1,0.0
13148,2,Clientes activos de valor medio,30,12,3683.26,231,306.93833333333333,329.84417910447763,19.25,30.454545454545453,1,0.46153846153846156
13149,0,Clientes estándar de bajo valor,15,4,1676.06,76,419.015,182.8429090909091,19.0,91.66666666666667,1,0.0
13151,0,Clientes estándar de bajo valor,296,1,1257.8700000000001,73,1257.8700000000001,1257.8700000000001,73.0,0.0,1,0.0
13153,1,Clientes de compra en fin de semana,6,1,486.22,15,486.22,486.22,15.0,0.0,1,1.0
13155,0,Clientes estándar de bajo valor,34,4,971.76,67,242.94,87.02328358208956,16.75,111.66666666666667,1,0.07058823529411765
13157,0,Clientes estándar de bajo valor,50,4,1741.22,69,435.305,209.78554216867468,17.25,83.0,1,0.0
13158,0,Clientes estándar de bajo valor,95,4,1201.06,59,300.265,160.85625,14.75,74.66666666666667,1,0.0
13159,0,Clientes estándar de bajo valor,9,4,1429.35,114,357.3375,400.7523364485981,28.5,35.666666666666664,1,0.0
13160,0,Clientes estándar de bajo valor,23,1,91.8,4,91.8,91.8,4.0,0.0,1,0.0
13161,1,Clientes de compra en fin de semana,314,1,112.75,8,112.75,112.75,8.0,0.0,1,1.0
13162,2,Clientes activos de valor medio,123,4,1688.29,74,422.0725,238.90896226415094,18.5,70.66666666666667,1,0.46835443037974683
13165,0,Clientes estándar de bajo valor,47,2,1021.48,40,510.74,100.47344262295083,20.0,305.0,1,0.0
13166,0,Clientes estándar de bajo valor,284,1,417.2,39,417.2,417.2,39.0,0.0,1,0.0
13167,0,Clientes estándar de bajo valor,19,4,779.33,50,194.8325,187.0392,12.5,41.666666666666664,1,0.0
13168,2,Clientes activos de valor medio,37,4,1299.59,102,324.8975,138.2542553191489,25.5,94.0,1,0.18253968253968253
13169,0,Clientes estándar de bajo valor,64,2,712.88,11,356.44,113.15555555555555,5.5,189.0,1,0.0
13170,1,Clientes de compra en fin de semana,27,1,108.81,29,108.81,108.81,29.0,0.0,1,1.0
13171,2,Clientes activos de valor medio,22,3,468.41,37,156.13666666666668,50.54784172661871,12.333333333333334,139.0,1,0.5
13173,0,Clientes estándar de bajo valor,5,2,353.65000000000003,41,176.82500000000002,29.22727272727273,20.5,363.0,1,0.0
13176,0,Clientes estándar de bajo valor,47,1,481.49,66,481.49,481.49,66.0,0.0,1,0.0
13177,0,Clientes estándar de bajo valor,65,1,282.45,17,282.45,282.45,17.0,0.0,1,0.0
13178,3,Clientes de alto valor,27,11,5725.47,95,520.4972727272727,514.2637724550899,8.636363636363637,33.4,1,0.04150943396226415
13182,0,Clientes estándar de bajo valor,46,1,121.18,11,121.18,121.18,11.0,0.0,1,0.0
13183,2,Clientes activos de valor medio,8,9,3957.78,51,439.75333333333333,363.0990825688073,5.666666666666667,40.875,1,0.2978723404255319
13184,3,Clientes de alto valor,15,10,1637.95,137,163.79500000000002,178.03804347826087,13.7,30.666666666666668,1,0.0
13185,0,Clientes estándar de bajo valor,268,1,71.4,1,71.4,71.4,1.0,0.0,1,0.0
13186,0,Clientes estándar de bajo valor,40,3,1575.89,69,525.2966666666667,531.1988764044944,23.0,44.5,1,0.0
13187,0,Clientes estándar de bajo valor,338,1,236.02,37,236.02,236.02,37.0,0.0,1,0.0
13188,0,Clientes estándar de bajo valor,12,1,114.6,2,114.6,114.6,2.0,0.0,1,0.0
13189,0,Clientes estándar de bajo valor,19,2,260.68,29,130.34,80.62268041237114,14.5,97.0,1,0.0
13192,0,Clientes estándar de bajo valor,96,2,911.94,57,455.97,248.71090909090913,28.5,110.0,1,0.0
13193,1,Clientes de compra en fin de semana,62,1,112.08,22,112.08,112.08,22.0,0.0,1,1.0
13194,0,Clientes estándar de bajo valor,136,1,60.7,3,60.7,60.7,3.0,0.0,1,0.0
13196,0,Clientes estándar de bajo valor,12,4,1797.78,97,449.445,214.87410358565737,24.25,83.66666666666667,1,0.0
13198,3,Clientes de alto valor,11,6,3401.2400000000002,199,566.8733333333333,290.70427350427354,33.166666666666664,70.2,1,0.0
13199,3,Clientes de alto valor,4,37,9802.12,47,264.9221621621622,810.0925619834711,1.2702702702702702,10.083333333333334,1,0.00847457627118644
13200,0,Clientes estándar de bajo valor,20,4,870.09,42,217.5225,243.95046728971963,10.5,35.666666666666664,1,0.043478260869565216
13203,0,Clientes estándar de bajo valor,10,4,869.46,56,217.365,111.94763948497855,14.0,77.66666666666667,1,0.0
13207,0,Clientes estándar de bajo valor,16,2,250.26000000000002,7,125.13000000000001,55.61333333333334,3.5,135.0,1,0.0
13208,0,Clientes estándar de bajo valor,60,5,1193.17,123,238.63400000000001,143.1804,24.6,62.5,1,0.0
13209,3,Clientes de alto valor,31,8,5891.61,255,736.45125,533.9827794561934,31.875,47.285714285714285,1,0.0
13210,0,Clientes estándar de bajo valor,94,1,353.48,22,353.48,353.48,22.0,0.0,1,0.0
13211,0,Clientes estándar de bajo valor,11,3,1095.42,45,365.14000000000004,93.62564102564103,15.0,175.5,1,0.0
13212,1,Clientes de compra en fin de semana,20,3,786.83,128,262.2766666666667,562.0214285714286,42.666666666666664,21.0,1,1.0
13213,0,Clientes estándar de bajo valor,57,5,1520.58,82,304.116,319.0027972027972,16.4,35.75,1,0.0
13216,0,Clientes estándar de bajo valor,268,1,333.74,5,333.74,333.74,5.0,0.0,1,0.0
13217,2,Clientes activos de valor medio,123,3,533.98,3,177.99333333333334,471.1588235294118,1.0,17.0,1,0.5
13218,0,Clientes estándar de bajo valor,128,1,62.64,5,62.64,62.64,5.0,0.0,1,0.0
13220,0,Clientes estándar de bajo valor,79,4,819.2900000000001,18,204.82250000000002,155.56139240506332,4.5,52.666666666666664,1,0.047619047619047616
13221,0,Clientes estándar de bajo valor,241,2,844.86,61,422.43,212.98991596638655,30.5,119.0,1,0.0
13223,0,Clientes estándar de bajo valor,201,2,163.2,5,81.6,153.0,2.5,32.0,1,0.0
13224,0,Clientes estándar de bajo valor,61,2,2152.95,100,1076.475,709.7637362637362,50.0,91.0,1,0.0
13225,3,Clientes de alto valor,4,7,6463.84,23,923.4057142857143,541.6625698324023,3.2857142857142856,59.666666666666664,1,0.0
13226,0,Clientes estándar de bajo valor,274,1,108.21000000000001,16,108.21000000000001,108.21000000000001,16.0,0.0,1,0.0
13227,1,Clientes de compra en fin de semana,202,1,257.7,9,257.7,257.7,9.0,0.0,1,1.0
13228,0,Clientes estándar de bajo valor,82,1,358.0,2,358.0,358.0,2.0,0.0,1,0.0
13229,0,Clientes estándar de bajo valor,226,1,160.95,10,160.95,160.95,10.0,0.0,1,0.0
13230,3,Clientes de alto valor,5,14,2755.63,393,196.8307142857143,228.99972299168977,28.071428571428573,27.76923076923077,1,0.25383304940374785
13232,2,Clientes activos de valor medio,13,7,1327.75,146,189.67857142857142,172.43506493506493,20.857142857142858,38.5,1,0.6417910447761194
13233,0,Clientes estándar de bajo valor,75,2,605.12,43,302.56,69.28854961832062,21.5,262.0,1,0.0
13235,0,Clientes estándar de bajo valor,213,1,1031.07,53,1031.07,1031.07,53.0,0.0,1,0.0
13236,0,Clientes estándar de bajo valor,25,2,744.85,34,372.425,272.5060975609756,17.0,82.0,1,0.0
13238,0,Clientes estándar de bajo valor,18,4,700.73,20,175.1825,61.28833819241983,5.0,114.33333333333333,1,0.0
13239,0,Clientes estándar de bajo valor,262,1,329.56,21,329.56,329.56,21.0,0.0,1,0.0
13240,1,Clientes de compra en fin de semana,97,4,648.7,58,162.175,72.3457249070632,14.5,89.66666666666667,1,0.6818181818181818
13242,0,Clientes estándar de bajo valor,113,3,270.40000000000003,12,90.13333333333334,80.31683168316833,4.0,50.5,1,0.0
13243,0,Clientes estándar de bajo valor,204,1,585.12,56,585.12,585.12,56.0,0.0,1,0.0
13244,0,Clientes estándar de bajo valor,93,1,121.74000000000001,27,121.74000000000001,121.74000000000001,27.0,0.0,1,0.0
13245,0,Clientes estándar de bajo valor,51,1,430.5,16,430.5,430.5,16.0,0.0,1,0.0
13246,3,Clientes de alto valor,19,6,1961.52,110,326.92,188.6076923076923,18.333333333333332,62.4,1,0.16911764705882354
13247,2,Clientes activos de valor medio,18,4,501.12,18,125.28,231.28615384615387,4.5,21.666666666666668,1,0.56
13248,0,Clientes estándar de bajo valor,125,2,465.68,25,232.84,214.9292307692308,12.5,65.0,1,0.19230769230769232
13249,0,Clientes estándar de bajo valor,93,3,711.41,21,237.13666666666666,126.28579881656803,7.0,84.5,1,0.0
13253,0,Clientes estándar de bajo valor,157,2,1030.4,35,515.2,168.91803278688528,17.5,183.0,1,0.0
13255,0,Clientes estándar de bajo valor,10,2,399.51,13,199.755,32.92664835164835,6.5,364.0,1,0.0
13258,0,Clientes estándar de bajo valor,12,3,672.83,28,224.27666666666667,104.0458762886598,9.333333333333334,97.0,1,0.0
13259,1,Clientes de compra en fin de semana,62,1,283.18,77,283.18,283.18,77.0,0.0,1,1.0
13260,1,Clientes de compra en fin de semana,62,1,557.62,8,557.62,557.62,8.0,0.0,1,1.0
13261,1,Clientes de compra en fin de semana,269,2,944.1,8,472.05,944.1,4.0,17.0,1,0.8888888888888888
13262,0,Clientes estándar de bajo valor,264,1,200.29,11,200.29,200.29,11.0,0.0,1,0.0
13265,0,Clientes estándar de bajo valor,54,5,2092.66,66,418.532,285.3627272727273,13.2,55.0,1,0.0
13266,3,Clientes de alto valor,12,12,3834.2599999999998,82,319.52166666666665,469.5012244897959,6.833333333333333,22.272727272727273,1,0.09090909090909091
13267,3,Clientes de alto valor,3,19,4521.49,88,237.97315789473683,372.6502747252747,4.631578947368421,20.22222222222222,1,0.06635071090047394
13268,3,Clientes de alto valor,18,10,3152.71,256,315.271,378.3252,25.6,27.77777777777778,1,0.0
13269,3,Clientes de alto valor,2,15,5343.28,177,356.21866666666665,435.5934782608695,11.8,26.285714285714285,1,0.33650793650793653
13270,0,Clientes estándar de bajo valor,367,1,590.0,1,590.0,590.0,1.0,0.0,1,0.0
13271,0,Clientes estándar de bajo valor,38,1,192.77,75,192.77,192.77,75.0,0.0,1,0.0
13272,2,Clientes activos de valor medio,32,2,276.56,15,138.28,143.04827586206898,7.5,58.0,1,0.5333333333333333
13273,0,Clientes estándar de bajo valor,114,1,138.98,16,138.98,138.98,16.0,0.0,1,0.0
13276,0,Clientes estándar de bajo valor,64,2,590.9300000000001,30,295.46500000000003,492.4416666666667,15.0,36.0,1,0.0
13277,0,Clientes estándar de bajo valor,16,4,258.4,5,64.6,65.69491525423729,1.25,39.333333333333336,1,0.0
13278,1,Clientes de compra en fin de semana,41,1,542.73,46,542.73,542.73,46.0,0.0,1,1.0
13279,0,Clientes estándar de bajo valor,79,1,137.75,9,137.75,137.75,9.0,0.0,1,0.0
13280,0,Clientes estándar de bajo valor,123,3,798.46,67,266.15333333333336,111.41302325581395,22.333333333333332,107.5,1,0.0
13282,0,Clientes estándar de bajo valor,19,3,1132.14,29,377.38000000000005,168.13960396039604,9.666666666666666,101.0,1,0.0
13283,0,Clientes estándar de bajo valor,60,2,93.66,7,46.83,22.299999999999997,3.5,126.0,1,0.0
13284,0,Clientes estándar de bajo valor,331,1,201.19,13,201.19,201.19,13.0,0.0,1,0.0
13285,3,Clientes de alto valor,24,4,2709.12,157,677.28,304.3955056179775,39.25,89.0,1,0.0
13291,0,Clientes estándar de bajo valor,156,1,361.11,41,361.11,361.11,41.0,0.0,1,0.0
13292,0,Clientes estándar de bajo valor,39,2,578.94,29,289.47,70.60243902439025,14.5,246.0,1,0.0
13294,0,Clientes estándar de bajo valor,190,2,873.74,48,436.87,436.87,24.0,60.0,1,0.0
13295,0,Clientes estándar de bajo valor,360,1,201.20000000000002,10,201.20000000000002,201.20000000000002,10.0,0.0,1,0.0
13296,0,Clientes estándar de bajo valor,138,1,87.4,5,87.4,87.4,5.0,0.0,1,0.0
13297,0,Clientes estándar de bajo valor,8,4,2089.85,52,522.4625,1044.925,13.0,20.0,1,0.0
13298,0,Clientes estándar de bajo valor,2,1,360.0,2,360.0,360.0,2.0,0.0,1,0.0
13299,0,Clientes estándar de bajo valor,269,1,142.5,5,142.5,142.5,5.0,0.0,1,0.0
13300,0,Clientes estándar de bajo valor,170,1,371.89,20,371.89,371.89,20.0,0.0,1,0.0
13301,1,Clientes de compra en fin de semana,104,4,600.1899999999999,74,150.04749999999999,95.26825396825396,18.5,63.0,1,0.7125
13302,0,Clientes estándar de bajo valor,156,1,63.75,1,63.75,63.75,1.0,0.0,1,0.0
13304,0,Clientes estándar de bajo valor,352,1,300.42,21,300.42,300.42,21.0,0.0,1,0.0
13305,3,Clientes de alto valor,5,10,2000.86,50,200.08599999999998,163.11358695652171,5.0,40.888888888888886,1,0.1111111111111111
13307,0,Clientes estándar de bajo valor,121,1,15.0,1,15.0,15.0,1.0,0.0,1,0.0
13308,0,Clientes estándar de bajo valor,23,3,1385.51,49,461.83666666666664,229.6425414364641,16.333333333333332,90.5,1,0.0
13309,0,Clientes estándar de bajo valor,8,5,1456.79,82,291.358,145.19501661129567,16.4,75.25,1,0.0
13310,0,Clientes estándar de bajo valor,29,3,1132.03,65,377.3433333333333,114.73277027027027,21.666666666666668,148.0,1,0.0
13311,0,Clientes estándar de bajo valor,5,2,598.57,25,299.285,122.99383561643837,12.5,146.0,1,0.0
13313,0,Clientes estándar de bajo valor,23,5,1555.3200000000002,47,311.064,147.19116719242905,9.4,79.25,1,0.1794871794871795
13314,0,Clientes estándar de bajo valor,2,3,775.94,55,258.6466666666667,323.3083333333334,18.333333333333332,36.0,1,0.0
13316,2,Clientes activos de valor medio,38,4,5732.93,66,1433.2325,792.5709677419355,16.5,72.33333333333333,1,0.43023255813953487
13317,0,Clientes estándar de bajo valor,67,6,2273.68,100,378.94666666666666,233.5972602739726,16.666666666666668,58.4,1,0.0
13318,0,Clientes estándar de bajo valor,2,3,640.76,14,213.58666666666667,533.9666666666667,4.666666666666667,18.0,1,0.15
13320,0,Clientes estándar de bajo valor,79,4,1532.2,77,383.05,340.4888888888889,19.25,45.0,1,0.0
13321,0,Clientes estándar de bajo valor,73,2,567.36,10,283.68,567.36,5.0,14.0,1,0.0
13322,0,Clientes estándar de bajo valor,18,1,199.48000000000002,25,199.48000000000002,199.48000000000002,25.0,0.0,1,0.0
13323,0,Clientes estándar de bajo valor,4,5,787.85,6,157.57,291.7962962962963,1.2,20.25,1,0.0
13324,3,Clientes de alto valor,37,10,7121.95,25,712.1949999999999,659.4398148148148,2.5,36.0,1,0.36
13325,0,Clientes estándar de bajo valor,82,1,675.3,12,675.3,675.3,12.0,0.0,1,0.0
13327,3,Clientes de alto valor,39,8,3627.77,74,453.47125,332.8229357798165,9.25,46.714285714285715,1,0.0
13328,0,Clientes estándar de bajo valor,317,1,1308.48,17,1308.48,1308.48,17.0,0.0,1,0.0
13329,0,Clientes estándar de bajo valor,32,2,789.0,16,394.5,70.65671641791045,8.0,335.0,1,0.0
13330,0,Clientes estándar de bajo valor,93,3,1140.93,37,380.31,153.4883408071749,12.333333333333334,111.5,1,0.0
13332,0,Clientes estándar de bajo valor,15,1,350.90000000000003,21,350.90000000000003,350.90000000000003,21.0,0.0,1,0.0
13334,3,Clientes de alto valor,83,3,3502.32,207,1167.44,471.16412556053814,69.0,111.5,1,0.19622641509433963
13336,0,Clientes estándar de bajo valor,78,1,795.12,51,795.12,795.12,51.0,0.0,1,0.0
13338,0,Clientes estándar de bajo valor,158,1,437.02,18,437.02,437.02,18.0,0.0,1,0.0
13339,0,Clientes estándar de bajo valor,201,1,860.12,54,860.12,860.12,54.0,0.0,1,0.0
13341,0,Clientes estándar de bajo valor,261,1,775.85,42,775.85,775.85,42.0,0.0,1,0.0
13343,0,Clientes estándar de bajo valor,178,1,303.43,18,303.43,303.43,18.0,0.0,1,0.0
13344,0,Clientes estándar de bajo valor,68,3,2511.69,115,837.23,358.8128571428571,38.333333333333336,105.0,1,0.0
13345,0,Clientes estándar de bajo valor,288,1,339.5,19,339.5,339.5,19.0,0.0,1,0.0
13347,0,Clientes estándar de bajo valor,71,1,291.36,7,291.36,291.36,7.0,0.0,1,0.0
13348,0,Clientes estándar de bajo valor,65,1,233.76000000000002,14,233.76000000000002,233.76000000000002,14.0,0.0,1,0.0
13349,0,Clientes estándar de bajo valor,11,1,197.32,15,197.32,197.32,15.0,0.0,1,0.0
13350,0,Clientes estándar de bajo valor,17,2,879.12,35,439.56,418.62857142857143,17.5,63.0,1,0.0
13351,0,Clientes estándar de bajo valor,67,1,323.94,15,323.94,323.94,15.0,0.0,1,0.0
13352,0,Clientes estándar de bajo valor,61,1,347.98,23,347.98,347.98,23.0,0.0,1,0.0
13354,0,Clientes estándar de bajo valor,72,1,743.53,51,743.53,743.53,51.0,0.0,1,0.0
13355,0,Clientes estándar de bajo valor,123,1,674.7,32,674.7,674.7,32.0,0.0,1,0.0
13356,0,Clientes estándar de bajo valor,81,1,768.24,42,768.24,768.24,42.0,0.0,1,0.0
13358,0,Clientes estándar de bajo valor,269,1,389.03000000000003,28,389.03000000000003,389.03000000000003,28.0,0.0,1,0.0
13359,0,Clientes estándar de bajo valor,64,1,389.56,22,389.56,389.56,22.0,0.0,1,0.0
13362,3,Clientes de alto valor,10,4,3090.7400000000002,128,772.6850000000001,333.5330935251799,32.0,92.66666666666667,1,0.0
13363,0,Clientes estándar de bajo valor,18,2,892.5,46,446.25,892.5,23.0,26.0,1,0.0
13364,0,Clientes estándar de bajo valor,72,1,134.96,10,134.96,134.96,10.0,0.0,1,0.0
13365,1,Clientes de compra en fin de semana,34,2,2225.37,122,1112.685,362.8320652173913,61.0,184.0,1,0.6953125
13366,0,Clientes estándar de bajo valor,51,1,56.16,1,56.16,56.16,1.0,0.0,1,0.0
13368,0,Clientes estándar de bajo valor,257,2,573.4,28,286.7,212.37037037037035,14.0,81.0,1,0.0
13369,0,Clientes estándar de bajo valor,366,1,258.28000000000003,13,258.28000000000003,258.28000000000003,13.0,0.0,1,0.0
13370,0,Clientes estándar de bajo valor,372,1,754.87,39,754.87,754.87,39.0,0.0,1,0.0
13372,1,Clientes de compra en fin de semana,90,1,328.64,22,328.64,328.64,22.0,0.0,1,1.0
13373,3,Clientes de alto valor,61,3,3312.25,135,1104.0833333333333,460.03472222222223,45.0,108.0,1,0.0
13375,0,Clientes estándar de bajo valor,89,1,778.65,37,778.65,778.65,37.0,0.0,1,0.0
13376,0,Clientes estándar de bajo valor,100,3,869.76,44,289.92,193.28,14.666666666666666,67.5,1,0.0
13379,1,Clientes de compra en fin de semana,27,3,572.56,85,190.85333333333332,156.15272727272728,28.333333333333332,55.0,1,0.865979381443299
13381,3,Clientes de alto valor,32,6,3639.31,77,606.5516666666666,408.91123595505616,12.833333333333334,53.4,1,0.13372093023255813
13382,0,Clientes estándar de bajo valor,281,1,222.99,15,222.99,222.99,15.0,0.0,1,0.0
13384,3,Clientes de alto valor,31,7,4151.93,123,593.1328571428572,841.6074324324325,17.571428571428573,24.666666666666668,1,0.0
13385,0,Clientes estándar de bajo valor,330,1,534.57,35,534.57,534.57,35.0,0.0,1,0.0
13388,1,Clientes de compra en fin de semana,132,2,677.1,35,338.55,677.1,17.5,0.0,1,1.0
13389,0,Clientes estándar de bajo valor,12,3,797.96,50,265.9866666666667,108.32036199095023,16.666666666666668,110.5,1,0.0
13390,0,Clientes estándar de bajo valor,75,1,544.08,13,544.08,544.08,13.0,0.0,1,0.0
13391,0,Clientes estándar de bajo valor,204,1,59.8,1,59.8,59.8,1.0,0.0,1,0.0
13394,3,Clientes de alto valor,2,8,2520.02,124,315.0025,245.45649350649347,15.5,44.0,1,0.0
13395,0,Clientes estándar de bajo valor,186,1,307.72,21,307.72,307.72,21.0,0.0,1,0.0
13396,0,Clientes estándar de bajo valor,30,2,1360.99,42,680.495,140.79206896551725,21.0,290.0,1,0.0
13397,0,Clientes estándar de bajo valor,73,5,1544.13,28,308.826,173.49775280898876,5.6,66.75,1,0.05263157894736842
13398,0,Clientes estándar de bajo valor,193,1,457.34000000000003,26,457.34000000000003,457.34000000000003,26.0,0.0,1,0.0
13402,0,Clientes estándar de bajo valor,128,2,621.23,32,310.615,76.06897959183674,16.0,245.0,1,0.0
13403,0,Clientes estándar de bajo valor,18,1,75.0,3,75.0,75.0,3.0,0.0,1,0.0
13404,0,Clientes estándar de bajo valor,2,2,252.49,11,126.245,35.89905213270142,5.5,211.0,1,0.0
13405,0,Clientes estándar de bajo valor,205,2,557.45,24,278.725,147.99557522123897,12.0,113.0,1,0.0
13410,0,Clientes estándar de bajo valor,25,5,1003.06,15,200.612,112.70337078651684,3.0,66.75,1,0.07142857142857142
13411,0,Clientes estándar de bajo valor,108,1,213.55,17,213.55,213.55,17.0,0.0,1,0.0
13414,0,Clientes estándar de bajo valor,134,3,1390.5,23,463.5,255.920245398773,7.666666666666667,81.5,1,0.0
13416,0,Clientes estándar de bajo valor,44,2,712.5,11,356.25,562.5,5.5,38.0,1,0.0
13417,0,Clientes estándar de bajo valor,5,2,640.83,26,320.415,95.64626865671642,13.0,201.0,1,0.0
13418,3,Clientes de alto valor,12,18,6127.43,223,340.4127777777778,509.2047091412743,12.38888888888889,21.235294117647058,1,0.049342105263157895
13419,0,Clientes estándar de bajo valor,64,1,221.06,16,221.06,221.06,16.0,0.0,1,0.0
13420,0,Clientes estándar de bajo valor,150,2,159.85,8,79.925,159.85,4.0,21.0,1,0.0
13421,2,Clientes activos de valor medio,41,2,1823.21,87,911.605,218.78519999999997,43.5,250.0,1,0.37623762376237624
13425,0,Clientes estándar de bajo valor,109,3,1624.21,66,541.4033333333333,261.96935483870965,22.0,93.0,1,0.0
13426,3,Clientes de alto valor,1,10,3641.32,103,364.132,304.28857938718664,10.3,39.888888888888886,1,0.2484076433121019
13427,2,Clientes activos de valor medio,20,3,582.6,25,194.20000000000002,89.1734693877551,8.333333333333334,98.0,1,0.5172413793103449
13428,0,Clientes estándar de bajo valor,11,1,201.78,70,201.78,201.78,70.0,0.0,1,0.0
13429,2,Clientes activos de valor medio,11,4,1006.8,55,251.7,464.67692307692306,13.75,21.666666666666668,1,0.3582089552238806
13430,0,Clientes estándar de bajo valor,19,2,679.45,48,339.725,299.7573529411765,24.0,68.0,1,0.0
13431,0,Clientes estándar de bajo valor,68,2,1269.1,44,634.55,1269.1,22.0,21.0,1,0.0
13434,2,Clientes activos de valor medio,75,2,534.24,9,267.12,534.24,4.5,22.0,1,0.5
13435,2,Clientes activos de valor medio,6,7,3809.89,68,544.27,621.1777173913043,9.714285714285714,30.666666666666668,1,0.37623762376237624
13436,0,Clientes estándar de bajo valor,2,1,196.89,12,196.89,196.89,12.0,0.0,1,0.0
13437,3,Clientes de alto valor,15,7,3408.06,143,486.86571428571426,580.9193181818182,20.428571428571427,29.333333333333332,1,0.0
13439,0,Clientes estándar de bajo valor,256,1,283.71,54,283.71,283.71,54.0,0.0,1,0.0
13441,0,Clientes estándar de bajo valor,92,1,296.64,13,296.64,296.64,13.0,0.0,1,0.0
13447,2,Clientes activos de valor medio,24,3,1129.14,55,376.38000000000005,1129.14,18.333333333333332,6.0,1,0.3728813559322034
13448,3,Clientes de alto valor,17,6,3509.4900000000002,137,584.9150000000001,294.91512605042016,22.833333333333332,71.4,1,0.0
13449,0,Clientes estándar de bajo valor,24,1,291.88,19,291.88,291.88,19.0,0.0,1,0.0
13450,2,Clientes activos de valor medio,27,6,2043.72,32,340.62,319.33125,5.333333333333333,38.4,1,0.5070422535211268
13451,2,Clientes activos de valor medio,27,5,2898.2599999999998,315,579.6519999999999,282.2980519480519,63.0,77.0,1,0.2678983833718245
13452,0,Clientes estándar de bajo valor,260,2,590.0,1,295.0,590.0,0.5,11.0,1,0.0
13453,0,Clientes estándar de bajo valor,166,2,356.98,16,178.49,86.36612903225806,8.0,124.0,1,0.0
13455,0,Clientes estándar de bajo valor,25,2,1058.34,42,529.17,92.83684210526314,21.0,342.0,1,0.0
13456,0,Clientes estándar de bajo valor,18,6,1766.72,43,294.4533333333333,278.9557894736842,7.166666666666667,38.0,1,0.0
13458,3,Clientes de alto valor,8,14,9646.57,242,689.0407142857142,822.1508522727273,17.285714285714285,27.076923076923077,1,0.0
13460,0,Clientes estándar de bajo valor,30,2,183.44,16,91.72,183.44,8.0,20.0,1,0.0
13461,0,Clientes estándar de bajo valor,39,3,1445.0,14,481.6666666666667,346.79999999999995,4.666666666666667,62.5,1,0.18518518518518517
13462,0,Clientes estándar de bajo valor,253,1,151.5,9,151.5,151.5,9.0,0.0,1,0.0
13464,0,Clientes estándar de bajo valor,59,1,674.68,41,674.68,674.68,41.0,0.0,1,0.0
13466,0,Clientes estándar de bajo valor,185,1,307.90000000000003,17,307.90000000000003,307.90000000000003,17.0,0.0,1,0.0
13467,0,Clientes estándar de bajo valor,11,2,1071.91,89,535.955,1071.91,44.5,26.0,1,0.0
13468,3,Clientes de alto valor,2,37,5704.97,184,154.1883783783784,460.0782258064516,4.972972972972973,10.333333333333334,1,0.06291390728476821
13470,0,Clientes estándar de bajo valor,100,2,165.0,7,82.5,165.0,3.5,16.0,1,0.0
13473,0,Clientes estándar de bajo valor,61,2,422.64,21,211.32,46.61470588235294,10.5,272.0,1,0.0
13474,1,Clientes de compra en fin de semana,237,1,226.84,59,226.84,226.84,59.0,0.0,1,1.0
13475,0,Clientes estándar de bajo valor,192,4,1431.78,64,357.945,401.43364485981306,16.0,35.666666666666664,1,0.0
13476,0,Clientes estándar de bajo valor,179,2,1238.47,56,619.235,360.71941747572816,28.0,103.0,1,0.0
13477,0,Clientes estándar de bajo valor,38,6,1454.58,57,242.42999999999998,171.80078740157478,9.5,50.8,1,0.10126582278481013
13479,0,Clientes estándar de bajo valor,201,2,300.95,14,150.475,265.54411764705884,7.0,34.0,1,0.0
13481,0,Clientes estándar de bajo valor,46,5,1804.56,98,360.912,256.5725118483412,19.6,52.75,1,0.0
13482,0,Clientes estándar de bajo valor,233,1,184.64000000000001,11,184.64000000000001,184.64000000000001,11.0,0.0,1,0.0
13483,0,Clientes estándar de bajo valor,66,1,140.34,10,140.34,140.34,10.0,0.0,1,0.0
13484,0,Clientes estándar de bajo valor,242,1,313.8,8,313.8,313.8,8.0,0.0,1,0.0
13485,0,Clientes estándar de bajo valor,234,1,454.24,23,454.24,454.24,23.0,0.0,1,0.0
13486,0,Clientes estándar de bajo valor,79,3,1122.41,69,374.1366666666667,437.30259740259737,23.0,38.5,1,0.0
13487,0,Clientes estándar de bajo valor,58,3,575.4,26,191.79999999999998,58.317567567567565,8.666666666666666,148.0,1,0.0
13488,3,Clientes de alto valor,18,13,8968.31,271,689.87,768.7122857142857,20.846153846153847,29.166666666666668,1,0.0
13489,0,Clientes estándar de bajo valor,106,4,449.52,11,112.38,71.35238095238095,2.75,63.0,1,0.0
13491,0,Clientes estándar de bajo valor,52,10,1215.82,73,121.582,113.62803738317757,7.3,35.666666666666664,1,0.0
13492,0,Clientes estándar de bajo valor,137,3,1269.84,38,423.28,488.4,12.666666666666666,39.0,0,0.0
13493,0,Clientes estándar de bajo valor,276,2,498.63,5,249.315,498.63,2.5,12.0,0,0.0
13494,0,Clientes estándar de bajo valor,312,1,316.26000000000005,18,316.26000000000005,316.26000000000005,18.0,0.0,1,0.0
13495,0,Clientes estándar de bajo valor,8,5,2044.8700000000001,34,408.97400000000005,169.9337950138504,6.8,90.25,1,0.0
13496,0,Clientes estándar de bajo valor,11,2,653.33,28,326.665,56.16017191977078,14.0,349.0,1,0.0
13497,0,Clientes estándar de bajo valor,283,2,321.05,18,160.525,111.99418604651163,9.0,86.0,1,0.0
13499,0,Clientes estándar de bajo valor,18,5,1159.1100000000001,31,231.82200000000003,137.98928571428573,6.2,63.0,1,0.0
13500,0,Clientes estándar de bajo valor,24,3,1166.77,60,388.92333333333335,353.56666666666666,20.0,49.5,1,0.0
13502,0,Clientes estándar de bajo valor,17,3,292.0,17,97.33333333333333,28.534201954397396,5.666666666666667,153.5,1,0.0
13503,0,Clientes estándar de bajo valor,72,1,216.85,17,216.85,216.85,17.0,0.0,1,0.0
13504,0,Clientes estándar de bajo valor,65,1,295.93,22,295.93,295.93,22.0,0.0,1,0.0
13505,3,Clientes de alto valor,73,4,3633.63,181,908.4075,681.3056250000001,45.25,53.333333333333336,0,0.12322274881516587
13506,1,Clientes de compra en fin de semana,317,2,458.52,26,229.26,259.5396226415094,13.0,53.0,1,0.6538461538461539
13507,2,Clientes activos de valor medio,4,4,2479.16,146,619.79,523.7661971830986,36.5,47.333333333333336,1,0.5061728395061729
13508,1,Clientes de compra en fin de semana,244,1,110.97,12,110.97,110.97,12.0,0.0,1,1.0
13509,0,Clientes estándar de bajo valor,9,6,964.72,26,160.78666666666666,104.8608695652174,4.333333333333333,55.2,1,0.0
13510,0,Clientes estándar de bajo valor,2,4,1791.56,86,447.89,295.3120879120879,21.5,60.666666666666664,1,0.0
13512,0,Clientes estándar de bajo valor,261,1,251.21,15,251.21,251.21,15.0,0.0,1,0.0
13513,0,Clientes estándar de bajo valor,127,1,205.1,10,205.1,205.1,10.0,0.0,1,0.0
13514,0,Clientes estándar de bajo valor,74,1,152.20000000000002,4,152.20000000000002,152.20000000000002,4.0,0.0,1,0.0
13515,2,Clientes activos de valor medio,73,4,891.12,50,222.78,152.7634285714286,12.5,58.333333333333336,1,0.22033898305084745
13516,0,Clientes estándar de bajo valor,22,3,1389.41,43,463.1366666666667,192.08433179723502,14.333333333333334,108.5,1,0.0
13517,0,Clientes estándar de bajo valor,60,3,2128.42,125,709.4733333333334,532.105,41.666666666666664,60.0,1,0.0
13518,0,Clientes estándar de bajo valor,86,1,627.16,36,627.16,627.16,36.0,0.0,1,0.0
13519,0,Clientes estándar de bajo valor,79,1,122.75,8,122.75,122.75,8.0,0.0,1,0.0
13520,3,Clientes de alto valor,59,6,2984.35,48,497.39166666666665,286.0399361022364,8.0,62.6,0,0.0
13522,0,Clientes estándar de bajo valor,31,1,125.80000000000001,5,125.80000000000001,125.80000000000001,5.0,0.0,1,0.0
13523,2,Clientes activos de valor medio,34,5,3964.88,157,792.976,357.19639639639644,31.4,83.25,1,0.27325581395348836
13524,2,Clientes activos de valor medio,41,5,680.1800000000001,17,136.036,113.99664804469275,3.4,44.75,1,0.37037037037037035
13525,0,Clientes estándar de bajo valor,15,2,628.78,5,314.39,80.6128205128205,2.5,234.0,1,0.0
13527,1,Clientes de compra en fin de semana,34,7,2218.61,152,316.94428571428574,227.16143344709897,21.714285714285715,48.833333333333336,1,0.8287037037037037
13529,0,Clientes estándar de bajo valor,79,2,307.76,15,153.88,73.27619047619046,7.5,126.0,1,0.0
13531,0,Clientes estándar de bajo valor,206,2,483.8,17,241.9,90.14906832298138,8.5,161.0,1,0.0
13532,1,Clientes de compra en fin de semana,34,1,210.31,66,210.31,210.31,66.0,0.0,1,1.0
13533,0,Clientes estándar de bajo valor,183,3,269.09,61,89.69666666666666,94.97294117647057,20.333333333333332,42.5,1,0.0
13534,3,Clientes de alto valor,3,25,5870.08,119,234.8032,494.6696629213483,4.76,14.833333333333334,1,0.0
13536,1,Clientes de compra en fin de semana,2,7,3444.39,91,492.05571428571426,1396.374324324324,13.0,12.333333333333334,1,0.702247191011236
13538,0,Clientes estándar de bajo valor,44,7,1280.85,10,182.97857142857143,141.27022058823528,1.4285714285714286,45.333333333333336,1,0.0
13539,0,Clientes estándar de bajo valor,86,3,631.34,35,210.4466666666667,84.55446428571429,11.666666666666666,112.0,1,0.0
13544,0,Clientes estándar de bajo valor,40,2,276.06,76,138.03,41.202985074626866,38.0,201.0,1,0.0
13546,2,Clientes activos de valor medio,13,3,621.09,72,207.03,99.11010638297873,24.0,94.0,1,0.3917525773195876
13548,1,Clientes de compra en fin de semana,97,2,678.16,114,339.08,138.39999999999998,57.0,147.0,1,1.0
13549,2,Clientes activos de valor medio,26,7,918.2,37,131.17142857142858,126.94009216589862,5.285714285714286,36.166666666666664,1,0.21568627450980393
13551,0,Clientes estándar de bajo valor,320,1,91.80000000000001,4,91.80000000000001,91.80000000000001,4.0,0.0,1,0.0
13552,3,Clientes de alto valor,67,12,3740.07,82,311.6725,450.61084337349394,6.833333333333333,22.636363636363637,1,0.0
13555,2,Clientes activos de valor medio,74,4,4098.88,128,1024.72,960.6750000000001,32.0,42.666666666666664,1,0.4074074074074074
13557,0,Clientes estándar de bajo valor,29,2,584.0600000000001,31,292.03000000000003,69.53095238095239,15.5,252.0,1,0.0
13558,1,Clientes de compra en fin de semana,6,4,594.52,123,148.63,283.10476190476186,30.75,21.0,1,0.7159763313609467
13560,0,Clientes estándar de bajo valor,8,1,171.42000000000002,32,171.42000000000002,171.42000000000002,32.0,0.0,1,0.0
13561,1,Clientes de compra en fin de semana,216,1,141.85999999999999,14,141.85999999999999,141.85999999999999,14.0,0.0,1,1.0
13562,0,Clientes estándar de bajo valor,82,3,1799.3300000000002,50,599.7766666666668,329.1457317073171,16.666666666666668,82.0,1,0.0
13563,0,Clientes estándar de bajo valor,85,2,777.53,49,388.765,416.53392857142853,24.5,56.0,1,0.0
13564,0,Clientes estándar de bajo valor,355,2,1174.03,67,587.015,1174.03,33.5,14.0,1,0.0
13565,1,Clientes de compra en fin de semana,20,2,240.22,35,120.11,22.878095238095238,17.5,315.0,1,1.0
13566,1,Clientes de compra en fin de semana,41,2,856.84,134,428.42,612.0285714285715,67.0,42.0,1,1.0
13568,1,Clientes de compra en fin de semana,174,1,187.05,41,187.05,187.05,41.0,0.0,1,1.0
13569,0,Clientes estándar de bajo valor,18,2,337.12,72,168.56,28.896,36.0,350.0,1,0.0
13570,1,Clientes de compra en fin de semana,244,1,239.49,27,239.49,239.49,27.0,0.0,1,1.0
13571,2,Clientes activos de valor medio,13,12,2088.94,157,174.07833333333335,260.0340248962656,13.083333333333334,21.90909090909091,1,0.27647058823529413
13572,0,Clientes estándar de bajo valor,206,1,1384.25,32,1384.25,1384.25,32.0,0.0,1,0.0
13573,0,Clientes estándar de bajo valor,51,2,290.25,24,145.125,42.89408866995074,12.0,203.0,1,0.0
13575,0,Clientes estándar de bajo valor,24,5,732.07,41,146.41400000000002,143.54313725490198,8.2,38.25,1,0.0
13576,3,Clientes de alto valor,11,18,6717.34,78,373.18555555555554,555.1520661157025,4.333333333333333,21.352941176470587,1,0.10317460317460317
13577,0,Clientes estándar de bajo valor,26,4,1687.6000000000001,61,421.90000000000003,234.3888888888889,15.25,72.0,1,0.0
13579,2,Clientes activos de valor medio,15,2,467.04,19,233.52,39.46816901408451,9.5,355.0,1,0.391304347826087
13581,0,Clientes estándar de bajo valor,310,1,118.0,10,118.0,118.0,10.0,0.0,1,0.0
13583,0,Clientes estándar de bajo valor,156,1,781.03,53,781.03,781.03,53.0,0.0,1,0.0
13584,1,Clientes de compra en fin de semana,307,1,142.4,24,142.4,142.4,24.0,0.0,1,1.0
13587,0,Clientes estándar de bajo valor,64,1,712.4,8,712.4,712.4,8.0,0.0,1,0.0
13588,3,Clientes de alto valor,16,9,2473.91,131,274.87888888888887,309.23875,14.555555555555555,30.0,1,0.0
13589,0,Clientes estándar de bajo valor,15,2,379.65,21,189.825,69.02727272727272,10.5,165.0,1,0.0
13590,0,Clientes estándar de bajo valor,12,6,1981.92,70,330.32,203.6219178082192,11.666666666666666,58.4,1,0.0
13591,0,Clientes estándar de bajo valor,65,3,1117.13,56,372.3766666666667,165.91039603960397,18.666666666666668,101.0,1,0.0
13592,2,Clientes activos de valor medio,36,4,247.95999999999998,15,61.989999999999995,32.48384279475982,3.75,76.33333333333333,1,0.375
13593,0,Clientes estándar de bajo valor,109,5,2011.88,77,402.37600000000003,264.72105263157897,15.4,57.0,1,0.1732283464566929
13594,0,Clientes estándar de bajo valor,53,1,396.97,26,396.97,396.97,26.0,0.0,1,0.0
13596,1,Clientes de compra en fin de semana,6,2,664.11,133,332.055,664.11,66.5,7.0,1,1.0
13598,1,Clientes de compra en fin de semana,48,1,147.29,33,147.29,147.29,33.0,0.0,1,1.0
13599,3,Clientes de alto valor,2,21,5149.92,171,245.2342857142857,423.281095890411,8.142857142857142,18.25,1,0.0
13600,0,Clientes estándar de bajo valor,313,1,219.52,19,219.52,219.52,19.0,0.0,1,0.0
13601,0,Clientes estándar de bajo valor,46,2,693.32,90,346.66,125.2987951807229,45.0,166.0,1,0.0
13602,0,Clientes estándar de bajo valor,65,1,428.89,23,428.89,428.89,23.0,0.0,1,0.0
13603,1,Clientes de compra en fin de semana,27,1,164.34,27,164.34,164.34,27.0,0.0,1,1.0
13606,1,Clientes de compra en fin de semana,30,3,276.75,40,92.25,29.441489361702125,13.333333333333334,141.0,1,0.85
13610,1,Clientes de compra en fin de semana,13,7,1082.33,165,154.6185714285714,118.93736263736264,23.571428571428573,45.5,1,1.0
13611,2,Clientes activos de valor medio,90,3,1154.4,67,384.8,128.26666666666668,22.333333333333332,135.0,1,0.5555555555555556
13614,0,Clientes estándar de bajo valor,25,4,1585.46,171,396.365,155.43725490196078,42.75,102.0,1,0.08717948717948718
13615,0,Clientes estándar de bajo valor,319,1,417.69,23,417.69,417.69,23.0,0.0,1,0.0
13617,2,Clientes activos de valor medio,41,3,544.18,31,181.39333333333332,116.60999999999999,10.333333333333334,70.0,1,0.6590909090909091
13618,1,Clientes de compra en fin de semana,174,1,177.34,13,177.34,177.34,13.0,0.0,1,1.0
13621,0,Clientes estándar de bajo valor,117,1,213.85,19,213.85,213.85,19.0,0.0,1,0.0
13623,0,Clientes estándar de bajo valor,31,5,727.74,75,145.548,81.7685393258427,15.0,66.75,1,0.1282051282051282
13626,0,Clientes estándar de bajo valor,253,1,257.23,19,257.23,257.23,19.0,0.0,1,0.0
13627,0,Clientes estándar de bajo valor,60,5,1638.47,84,327.694,164.946644295302,16.8,74.5,1,0.0
13629,3,Clientes de alto valor,24,11,7792.36,28,708.3963636363636,742.1295238095238,2.5454545454545454,31.5,1,0.06779661016949153
13630,2,Clientes activos de valor medio,6,7,2031.78,51,290.2542857142857,217.69071428571428,7.285714285714286,46.666666666666664,1,0.323943661971831
13631,3,Clientes de alto valor,100,11,3070.42,6,279.1290909090909,548.2892857142857,0.5454545454545454,16.8,1,0.09090909090909091
13632,2,Clientes activos de valor medio,25,5,2118.93,121,423.78599999999994,290.2643835616438,24.2,54.75,1,0.4482758620689655
13634,2,Clientes activos de valor medio,34,5,1547.3600000000001,156,309.47200000000004,157.8938775510204,31.2,73.5,1,0.3655913978494624
13635,0,Clientes estándar de bajo valor,68,1,1071.03,62,1071.03,1071.03,62.0,0.0,1,0.0
13636,0,Clientes estándar de bajo valor,37,5,949.12,57,189.824,114.35180722891565,11.4,62.25,1,0.1746031746031746
13637,2,Clientes activos de valor medio,53,3,803.05,78,267.68333333333334,138.45689655172413,26.0,87.0,1,0.29591836734693877
13638,0,Clientes estándar de bajo valor,16,1,122.64,8,122.64,122.64,8.0,0.0,1,0.0
13639,0,Clientes estándar de bajo valor,75,1,1033.34,39,1033.34,1033.34,39.0,0.0,1,0.0
13642,1,Clientes de compra en fin de semana,216,1,312.28,57,312.28,312.28,57.0,0.0,1,1.0
13643,0,Clientes estándar de bajo valor,32,3,519.44,24,173.14666666666668,101.1896103896104,8.0,77.0,1,0.0
13644,3,Clientes de alto valor,17,4,2624.26,144,656.065,884.5820224719101,36.0,29.666666666666668,1,0.0
13645,0,Clientes estándar de bajo valor,121,1,252.1,5,252.1,252.1,5.0,0.0,1,0.0
13647,0,Clientes estándar de bajo valor,10,4,1648.1200000000001,65,412.03000000000003,219.74933333333334,16.25,75.0,1,0.0
13649,0,Clientes estándar de bajo valor,257,2,346.6,23,173.3,94.52727272727273,11.5,110.0,1,0.0
13650,0,Clientes estándar de bajo valor,17,6,1836.3400000000001,79,306.0566666666667,219.4828685258964,13.166666666666666,50.2,1,0.0
13651,0,Clientes estándar de bajo valor,40,1,79.2,5,79.2,79.2,5.0,0.0,1,0.0
13652,0,Clientes estándar de bajo valor,46,3,1095.08,48,365.02666666666664,101.71021671826624,16.0,161.5,1,0.0
13654,2,Clientes activos de valor medio,44,6,2707.33,157,451.22166666666664,353.13,26.166666666666668,46.0,1,0.3674698795180723
13655,0,Clientes estándar de bajo valor,115,2,932.97,52,466.485,220.38661417322834,26.0,127.0,1,0.0
13656,0,Clientes estándar de bajo valor,165,2,379.65,49,189.825,65.83526011560693,24.5,173.0,1,0.0
13657,2,Clientes activos de valor medio,11,2,382.14,16,191.07,60.021989528795814,8.0,191.0,1,0.5625
13658,3,Clientes de alto valor,10,5,2639.17,91,527.8340000000001,406.0261538461539,18.2,48.75,1,0.0
13659,2,Clientes activos de valor medio,206,2,1563.0,92,781.5,407.73913043478257,46.0,115.0,1,0.5922330097087378
13662,0,Clientes estándar de bajo valor,86,3,881.26,50,293.75333333333333,151.94137931034484,16.666666666666668,87.0,1,0.0
13663,0,Clientes estándar de bajo valor,180,1,189.47,13,189.47,189.47,13.0,0.0,1,0.0
13666,0,Clientes estándar de bajo valor,61,3,84.65,12,28.21666666666667,11.187224669603525,4.0,113.5,1,0.0
13667,0,Clientes estándar de bajo valor,150,1,299.05,82,299.05,299.05,82.0,0.0,1,0.0
13669,0,Clientes estándar de bajo valor,51,2,218.55,9,109.275,66.22727272727273,4.5,99.0,1,0.0
13670,1,Clientes de compra en fin de semana,76,1,349.7,25,349.7,349.7,25.0,0.0,1,1.0
13672,0,Clientes estándar de bajo valor,302,2,186.39000000000001,4,93.19500000000001,180.3774193548387,2.0,31.0,1,0.0
13673,0,Clientes estándar de bajo valor,19,2,387.44,47,193.72,387.44,23.5,14.0,1,0.0
13675,0,Clientes estándar de bajo valor,152,2,486.82000000000005,25,243.41000000000003,109.80902255639099,12.5,133.0,1,0.0
13678,0,Clientes estándar de bajo valor,152,1,232.6,16,232.6,232.6,16.0,0.0,1,0.0
13680,3,Clientes de alto valor,2,4,3719.12,164,929.78,330.09940828402364,41.0,112.66666666666667,1,0.0
13681,2,Clientes activos de valor medio,18,4,827.83,37,206.9575,179.9630434782609,9.25,46.0,1,0.5964912280701754
13682,1,Clientes de compra en fin de semana,188,1,59.5,3,59.5,59.5,3.0,0.0,1,1.0
13684,1,Clientes de compra en fin de semana,286,1,62.13,28,62.13,62.13,28.0,0.0,1,1.0
13685,3,Clientes de alto valor,3,7,3119.44,29,445.63428571428574,1613.5034482758622,4.142857142857143,9.666666666666666,1,0.0
13686,0,Clientes estándar de bajo valor,183,1,72.0,8,72.0,72.0,8.0,0.0,1,0.0
13689,0,Clientes estándar de bajo valor,64,1,910.0,6,910.0,910.0,6.0,0.0,1,0.0
13690,0,Clientes estándar de bajo valor,60,1,172.25,9,172.25,172.25,9.0,0.0,1,0.0
13692,2,Clientes activos de valor medio,25,3,1488.32,48,496.1066666666666,210.61132075471698,16.0,106.0,1,0.5849056603773585
13695,3,Clientes de alto valor,32,15,2504.13,46,166.942,329.49078947368423,3.066666666666667,16.285714285714285,1,0.05555555555555555
13697,0,Clientes estándar de bajo valor,39,1,151.3,12,151.3,151.3,12.0,0.0,1,0.0
13699,0,Clientes estándar de bajo valor,156,1,308.58000000000004,14,308.58000000000004,308.58000000000004,14.0,0.0,1,0.0
13700,2,Clientes activos de valor medio,27,10,2248.63,139,224.863,224.11594684385383,13.9,33.44444444444444,1,0.3556701030927835
13703,0,Clientes estándar de bajo valor,319,1,99.5,1,99.5,99.5,1.0,0.0,1,0.0
13704,3,Clientes de alto valor,6,9,2308.06,111,256.4511111111111,834.2385542168674,12.333333333333334,10.375,1,0.08208955223880597
13705,0,Clientes estándar de bajo valor,8,3,711.86,25,237.28666666666666,58.34918032786886,8.333333333333334,183.0,1,0.0
13706,0,Clientes estándar de bajo valor,303,1,330.79,20,330.79,330.79,20.0,0.0,1,0.0
13707,0,Clientes estándar de bajo valor,268,2,806.41,48,403.205,504.00624999999997,24.0,48.0,1,0.0
13708,1,Clientes de compra en fin de semana,272,1,283.33,48,283.33,283.33,48.0,0.0,1,1.0
13709,3,Clientes de alto valor,4,13,6307.650000000001,244,485.2038461538462,606.5048076923077,18.76923076923077,26.0,1,0.0
13710,0,Clientes estándar de bajo valor,32,1,180.48,8,180.48,180.48,8.0,0.0,1,0.0
13711,0,Clientes estándar de bajo valor,219,2,252.06,11,126.03,252.06,5.5,0.0,1,0.0
13712,0,Clientes estándar de bajo valor,247,1,228.84,10,228.84,228.84,10.0,0.0,1,0.0
13715,2,Clientes activos de valor medio,282,5,1064.49,88,212.898,350.9307692307693,17.6,22.75,1,0.27184466019417475
13716,0,Clientes estándar de bajo valor,270,1,138.28,21,138.28,138.28,21.0,0.0,1,0.0
13717,0,Clientes estándar de bajo valor,33,6,1445.01,92,240.835,162.97105263157894,15.333333333333334,53.2,1,0.0
13718,0,Clientes estándar de bajo valor,247,2,306.55,9,153.275,187.68367346938777,4.5,49.0,1,0.0
13719,2,Clientes activos de valor medio,16,5,1041.68,56,208.336,142.69589041095892,11.2,54.75,1,0.3333333333333333
13720,0,Clientes estándar de bajo valor,117,4,799.9,42,199.975,173.8913043478261,10.5,46.0,1,0.0
13721,0,Clientes estándar de bajo valor,37,1,524.14,28,524.14,524.14,28.0,0.0,1,0.0
13722,2,Clientes activos de valor medio,132,3,2375.41,75,791.8033333333333,471.93576158940397,25.0,75.5,1,0.4588235294117647
13723,0,Clientes estándar de bajo valor,218,1,199.85000000000002,6,199.85000000000002,199.85000000000002,6.0,0.0,1,0.0
13725,3,Clientes de alto valor,50,8,1980.56,95,247.57,229.4084942084942,11.875,37.0,1,0.10576923076923077
13726,0,Clientes estándar de bajo valor,39,2,1079.66,39,539.83,522.416129032258,19.5,62.0,1,0.0
13727,1,Clientes de compra en fin de semana,29,2,333.48,19,166.74,333.48,9.5,5.0,1,0.7
13728,0,Clientes estándar de bajo valor,37,6,1016.14,38,169.35666666666665,111.25620437956205,6.333333333333333,54.8,1,0.0
13730,0,Clientes estándar de bajo valor,136,2,752.6,38,376.3,752.6,19.0,26.0,1,0.0
13731,0,Clientes estándar de bajo valor,220,2,610.59,36,305.295,610.59,18.0,27.0,1,0.0
13732,0,Clientes estándar de bajo valor,29,1,491.86,33,491.86,491.86,33.0,0.0,1,0.0
13735,3,Clientes de alto valor,25,4,2883.54,158,720.885,411.9342857142857,39.5,70.0,1,0.0
13737,0,Clientes estándar de bajo valor,201,1,339.6,29,339.6,339.6,29.0,0.0,1,0.0
13739,0,Clientes estándar de bajo valor,19,1,216.9,3,216.9,216.9,3.0,0.0,1,0.0
13740,0,Clientes estándar de bajo valor,241,1,350.75,23,350.75,350.75,23.0,0.0,1,0.0
13741,0,Clientes estándar de bajo valor,72,3,668.4300000000001,34,222.81000000000003,137.34863013698632,11.333333333333334,73.0,1,0.0
13742,2,Clientes activos de valor medio,17,12,3107.87,200,258.9891666666667,306.6976973684211,16.666666666666668,27.636363636363637,1,0.5782747603833865
13743,0,Clientes estándar de bajo valor,3,7,1341.6,8,191.65714285714284,156.60700389105057,1.1428571428571428,42.833333333333336,1,0.0
13744,1,Clientes de compra en fin de semana,96,2,1080.52,54,540.26,164.546192893401,27.0,197.0,1,0.6984126984126984
13745,0,Clientes estándar de bajo valor,163,1,300.04,25,300.04,300.04,25.0,0.0,1,0.0
13747,0,Clientes estándar de bajo valor,374,1,79.6,1,79.6,79.6,1.0,0.0,1,0.0
13748,0,Clientes estándar de bajo valor,96,5,948.25,24,189.65,102.32913669064747,4.8,69.5,1,0.0
13750,0,Clientes estándar de bajo valor,54,5,1647.26,20,329.452,174.62120141342757,4.0,70.75,1,0.0
13751,0,Clientes estándar de bajo valor,289,1,296.25,9,296.25,296.25,9.0,0.0,1,0.0
13752,2,Clientes activos de valor medio,125,6,1175.38,64,195.89666666666668,289.02786885245905,10.666666666666666,24.4,1,0.4666666666666667
13753,0,Clientes estándar de bajo valor,288,1,741.26,35,741.26,741.26,35.0,0.0,1,0.0
13754,0,Clientes estándar de bajo valor,152,2,282.6,11,141.3,51.07228915662651,5.5,166.0,1,0.0
13755,3,Clientes de alto valor,4,9,2108.06,232,234.2288888888889,1054.03,25.77777777777778,7.5,1,0.0
13756,3,Clientes de alto valor,3,14,5189.52,66,370.68,426.535890410959,4.714285714285714,28.076923076923077,1,0.0
13758,2,Clientes activos de valor medio,12,7,3190.55,104,455.79285714285714,264.41022099447514,14.857142857142858,60.333333333333336,1,0.47863247863247865
13759,0,Clientes estándar de bajo valor,34,2,659.4100000000001,24,329.70500000000004,520.5868421052633,12.0,38.0,1,0.04
13760,2,Clientes activos de valor medio,55,2,286.79,50,143.395,42.592574257425746,25.0,202.0,1,0.5087719298245614
13761,0,Clientes estándar de bajo valor,51,2,1070.65,68,535.325,248.9883720930233,34.0,129.0,1,0.0
13762,0,Clientes estándar de bajo valor,219,1,306.72,7,306.72,306.72,7.0,0.0,1,0.0
13763,3,Clientes de alto valor,64,1,1714.96,15,1714.96,1714.96,15.0,0.0,1,0.0
13764,0,Clientes estándar de bajo valor,71,3,1516.42,182,505.47333333333336,170.38426966292135,60.666666666666664,133.5,1,0.0
13769,3,Clientes de alto valor,3,10,2796.51,73,279.651,229.8501369863014,7.3,40.55555555555556,1,0.0
13771,3,Clientes de alto valor,65,4,2634.45,114,658.6125,431.87704918032784,28.5,61.0,1,0.0
13772,1,Clientes de compra en fin de semana,34,3,1122.63,141,374.21000000000004,163.48980582524274,47.0,103.0,1,0.791907514450867
13774,0,Clientes estándar de bajo valor,82,1,345.0,22,345.0,345.0,22.0,0.0,1,0.0
13778,1,Clientes de compra en fin de semana,104,1,178.7,9,178.7,178.7,9.0,0.0,1,1.0
13780,0,Clientes estándar de bajo valor,8,2,360.01,56,180.005,66.25950920245398,28.0,163.0,1,0.0
13781,1,Clientes de compra en fin de semana,251,1,127.84,17,127.84,127.84,17.0,0.0,1,1.0
13782,1,Clientes de compra en fin de semana,13,6,908.86,96,151.47666666666666,86.55809523809523,16.0,63.0,1,0.9203539823008849
13784,3,Clientes de alto valor,10,11,2462.79,9,223.89,228.74210526315787,0.8181818181818182,32.3,1,0.0
13786,0,Clientes estándar de bajo valor,368,1,230.4,7,230.4,230.4,7.0,0.0,1,0.0
13787,1,Clientes de compra en fin de semana,76,2,309.04,24,154.52,32.080276816609,12.0,289.0,1,0.7741935483870968
13790,0,Clientes estándar de bajo valor,5,1,348.79999999999995,45,348.79999999999995,348.79999999999995,45.0,0.0,1,0.0
13791,0,Clientes estándar de bajo valor,128,2,1516.0,7,758.0,1109.2682926829268,3.5,41.0,1,0.0
13792,0,Clientes estándar de bajo valor,67,2,195.55,13,97.775,26.545248868778284,6.5,221.0,1,0.0
13799,0,Clientes estándar de bajo valor,117,2,688.86,32,344.43,116.1,16.0,178.0,1,0.0
13800,0,Clientes estándar de bajo valor,310,1,558.32,33,558.32,558.32,33.0,0.0,1,0.0
13801,0,Clientes estándar de bajo valor,67,1,324.8,23,324.8,324.8,23.0,0.0,1,0.0
13802,3,Clientes de alto valor,139,3,4179.42,54,1393.14,724.7549132947977,18.0,86.5,1,0.1724137931034483
13803,0,Clientes estándar de bajo valor,256,1,277.07,17,277.07,277.07,17.0,0.0,1,0.0
13804,3,Clientes de alto valor,31,7,2588.39,124,369.77,299.8135135135135,17.714285714285715,43.166666666666664,1,0.07407407407407407
13805,0,Clientes estándar de bajo valor,53,2,924.5999999999999,10,462.29999999999995,360.2337662337662,5.0,77.0,1,0.0
13806,0,Clientes estándar de bajo valor,64,1,256.38,10,256.38,256.38,10.0,0.0,1,0.0
13807,0,Clientes estándar de bajo valor,368,1,112.6,7,112.6,112.6,7.0,0.0,1,0.0
13808,2,Clientes activos de valor medio,6,5,1747.66,70,349.53200000000004,576.1516483516484,14.0,22.75,1,0.5263157894736842
13809,0,Clientes estándar de bajo valor,306,1,155.05,11,155.05,155.05,11.0,0.0,0,0.0
13810,0,Clientes estándar de bajo valor,29,2,827.51,30,413.755,827.51,15.0,28.0,0,0.0
13811,0,Clientes estándar de bajo valor,184,2,519.75,5,259.875,278.4375,2.5,56.0,0,0.0
13812,0,Clientes estándar de bajo valor,43,3,485.0,32,161.66666666666666,230.95238095238093,10.666666666666666,31.5,0,0.0
13813,2,Clientes activos de valor medio,40,4,1168.8600000000001,53,292.21500000000003,369.1136842105264,13.25,31.666666666666668,0,0.2153846153846154
13814,0,Clientes estándar de bajo valor,93,2,1579.12,37,789.56,1052.7466666666667,18.5,45.0,0,0.0
13815,3,Clientes de alto valor,23,4,3667.36,131,916.84,371.6918918918919,32.75,98.66666666666667,0,0.0
13816,0,Clientes estándar de bajo valor,24,2,499.67,24,249.835,365.61219512195123,12.0,41.0,0,0.0
13817,0,Clientes estándar de bajo valor,30,2,328.98,19,164.49,30.650310559006215,9.5,322.0,0,0.0
13819,0,Clientes estándar de bajo valor,302,3,1140.35,26,380.1166666666666,1140.35,8.666666666666666,9.0,1,0.0
13821,0,Clientes estándar de bajo valor,145,2,385.64,51,192.82,98.88205128205128,25.5,117.0,1,0.0
13822,1,Clientes de compra en fin de semana,6,2,632.0,90,316.0,541.7142857142857,45.0,35.0,1,1.0
13823,0,Clientes estándar de bajo valor,19,2,957.66,39,478.83,393.55890410958904,19.5,73.0,1,0.0
13824,0,Clientes estándar de bajo valor,33,5,1698.94,34,339.788,183.33884892086328,6.8,69.5,1,0.0
13826,0,Clientes estándar de bajo valor,177,1,189.5,10,189.5,189.5,10.0,0.0,1,0.0
13827,0,Clientes estándar de bajo valor,58,3,409.8,83,136.6,142.95348837209303,27.666666666666668,43.0,1,0.0
13828,0,Clientes estándar de bajo valor,23,1,209.49,15,209.49,209.49,15.0,0.0,1,0.0
13831,0,Clientes estándar de bajo valor,17,6,2198.45,58,366.4083333333333,186.83711048158636,9.666666666666666,70.6,1,0.1111111111111111
13832,1,Clientes de compra en fin de semana,20,1,52.2,3,52.2,52.2,3.0,0.0,1,1.0
13833,1,Clientes de compra en fin de semana,160,1,383.85,28,383.85,383.85,28.0,0.0,1,1.0
13835,2,Clientes activos de valor medio,26,4,834.57,48,208.6425,131.7742105263158,12.0,63.333333333333336,1,0.38181818181818183
13837,0,Clientes estándar de bajo valor,212,2,266.59000000000003,17,133.29500000000002,75.45000000000002,8.5,106.0,1,0.0
13838,1,Clientes de compra en fin de semana,6,4,674.82,144,168.705,55.617032967032976,36.0,121.33333333333333,1,1.0
13841,0,Clientes estándar de bajo valor,253,1,85.0,1,85.0,85.0,1.0,0.0,1,0.0
13842,3,Clientes de alto valor,59,9,3385.62,155,376.18,329.7681818181818,17.22222222222222,38.5,1,0.0
13844,0,Clientes estándar de bajo valor,12,1,361.62,20,361.62,361.62,20.0,0.0,1,0.0
13845,0,Clientes estándar de bajo valor,65,1,312.98,9,312.98,312.98,9.0,0.0,1,0.0
13846,0,Clientes estándar de bajo valor,25,3,865.0600000000001,55,288.35333333333335,77.23750000000001,18.333333333333332,168.0,1,0.0
13848,0,Clientes estándar de bajo valor,93,3,1255.0,3,418.3333333333333,137.4087591240876,1.0,137.0,1,0.0
13849,0,Clientes estándar de bajo valor,52,2,1537.95,97,768.975,387.718487394958,48.5,119.0,1,0.0
13850,3,Clientes de alto valor,130,1,1595.48,93,1595.48,1595.48,93.0,0.0,1,0.0
13851,0,Clientes estándar de bajo valor,96,3,2651.46,77,883.82,412.1440414507772,25.666666666666668,96.5,1,0.0
13853,0,Clientes estándar de bajo valor,58,1,1090.1399999999999,23,1090.1399999999999,1090.1399999999999,23.0,0.0,1,0.0
13854,3,Clientes de alto valor,9,25,8109.5199999999995,39,324.38079999999997,681.4722689075629,1.56,14.875,1,0.03636363636363636
13856,0,Clientes estándar de bajo valor,169,3,388.5,10,129.5,333.0,3.3333333333333335,17.5,1,0.0
13858,0,Clientes estándar de bajo valor,58,1,216.17000000000002,11,216.17000000000002,216.17000000000002,11.0,0.0,1,0.0
13859,0,Clientes estándar de bajo valor,327,1,201.16,27,201.16,201.16,27.0,0.0,1,0.0
13860,0,Clientes estándar de bajo valor,2,5,1245.9,58,249.18,439.7294117647059,11.6,21.25,1,0.0
13862,3,Clientes de alto valor,19,8,2209.36,97,276.17,211.08535031847134,12.125,44.857142857142854,1,0.14388489208633093
13863,0,Clientes estándar de bajo valor,248,1,305.78,20,305.78,305.78,20.0,0.0,1,0.0
13865,0,Clientes estándar de bajo valor,59,4,501.56,26,125.39,65.13766233766233,6.5,77.0,1,0.0
13866,0,Clientes estándar de bajo valor,75,1,145.67,7,145.67,145.67,7.0,0.0,1,0.0
13867,0,Clientes estándar de bajo valor,32,3,1005.09,51,335.03000000000003,161.24438502673797,17.0,93.5,1,0.0
13868,3,Clientes de alto valor,8,2,3192.54,32,1596.27,3089.554838709677,16.0,31.0,1,0.0
13869,3,Clientes de alto valor,124,4,3083.65,234,770.9125,395.3397435897436,58.5,78.0,1,0.1611842105263158
13870,3,Clientes de alto valor,3,8,2770.94,91,346.3675,291.6778947368421,11.375,40.714285714285715,1,0.2
13871,3,Clientes de alto valor,23,13,6403.25,155,492.5576923076923,671.6695804195805,11.923076923076923,23.833333333333332,1,0.0
13873,0,Clientes estándar de bajo valor,120,3,389.6,21,129.86666666666667,61.515789473684215,7.0,95.0,1,0.0
13874,0,Clientes estándar de bajo valor,359,1,540.45,18,540.45,540.45,18.0,0.0,1,0.0
13875,0,Clientes estándar de bajo valor,54,5,1786.79,79,357.358,216.1439516129032,15.8,62.0,1,0.11538461538461539
13876,0,Clientes estándar de bajo valor,64,1,122.7,7,122.7,122.7,7.0,0.0,1,0.0
13877,0,Clientes estándar de bajo valor,87,1,117.24,3,117.24,117.24,3.0,0.0,1,0.0
13878,1,Clientes de compra en fin de semana,55,1,1271.57,35,1271.57,1271.57,35.0,0.0,1,1.0
13880,3,Clientes de alto valor,22,13,3219.77,125,247.67461538461538,279.1708092485549,9.615384615384615,28.833333333333332,1,0.09696969696969697
13882,0,Clientes estándar de bajo valor,3,5,1191.13,54,238.22600000000003,576.3532258064516,10.8,15.5,1,0.0
13883,3,Clientes de alto valor,11,5,2674.48,108,534.896,330.18271604938275,21.6,60.75,1,0.0
13884,2,Clientes activos de valor medio,8,5,787.6,45,157.52,85.60869565217392,9.0,69.0,1,0.6101694915254238
13885,0,Clientes estándar de bajo valor,190,2,506.8,28,253.4,506.8,14.0,11.0,1,0.0
13886,0,Clientes estándar de bajo valor,72,1,243.56,16,243.56,243.56,16.0,0.0,1,0.0
13887,0,Clientes estándar de bajo valor,205,1,349.55,19,349.55,349.55,19.0,0.0,1,0.0
13888,0,Clientes estándar de bajo valor,120,2,595.67,38,297.835,180.5060606060606,19.0,99.0,1,0.0
13889,0,Clientes estándar de bajo valor,93,1,416.90000000000003,15,416.90000000000003,416.90000000000003,15.0,0.0,1,0.0
13890,3,Clientes de alto valor,2,10,1883.81,74,188.381,158.30336134453782,7.4,39.666666666666664,1,0.0
13892,0,Clientes estándar de bajo valor,27,4,632.97,26,158.2425,86.31409090909092,6.5,73.33333333333333,1,0.037037037037037035
13893,0,Clientes estándar de bajo valor,298,1,821.1,21,821.1,821.1,21.0,0.0,1,0.0
13894,0,Clientes estándar de bajo valor,24,3,564.62,25,188.20666666666668,59.019512195121955,8.333333333333334,143.5,1,0.0
13895,3,Clientes de alto valor,29,4,2593.07,97,648.2675,572.0007352941177,24.25,45.333333333333336,1,0.0
13897,0,Clientes estándar de bajo valor,51,1,311.16,17,311.16,311.16,17.0,0.0,1,0.0
13898,0,Clientes estándar de bajo valor,326,1,155.93,12,155.93,155.93,12.0,0.0,1,0.0
13899,0,Clientes estándar de bajo valor,17,2,388.52,19,194.26,45.17674418604651,9.5,258.0,1,0.0
13900,0,Clientes estándar de bajo valor,184,3,740.95,42,246.98333333333335,281.373417721519,14.0,39.5,1,0.0
13901,3,Clientes de alto valor,73,5,2867.2000000000003,144,573.44,349.65853658536594,28.8,61.5,1,0.0
13904,0,Clientes estándar de bajo valor,38,2,332.64,24,166.32,38.829571984435795,12.0,257.0,1,0.0
13908,0,Clientes estándar de bajo valor,80,4,2319.55,103,579.8875,353.2309644670051,25.75,65.66666666666667,1,0.0
13911,2,Clientes activos de valor medio,58,9,2580.91,120,286.7677777777778,308.47529880478083,13.333333333333334,31.375,1,0.24324324324324326
13914,0,Clientes estándar de bajo valor,12,2,626.45,28,313.225,626.45,14.0,25.0,1,0.0
13917,0,Clientes estándar de bajo valor,50,2,272.04,16,136.02,57.47323943661972,8.0,142.0,1,0.0
13918,0,Clientes estándar de bajo valor,50,2,1212.8400000000001,30,606.4200000000001,178.35882352941178,15.0,204.0,1,0.0
13919,0,Clientes estándar de bajo valor,60,2,348.81,23,174.405,168.7790322580645,11.5,62.0,0,0.0
13922,0,Clientes estándar de bajo valor,352,1,172.25,7,172.25,172.25,7.0,0.0,1,0.0
13923,0,Clientes estándar de bajo valor,54,1,351.13,20,351.13,351.13,20.0,0.0,1,0.0
13924,0,Clientes estándar de bajo valor,2,6,1838.8500000000001,90,306.475,776.9788732394367,15.0,14.2,1,0.0
13925,0,Clientes estándar de bajo valor,93,4,678.25,28,169.5625,484.4642857142857,7.0,14.0,1,0.0
13926,0,Clientes estándar de bajo valor,24,1,223.85000000000002,11,223.85000000000002,223.85000000000002,11.0,0.0,1,0.0
13927,0,Clientes estándar de bajo valor,75,1,348.99,21,348.99,348.99,21.0,0.0,1,0.0
13928,0,Clientes estándar de bajo valor,11,4,464.57,23,116.1425,113.30975609756098,5.75,41.0,1,0.0
13929,0,Clientes estándar de bajo valor,170,2,842.65,8,421.325,161.01592356687897,4.0,157.0,1,0.0
13930,0,Clientes estándar de bajo valor,58,2,337.34,15,168.67,128.10379746835443,7.5,79.0,1,0.0
13931,0,Clientes estándar de bajo valor,96,2,1237.53,56,618.765,200.68054054054053,28.0,185.0,1,0.0
13932,0,Clientes estándar de bajo valor,295,1,307.4,16,307.4,307.4,16.0,0.0,1,0.0
13933,0,Clientes estándar de bajo valor,110,2,608.79,23,304.395,468.29999999999995,11.5,39.0,1,0.0
13934,0,Clientes estándar de bajo valor,264,1,922.1,31,922.1,922.1,31.0,0.0,1,0.0
13936,0,Clientes estándar de bajo valor,180,1,376.58,26,376.58,376.58,26.0,0.0,1,0.0
13937,0,Clientes estándar de bajo valor,170,1,158.85,9,158.85,158.85,9.0,0.0,1,0.0
13938,0,Clientes estándar de bajo valor,36,1,71.66,7,71.66,71.66,7.0,0.0,1,0.0
13939,0,Clientes estándar de bajo valor,24,3,568.55,43,189.51666666666665,59.22395833333333,14.333333333333334,144.0,1,0.0
13940,0,Clientes estándar de bajo valor,18,4,839.14,39,209.785,198.22204724409448,9.75,42.333333333333336,1,0.0
13941,3,Clientes de alto valor,22,5,5112.96,24,1022.592,437.00512820512824,4.8,87.75,1,0.17777777777777778
13946,2,Clientes activos de valor medio,80,3,561.57,11,187.19000000000003,89.6122340425532,3.6666666666666665,94.0,1,0.45454545454545453
13947,0,Clientes estándar de bajo valor,66,1,90.60000000000001,5,90.60000000000001,90.60000000000001,5.0,0.0,1,0.0
13948,0,Clientes estándar de bajo valor,361,1,102.0,3,102.0,102.0,3.0,0.0,1,0.0
13949,3,Clientes de alto valor,3,6,2427.32,124,404.55333333333334,791.5173913043478,20.666666666666668,18.4,1,0.1125
13950,0,Clientes estándar de bajo valor,12,4,728.5600000000001,32,182.14000000000001,93.0076595744681,8.0,78.33333333333333,1,0.0
13951,2,Clientes activos de valor medio,177,3,674.45,38,224.8166666666667,171.47033898305088,12.666666666666666,59.0,1,0.5128205128205128
13953,3,Clientes de alto valor,8,7,3515.68,8,502.23999999999995,305.71130434782606,1.1428571428571428,57.5,1,0.0
13954,0,Clientes estándar de bajo valor,2,2,439.92,24,219.96,191.26956521739132,12.0,69.0,1,0.0
13955,0,Clientes estándar de bajo valor,155,2,322.96,33,161.48,64.16423841059603,16.5,151.0,1,0.0
13956,1,Clientes de compra en fin de semana,6,5,1019.27,123,203.85399999999998,114.95526315789473,24.6,66.5,1,1.0
13959,0,Clientes estándar de bajo valor,80,3,594.04,79,198.01333333333332,62.972438162544165,26.333333333333332,141.5,1,0.17777777777777778
13960,0,Clientes estándar de bajo valor,22,2,230.22,11,115.11,138.132,5.5,50.0,1,0.0
13962,0,Clientes estándar de bajo valor,22,2,169.54999999999998,11,84.77499999999999,22.707589285714285,5.5,224.0,1,0.0
13963,0,Clientes estándar de bajo valor,309,4,664.54,35,166.135,337.9016949152542,8.75,19.666666666666668,1,0.17142857142857143
13967,1,Clientes de compra en fin de semana,146,1,80.7,2,80.7,80.7,2.0,0.0,1,1.0
13969,3,Clientes de alto valor,8,18,9024.17,334,501.34277777777777,756.2153631284916,18.555555555555557,21.058823529411764,1,0.0
13971,3,Clientes de alto valor,19,8,2758.26,118,344.7825,309.9168539325843,14.75,38.142857142857146,1,0.10738255033557047
13972,2,Clientes activos de valor medio,71,2,190.25,15,95.125,43.56870229007634,7.5,131.0,1,0.6
13973,0,Clientes estándar de bajo valor,288,1,264.7,11,264.7,264.7,11.0,0.0,1,0.0
13974,0,Clientes estándar de bajo valor,50,1,413.59000000000003,28,413.59000000000003,413.59000000000003,28.0,0.0,1,0.0
13975,3,Clientes de alto valor,32,6,2461.2400000000002,240,410.2066666666667,301.3763265306123,40.0,49.0,1,0.03343465045592705
13976,0,Clientes estándar de bajo valor,207,1,357.98,10,357.98,357.98,10.0,0.0,1,0.0
13978,0,Clientes estándar de bajo valor,15,2,196.79,14,98.395,190.44193548387094,7.0,31.0,1,0.0
13979,0,Clientes estándar de bajo valor,74,1,869.87,54,869.87,869.87,54.0,0.0,1,0.0
13980,0,Clientes estándar de bajo valor,61,1,200.14,11,200.14,200.14,11.0,0.0,1,0.0
13982,0,Clientes estándar de bajo valor,40,4,1871.81,72,467.9525,172.25245398773004,18.0,108.66666666666667,1,0.0
13983,3,Clientes de alto valor,30,12,2603.43,91,216.9525,231.7593471810089,7.583333333333333,30.636363636363637,1,0.056074766355140186
13984,2,Clientes activos de valor medio,27,5,920.51,14,184.102,81.22147058823529,2.8,85.0,1,0.25
13985,3,Clientes de alto valor,5,15,7060.13,108,470.67533333333336,814.6303846153846,7.2,18.571428571428573,1,0.05730659025787966
13986,0,Clientes estándar de bajo valor,18,1,320.46,12,320.46,320.46,12.0,0.0,1,0.0
13988,3,Clientes de alto valor,20,6,4147.96,188,691.3266666666667,529.5268085106384,31.333333333333332,47.0,1,0.11538461538461539
13989,0,Clientes estándar de bajo valor,66,2,1266.08,33,633.04,218.28965517241377,16.5,174.0,1,0.0
13990,0,Clientes estándar de bajo valor,214,1,311.3,16,311.3,311.3,16.0,0.0,1,0.0
13991,1,Clientes de compra en fin de semana,13,6,851.88,57,141.98,195.08702290076337,9.5,26.2,1,0.7037037037037037
13992,0,Clientes estándar de bajo valor,31,1,76.8,5,76.8,76.8,5.0,0.0,1,0.0
13993,2,Clientes activos de valor medio,43,9,3466.36,66,385.1511111111111,361.0791666666667,7.333333333333333,36.0,1,0.2644628099173554
13994,3,Clientes de alto valor,4,6,2274.14,122,379.0233333333333,470.511724137931,20.333333333333332,29.0,1,0.0
13995,0,Clientes estándar de bajo valor,16,5,1393.69,55,278.738,181.78565217391304,11.0,57.5,1,0.0
13999,3,Clientes de alto valor,11,12,3901.81,102,325.1508333333333,333.4880341880342,8.5,31.90909090909091,1,0.0
14000,0,Clientes estándar de bajo valor,212,1,635.66,15,635.66,635.66,15.0,0.0,1,0.0
14001,0,Clientes estándar de bajo valor,46,3,2043.0800000000002,34,681.0266666666668,186.86707317073171,11.333333333333334,164.0,1,0.0
14002,0,Clientes estándar de bajo valor,135,2,529.73,47,264.865,529.73,23.5,22.0,1,0.0
14004,3,Clientes de alto valor,44,7,4582.64,102,654.6628571428572,561.1395918367348,14.571428571428571,40.833333333333336,1,0.16374269005847952
14005,2,Clientes activos de valor medio,10,5,2874.72,53,574.944,418.6485436893204,10.6,51.5,1,0.35714285714285715
14006,0,Clientes estándar de bajo valor,116,3,962.19,22,320.73,146.5263959390863,7.333333333333333,98.5,1,0.0
14009,0,Clientes estándar de bajo valor,199,2,695.61,42,347.805,695.61,21.0,7.0,1,0.0
14012,0,Clientes estándar de bajo valor,278,1,328.8,11,328.8,328.8,11.0,0.0,1,0.0
14013,1,Clientes de compra en fin de semana,111,3,473.02,30,157.67333333333332,86.00363636363636,10.0,82.5,1,0.7647058823529411
14014,0,Clientes estándar de bajo valor,78,1,505.18,39,505.18,505.18,39.0,0.0,1,0.0
14015,0,Clientes estándar de bajo valor,53,1,917.34,20,917.34,917.34,20.0,0.0,1,0.0
14019,2,Clientes activos de valor medio,47,3,1421.6100000000001,37,473.87000000000006,463.5684782608696,12.333333333333334,46.0,1,0.3787878787878788
14020,0,Clientes estándar de bajo valor,17,2,642.8,37,321.4,267.8333333333333,18.5,72.0,1,0.0
14021,0,Clientes estándar de bajo valor,156,3,631.9,22,210.63333333333333,187.69306930693068,7.333333333333333,50.5,1,0.0
14022,0,Clientes estándar de bajo valor,226,1,440.0,28,440.0,440.0,28.0,0.0,1,0.0
14023,2,Clientes activos de valor medio,8,2,584.07,30,292.035,72.10740740740742,15.0,243.0,1,0.5161290322580645
14024,1,Clientes de compra en fin de semana,122,2,327.7,16,163.85,327.7,8.0,3.0,1,0.8125
14027,0,Clientes estándar de bajo valor,61,1,104.82,6,104.82,104.82,6.0,0.0,1,0.0
14029,0,Clientes estándar de bajo valor,64,2,467.66,15,233.83,173.2074074074074,7.5,81.0,1,0.0
14030,3,Clientes de alto valor,19,8,2358.84,210,294.855,203.348275862069,26.25,49.714285714285715,1,0.17355371900826447
14031,3,Clientes de alto valor,8,17,14700.86,117,864.7564705882353,1208.2898630136988,6.882352941176471,22.8125,1,0.0
14032,3,Clientes de alto valor,3,11,2975.59,53,270.5081818181818,245.24093406593408,4.818181818181818,36.4,1,0.1048951048951049
14034,0,Clientes estándar de bajo valor,23,3,509.09,80,169.69666666666666,113.13111111111111,26.666666666666668,67.5,1,0.0
14035,2,Clientes activos de valor medio,29,5,1428.02,41,285.604,159.25873605947956,8.2,67.25,1,0.42424242424242425
14036,0,Clientes estándar de bajo valor,285,1,626.65,38,626.65,626.65,38.0,0.0,1,0.0
14037,0,Clientes estándar de bajo valor,177,2,147.20000000000002,27,73.60000000000001,23.489361702127663,13.5,188.0,1,0.0
14038,0,Clientes estándar de bajo valor,79,3,1560.38,64,520.1266666666667,362.8790697674419,21.333333333333332,64.5,1,0.0
14039,1,Clientes de compra en fin de semana,34,1,152.2,6,152.2,152.2,6.0,0.0,1,1.0
14040,1,Clientes de compra en fin de semana,41,12,3560.32,146,296.6933333333333,367.0432989690722,12.166666666666666,26.454545454545453,1,0.7336244541484717
14041,0,Clientes estándar de bajo valor,267,1,141.41,21,141.41,141.41,21.0,0.0,1,0.0
14044,1,Clientes de compra en fin de semana,27,4,646.42,165,161.605,68.5250883392226,41.25,94.33333333333333,1,0.7378640776699029
14045,0,Clientes estándar de bajo valor,110,4,1659.75,4,414.9375,188.60795454545453,1.0,88.0,1,0.0
14046,0,Clientes estándar de bajo valor,285,1,151.59,13,151.59,151.59,13.0,0.0,1,0.0
14047,0,Clientes estándar de bajo valor,9,5,1308.6100000000001,22,261.72200000000004,107.85247252747254,4.4,91.0,1,0.0
14048,0,Clientes estándar de bajo valor,306,1,409.93,83,409.93,409.93,83.0,0.0,1,0.0
14050,0,Clientes estándar de bajo valor,32,2,746.36,49,373.18,298.544,24.5,75.0,1,0.0
14052,1,Clientes de compra en fin de semana,20,1,225.35999999999999,56,225.35999999999999,225.35999999999999,56.0,0.0,1,1.0
14053,1,Clientes de compra en fin de semana,125,2,260.25,2,130.125,223.07142857142856,1.0,35.0,1,1.0
14054,0,Clientes estándar de bajo valor,66,1,92.46000000000001,6,92.46000000000001,92.46000000000001,6.0,0.0,1,0.0
14055,0,Clientes estándar de bajo valor,107,1,725.6400000000001,10,725.6400000000001,725.6400000000001,10.0,0.0,1,0.0
14057,3,Clientes de alto valor,24,17,6211.66,179,365.39176470588234,552.9667655786351,10.529411764705882,21.0625,1,0.11307420494699646
14059,0,Clientes estándar de bajo valor,267,1,183.6,8,183.6,183.6,8.0,0.0,1,0.0
14060,3,Clientes de alto valor,5,19,6140.42,86,323.18,500.5777173913043,4.526315789473684,20.444444444444443,1,0.04455445544554455
14062,3,Clientes de alto valor,10,12,10464.85,60,872.0708333333333,884.3535211267606,5.0,32.27272727272727,1,0.0
14064,0,Clientes estándar de bajo valor,30,5,1334.34,59,266.868,163.38857142857142,11.8,61.25,1,0.0
14066,0,Clientes estándar de bajo valor,267,1,152.55,7,152.55,152.55,7.0,0.0,1,0.0
14067,2,Clientes activos de valor medio,64,2,374.7,51,187.35,340.6363636363636,25.5,33.0,1,0.4807692307692308
14068,1,Clientes de compra en fin de semana,321,1,265.85,22,265.85,265.85,22.0,0.0,1,1.0
14071,2,Clientes activos de valor medio,4,8,1422.75,270,177.84375,163.5344827586207,33.75,37.285714285714285,1,0.3426791277258567
14073,0,Clientes estándar de bajo valor,33,1,151.04,13,151.04,151.04,13.0,0.0,1,0.0
14075,2,Clientes activos de valor medio,5,3,942.26,33,314.08666666666664,109.99143968871596,11.0,128.5,1,0.3953488372093023
14076,0,Clientes estándar de bajo valor,130,1,118.67,43,118.67,118.67,43.0,0.0,1,0.0
14077,0,Clientes estándar de bajo valor,41,5,499.42,33,99.884,64.02820512820513,6.6,58.5,1,0.047619047619047616
14078,0,Clientes estándar de bajo valor,102,6,1049.37,46,174.89499999999998,115.73933823529411,7.666666666666667,54.4,1,0.0
14079,1,Clientes de compra en fin de semana,125,1,375.1,12,375.1,375.1,12.0,0.0,1,1.0
14080,0,Clientes estándar de bajo valor,33,1,45.599999999999994,4,45.599999999999994,45.599999999999994,4.0,0.0,1,0.0
14081,2,Clientes activos de valor medio,303,2,921.62,126,460.81,412.66567164179105,63.0,67.0,1,0.46
14082,0,Clientes estándar de bajo valor,365,1,182.25,28,182.25,182.25,28.0,0.0,1,0.0
14083,0,Clientes estándar de bajo valor,5,9,1002.9,162,111.43333333333334,81.98092643051771,18.0,45.875,1,0.0
14085,3,Clientes de alto valor,3,18,4421.29,272,245.62722222222223,362.40081967213115,15.11111111111111,21.529411764705884,1,0.0
14087,0,Clientes estándar de bajo valor,3,1,191.47,61,191.47,191.47,61.0,0.0,1,0.0
14089,0,Clientes estándar de bajo valor,57,1,158.75,13,158.75,158.75,13.0,0.0,1,0.0
14090,0,Clientes estándar de bajo valor,325,1,76.32000000000001,1,76.32000000000001,76.32000000000001,1.0,0.0,1,0.0
14092,3,Clientes de alto valor,8,14,4076.9100000000003,117,291.20785714285716,348.4538461538462,8.357142857142858,27.0,1,0.17757009345794392
14093,1,Clientes de compra en fin de semana,13,1,433.86,95,433.86,433.86,95.0,0.0,1,1.0
14098,0,Clientes estándar de bajo valor,37,1,147.35,21,147.35,147.35,21.0,0.0,1,0.0
14099,3,Clientes de alto valor,17,11,3104.17,167,282.1972727272727,275.5180473372781,15.181818181818182,33.8,1,0.0
14100,0,Clientes estándar de bajo valor,138,1,191.95,24,191.95,191.95,24.0,0.0,1,0.0
14101,3,Clientes de alto valor,74,6,5976.79,15,996.1316666666667,708.7102766798419,2.5,50.6,1,0.11428571428571428
14102,0,Clientes estándar de bajo valor,6,5,1082.48,34,216.496,832.6769230769231,6.8,9.75,1,0.08771929824561403
14104,0,Clientes estándar de bajo valor,155,2,216.21,21,108.105,216.21,10.5,11.0,1,0.0
14105,0,Clientes estándar de bajo valor,240,1,1266.23,74,1266.23,1266.23,74.0,0.0,1,0.0
14107,3,Clientes de alto valor,52,7,2703.23,61,386.17571428571426,259.0955271565495,8.714285714285714,52.166666666666664,1,0.2032520325203252
14108,0,Clientes estándar de bajo valor,31,2,597.91,33,298.955,252.63802816901406,16.5,71.0,1,0.0
14109,0,Clientes estándar de bajo valor,73,1,144.2,9,144.2,144.2,9.0,0.0,1,0.0
14110,3,Clientes de alto valor,4,12,5683.15,94,473.5958333333333,648.2680608365018,7.833333333333333,23.90909090909091,1,0.0
14111,0,Clientes estándar de bajo valor,15,4,692.85,10,173.2125,91.5660792951542,2.5,75.66666666666667,1,0.0
14112,2,Clientes activos de valor medio,23,7,2915.15,117,416.45,345.6699604743083,16.714285714285715,42.166666666666664,1,0.275
14113,0,Clientes estándar de bajo valor,4,4,1840.42,26,460.105,157.30085470085473,6.5,117.0,1,0.0
14114,0,Clientes estándar de bajo valor,274,2,386.53,15,193.265,203.43684210526314,7.5,57.0,1,0.0
14116,0,Clientes estándar de bajo valor,20,5,1382.74,61,276.548,406.68823529411765,12.2,25.5,1,0.1111111111111111
14117,0,Clientes estándar de bajo valor,144,1,90.0,3,90.0,90.0,3.0,0.0,1,0.0
14121,3,Clientes de alto valor,4,4,2780.15,148,695.0375,1489.3660714285716,37.0,18.666666666666668,1,0.0
14124,0,Clientes estándar de bajo valor,85,1,419.58,4,419.58,419.58,4.0,0.0,1,0.0
14125,3,Clientes de alto valor,11,3,2720.63,159,906.8766666666667,1200.2779411764707,53.0,34.0,1,0.0
14126,0,Clientes estándar de bajo valor,8,3,706.1300000000001,14,235.3766666666667,706.1300000000001,4.666666666666667,1.5,1,0.0
14127,0,Clientes estándar de bajo valor,123,3,709.71,39,236.57000000000002,113.25159574468086,13.0,94.0,1,0.0
14128,0,Clientes estándar de bajo valor,61,2,637.5,40,318.75,98.07692307692308,20.0,195.0,1,0.0
14129,0,Clientes estándar de bajo valor,2,5,1123.8600000000001,31,224.77200000000002,130.176833976834,6.2,64.75,1,0.0
14130,0,Clientes estándar de bajo valor,320,1,480.91,66,480.91,480.91,66.0,0.0,1,0.0
14132,3,Clientes de alto valor,3,11,3586.03,100,326.00272727272727,594.3696132596685,9.090909090909092,18.1,1,0.0
14133,0,Clientes estándar de bajo valor,130,3,605.64,25,201.88,97.68387096774192,8.333333333333334,93.0,1,0.0
14135,3,Clientes de alto valor,2,15,4690.31,95,312.68733333333336,379.2703504043127,6.333333333333333,26.5,1,0.08208955223880597
14138,0,Clientes estándar de bajo valor,2,2,965.88,40,482.94,467.3612903225806,20.0,62.0,1,0.0
14139,0,Clientes estándar de bajo valor,47,1,415.82,26,415.82,415.82,26.0,0.0,1,0.0
14140,0,Clientes estándar de bajo valor,4,2,935.05,60,467.525,935.05,30.0,28.0,1,0.0
14141,0,Clientes estándar de bajo valor,3,4,915.13,27,228.7825,266.54271844660195,6.75,34.333333333333336,1,0.0
14142,0,Clientes estándar de bajo valor,374,1,311.81,22,311.81,311.81,22.0,0.0,1,0.0
14143,0,Clientes estándar de bajo valor,134,1,115.8,7,115.8,115.8,7.0,0.0,1,0.0
14145,3,Clientes de alto valor,47,4,3742.2,6,935.55,656.5263157894736,1.5,57.0,1,0.0
14146,3,Clientes de alto valor,9,5,4191.0,183,838.2,360.25787965616047,36.6,87.25,1,0.0
14147,2,Clientes activos de valor medio,79,2,483.4,4,241.7,70.05797101449275,2.0,207.0,1,0.4
14148,0,Clientes estándar de bajo valor,234,1,157.2,3,157.2,157.2,3.0,0.0,1,0.0
14149,0,Clientes estándar de bajo valor,221,1,446.62,28,446.62,446.62,28.0,0.0,1,0.0
14150,0,Clientes estándar de bajo valor,36,2,658.64,23,329.32,60.98518518518518,11.5,324.0,1,0.0
14152,2,Clientes activos de valor medio,76,2,621.29,47,310.645,117.22452830188679,23.5,159.0,1,0.40816326530612246
14154,0,Clientes estándar de bajo valor,240,2,1345.62,52,672.81,1345.62,26.0,0.0,1,0.0
14155,0,Clientes estándar de bajo valor,267,1,118.75,6,118.75,118.75,6.0,0.0,1,0.0
14157,1,Clientes de compra en fin de semana,20,2,424.89000000000004,45,212.44500000000002,47.919924812030075,22.5,266.0,1,1.0
14158,1,Clientes de compra en fin de semana,41,1,507.65999999999997,41,507.65999999999997,507.65999999999997,41.0,0.0,1,1.0
14161,1,Clientes de compra en fin de semana,216,3,1097.6200000000001,87,365.8733333333334,213.82207792207794,29.0,77.0,1,1.0
14162,1,Clientes de compra en fin de semana,174,2,289.36,25,144.68,72.94789915966386,12.5,119.0,1,1.0
14163,2,Clientes activos de valor medio,88,4,2445.91,36,611.4775,482.7453947368421,9.0,50.666666666666664,1,0.3269230769230769
14164,0,Clientes estándar de bajo valor,71,2,1631.77,28,815.885,1631.77,14.0,10.0,1,0.0
14165,0,Clientes estándar de bajo valor,276,1,120.44,23,120.44,120.44,23.0,0.0,1,0.0
14167,0,Clientes estándar de bajo valor,40,4,562.59,27,140.6475,57.80034246575343,6.75,97.33333333333333,1,0.0
14171,0,Clientes estándar de bajo valor,99,1,363.79,57,363.79,363.79,57.0,0.0,1,0.0
14173,0,Clientes estándar de bajo valor,11,4,450.84,28,112.71,64.71387559808612,7.0,69.66666666666667,1,0.0
14174,1,Clientes de compra en fin de semana,34,1,134.46,26,134.46,134.46,26.0,0.0,1,1.0
14175,3,Clientes de alto valor,60,3,3222.3,139,1074.1000000000001,358.03333333333336,46.333333333333336,135.0,1,0.0
14176,0,Clientes estándar de bajo valor,298,4,576.9000000000001,28,144.22500000000002,247.24285714285716,7.0,23.333333333333332,1,0.0
14177,0,Clientes estándar de bajo valor,87,4,549.46,37,137.365,177.24516129032259,9.25,31.0,1,0.0
14178,3,Clientes de alto valor,9,7,1580.26,190,225.75142857142856,272.45862068965516,27.142857142857142,29.0,1,0.16139240506329114
14179,2,Clientes activos de valor medio,41,2,701.57,135,350.785,701.57,67.5,12.0,1,0.24203821656050956
14180,3,Clientes de alto valor,11,25,4748.52,112,189.94080000000002,393.5237569060774,4.48,15.083333333333334,1,0.025
14184,0,Clientes estándar de bajo valor,67,1,452.89,24,452.89,452.89,24.0,0.0,1,0.0
14185,0,Clientes estándar de bajo valor,332,1,197.65,3,197.65,197.65,3.0,0.0,1,0.0
14188,0,Clientes estándar de bajo valor,31,6,2054.36,34,342.3933333333334,220.11,5.666666666666667,56.0,1,0.0
14189,3,Clientes de alto valor,3,15,4654.08,176,310.272,381.4819672131148,11.733333333333333,26.142857142857142,1,0.07547169811320754
14191,3,Clientes de alto valor,2,13,4684.76,145,360.36615384615385,641.7479452054795,11.153846153846153,18.25,1,0.0
14193,0,Clientes estándar de bajo valor,68,2,853.39,35,426.695,126.74108910891088,17.5,202.0,1,0.0
14195,2,Clientes activos de valor medio,202,2,1012.0,7,506.0,595.2941176470588,3.5,51.0,1,0.2857142857142857
14196,0,Clientes estándar de bajo valor,107,1,335.52,6,335.52,335.52,6.0,0.0,1,0.0
14198,2,Clientes activos de valor medio,19,4,701.4,35,175.35,95.21266968325791,8.75,73.66666666666667,1,0.23076923076923078
14199,0,Clientes estándar de bajo valor,219,1,185.39999999999998,2,185.39999999999998,185.39999999999998,2.0,0.0,1,0.0
14201,0,Clientes estándar de bajo valor,61,7,747.44,32,106.77714285714286,74.99397993311037,4.571428571428571,49.833333333333336,1,0.16216216216216217
14204,0,Clientes estándar de bajo valor,3,1,150.61,36,150.61,150.61,36.0,0.0,1,0.0
14205,2,Clientes activos de valor medio,17,2,466.7,23,233.35,56.45564516129031,11.5,248.0,1,0.5833333333333334
14206,0,Clientes estándar de bajo valor,240,1,328.15999999999997,20,328.15999999999997,328.15999999999997,20.0,0.0,1,0.0
14208,0,Clientes estándar de bajo valor,95,1,151.74,10,151.74,151.74,10.0,0.0,1,0.0
14209,0,Clientes estándar de bajo valor,11,6,2073.43,55,345.57166666666666,193.17670807453416,9.166666666666666,64.4,1,0.0
14210,0,Clientes estándar de bajo valor,106,6,1905.8400000000001,66,317.64000000000004,214.94436090225565,11.0,53.2,1,0.0
14211,3,Clientes de alto valor,54,9,2241.1,87,249.0111111111111,277.8223140495868,9.666666666666666,30.25,1,0.11607142857142858
14212,1,Clientes de compra en fin de semana,90,1,1070.48,9,1070.48,1070.48,9.0,0.0,1,1.0
14214,0,Clientes estándar de bajo valor,31,5,1004.38,64,200.876,121.98947368421054,12.8,61.75,1,0.0
14215,0,Clientes estándar de bajo valor,12,6,1789.72,98,298.2866666666667,150.39663865546217,16.333333333333332,71.4,1,0.0
14216,3,Clientes de alto valor,4,4,1839.3,47,459.825,1622.9117647058824,11.75,11.333333333333334,1,0.0
14217,3,Clientes de alto valor,2,17,2004.98,78,117.94,164.79287671232876,4.588235294117647,22.8125,1,0.11
14218,0,Clientes estándar de bajo valor,43,1,169.48000000000002,12,169.48000000000002,169.48000000000002,12.0,0.0,1,0.0
14219,0,Clientes estándar de bajo valor,5,1,89.94,7,89.94,89.94,7.0,0.0,1,0.0
14220,0,Clientes estándar de bajo valor,248,2,632.4000000000001,21,316.20000000000005,170.91891891891893,10.5,111.0,1,0.0
14221,3,Clientes de alto valor,43,9,3432.8,123,381.4222222222222,346.74747474747477,13.666666666666666,37.125,1,0.0
14222,0,Clientes estándar de bajo valor,178,1,683.17,41,683.17,683.17,41.0,0.0,1,0.0
14223,2,Clientes activos de valor medio,93,3,991.13,50,330.37666666666667,172.87151162790698,16.666666666666668,86.0,1,0.3
14224,1,Clientes de compra en fin de semana,111,4,1009.73,105,252.4325,144.24714285714285,26.25,70.0,1,1.0
14226,0,Clientes estándar de bajo valor,29,5,2214.79,64,442.95799999999997,275.7,12.8,60.25,1,0.0
14227,3,Clientes de alto valor,27,10,3350.96,117,335.096,389.646511627907,11.7,28.666666666666668,1,0.08571428571428572
14229,0,Clientes estándar de bajo valor,52,3,1547.2,29,515.7333333333333,164.59574468085106,9.666666666666666,141.0,1,0.0
14231,0,Clientes estándar de bajo valor,184,3,925.71,47,308.57,264.48857142857145,15.666666666666666,52.5,1,0.0
14232,2,Clientes activos de valor medio,43,5,2048.07,81,409.61400000000003,276.7662162162162,16.2,55.5,1,0.40869565217391307
14233,0,Clientes estándar de bajo valor,50,4,1462.72,30,365.68,163.73731343283583,7.5,89.33333333333333,1,0.0
14234,0,Clientes estándar de bajo valor,23,4,754.12,122,188.53,646.3885714285714,30.5,11.666666666666666,1,0.0
14235,3,Clientes de alto valor,76,5,3144.86,65,628.972,509.9772972972973,13.0,46.25,1,0.08860759493670886
14236,0,Clientes estándar de bajo valor,81,2,490.86,15,245.43,50.430821917808224,7.5,292.0,1,0.0
14237,0,Clientes estándar de bajo valor,374,1,161.0,9,161.0,161.0,9.0,0.0,1,0.0
14238,0,Clientes estándar de bajo valor,327,1,146.85,8,146.85,146.85,8.0,0.0,1,0.0
14239,3,Clientes de alto valor,44,11,2380.85,83,216.4409090909091,261.63186813186815,7.545454545454546,27.3,1,0.0
14240,0,Clientes estándar de bajo valor,31,2,890.34,37,445.17,136.97538461538463,18.5,195.0,1,0.0
14241,0,Clientes estándar de bajo valor,184,1,213.70000000000002,10,213.70000000000002,213.70000000000002,10.0,0.0,1,0.0
14242,0,Clientes estándar de bajo valor,235,2,280.55,13,140.275,92.48901098901099,6.5,91.0,1,0.0
14243,3,Clientes de alto valor,9,10,2588.77,99,258.877,217.5436974789916,9.9,39.666666666666664,1,0.0
14245,0,Clientes estándar de bajo valor,220,2,1693.45,107,846.725,1154.625,53.5,44.0,1,0.0
14246,2,Clientes activos de valor medio,111,3,1474.06,57,491.3533333333333,327.56888888888886,19.0,67.5,1,0.3333333333333333
14247,1,Clientes de compra en fin de semana,279,1,136.77,19,136.77,136.77,19.0,0.0,1,1.0
14248,0,Clientes estándar de bajo valor,319,1,302.58,8,302.58,302.58,8.0,0.0,1,0.0
14250,2,Clientes activos de valor medio,8,3,1904.05,94,634.6833333333333,696.6036585365854,31.333333333333332,41.0,1,0.6666666666666666
14251,3,Clientes de alto valor,2,5,2879.7000000000003,37,575.94,1542.6964285714287,7.4,14.0,1,0.0
14256,0,Clientes estándar de bajo valor,261,2,969.0600000000001,51,484.53000000000003,279.53653846153844,25.5,104.0,1,0.0
14257,3,Clientes de alto valor,65,5,3099.7200000000003,88,619.9440000000001,366.1086614173229,17.6,63.5,1,0.0660377358490566
14258,3,Clientes de alto valor,10,9,12669.98,58,1407.7755555555555,1158.8396341463415,6.444444444444445,41.0,1,0.1981981981981982
14259,0,Clientes estándar de bajo valor,142,1,120.0,5,120.0,120.0,5.0,0.0,1,0.0
14261,0,Clientes estándar de bajo valor,51,2,1163.45,52,581.725,1163.45,26.0,28.0,1,0.0
14262,3,Clientes de alto valor,9,8,2618.23,87,327.27875,338.56422413793103,10.875,33.142857142857146,1,0.0
14264,0,Clientes estándar de bajo valor,155,2,333.97,15,166.985,110.10000000000001,7.5,91.0,1,0.0
14265,0,Clientes estándar de bajo valor,110,2,530.18,31,265.09,407.8307692307692,15.5,39.0,0,0.0
14267,0,Clientes estándar de bajo valor,163,3,1516.24,25,505.41333333333336,464.15510204081636,8.333333333333334,49.0,1,0.0
14270,0,Clientes estándar de bajo valor,332,1,492.65000000000003,29,492.65000000000003,492.65000000000003,29.0,0.0,1,0.0
14271,0,Clientes estándar de bajo valor,226,1,112.32000000000001,10,112.32000000000001,112.32000000000001,10.0,0.0,1,0.0
14272,0,Clientes estándar de bajo valor,74,2,437.96,33,218.98,72.59005524861878,16.5,181.0,1,0.0
14273,0,Clientes estándar de bajo valor,52,4,559.97,22,139.9925,87.95340314136126,5.5,63.666666666666664,1,0.0
14276,2,Clientes activos de valor medio,99,3,1119.74,52,373.24666666666667,175.87539267015708,17.333333333333332,95.5,1,0.375
14280,0,Clientes estándar de bajo valor,197,1,134.04,8,134.04,134.04,8.0,0.0,1,0.0
14282,3,Clientes de alto valor,4,15,3701.44,70,246.76266666666666,305.0637362637363,4.666666666666667,26.0,1,0.05844155844155844
14284,0,Clientes estándar de bajo valor,31,2,595.25,24,297.625,318.88392857142856,12.0,56.0,1,0.0
14285,2,Clientes activos de valor medio,22,4,1910.01,18,477.5025,369.6793548387096,4.5,51.666666666666664,1,0.5925925925925926
14287,0,Clientes estándar de bajo valor,9,3,176.63,9,58.876666666666665,27.888947368421054,3.0,95.0,1,0.0
14288,0,Clientes estándar de bajo valor,214,1,426.6,16,426.6,426.6,16.0,0.0,1,0.0
14289,0,Clientes estándar de bajo valor,9,6,911.26,33,151.87666666666667,97.28754448398576,5.5,56.2,1,0.0
14290,0,Clientes estándar de bajo valor,12,5,2314.65,89,462.93,198.39857142857144,17.8,87.5,1,0.0
14291,3,Clientes de alto valor,2,11,3883.25,145,353.02272727272725,425.1733576642336,13.181818181818182,27.4,1,0.0
14292,3,Clientes de alto valor,8,9,4871.93,64,541.3255555555556,531.4832727272728,7.111111111111111,34.375,1,0.2
14293,0,Clientes estándar de bajo valor,4,4,1046.56,51,261.64,86.0186301369863,12.75,121.66666666666667,1,0.0
14295,1,Clientes de compra en fin de semana,41,1,166.20000000000002,5,166.20000000000002,166.20000000000002,5.0,0.0,1,1.0
14297,0,Clientes estándar de bajo valor,18,4,1305.33,48,326.3325,152.37315175097277,12.0,85.66666666666667,1,0.0
14299,3,Clientes de alto valor,9,9,3965.62,94,440.6244444444444,333.24537815126047,10.444444444444445,44.625,1,0.0
14300,0,Clientes estándar de bajo valor,19,1,43.2,3,43.2,43.2,3.0,0.0,1,0.0
14301,1,Clientes de compra en fin de semana,118,1,640.14,13,640.14,640.14,13.0,0.0,1,1.0
14304,1,Clientes de compra en fin de semana,223,1,383.45,17,383.45,383.45,17.0,0.0,1,1.0
14305,0,Clientes estándar de bajo valor,72,3,1858.96,96,619.6533333333333,871.3875,32.0,32.0,1,0.0
14306,3,Clientes de alto valor,52,2,2093.32,33,1046.66,1847.0470588235296,16.5,34.0,1,0.0
14307,3,Clientes de alto valor,89,6,2995.7200000000003,150,499.2866666666667,315.3389473684211,25.0,57.0,1,0.0
14309,3,Clientes de alto valor,9,9,2352.53,74,261.39222222222224,201.6454285714286,8.222222222222221,43.75,1,0.0
14311,0,Clientes estándar de bajo valor,243,1,310.26,20,310.26,310.26,20.0,0.0,1,0.0
14312,0,Clientes estándar de bajo valor,47,6,1611.5900000000001,74,268.59833333333336,166.1432989690722,12.333333333333334,58.2,1,0.0
14314,0,Clientes estándar de bajo valor,107,1,120.0,8,120.0,120.0,8.0,0.0,1,0.0
14315,0,Clientes estándar de bajo valor,45,6,2481.13,64,413.5216666666667,335.28783783783786,10.666666666666666,44.4,1,0.0
14317,0,Clientes estándar de bajo valor,65,1,508.58,24,508.58,508.58,24.0,0.0,1,0.0
14320,0,Clientes estándar de bajo valor,207,2,477.79,29,238.895,113.75952380952381,14.5,126.0,1,0.0
14321,0,Clientes estándar de bajo valor,11,5,1530.75,111,306.15,142.1749226006192,22.2,80.75,1,0.0
14323,0,Clientes estándar de bajo valor,115,2,605.0600000000001,32,302.53000000000003,146.38548387096773,16.0,124.0,1,0.0
14326,0,Clientes estándar de bajo valor,243,1,183.85,8,183.85,183.85,8.0,0.0,1,0.0
14327,0,Clientes estándar de bajo valor,164,1,311.65000000000003,12,311.65000000000003,311.65000000000003,12.0,0.0,1,0.0
14329,3,Clientes de alto valor,18,7,4975.24,218,710.7485714285714,478.3884615384615,31.142857142857142,52.0,1,0.0
14331,0,Clientes estándar de bajo valor,125,2,462.66,27,231.33,462.66,13.5,11.0,1,0.14285714285714285
14332,0,Clientes estándar de bajo valor,23,3,840.21,22,280.07,201.6504,7.333333333333333,62.5,1,0.0
14333,0,Clientes estándar de bajo valor,68,1,415.2,15,415.2,415.2,15.0,0.0,1,0.0
14334,3,Clientes de alto valor,17,8,2552.21,98,319.02625,223.87807017543858,12.25,48.857142857142854,1,0.0
14335,1,Clientes de compra en fin de semana,17,2,454.86,55,227.43,170.57250000000002,27.5,80.0,0,0.6666666666666666
14336,0,Clientes estándar de bajo valor,17,4,1614.91,77,403.7275,186.33576923076924,19.25,86.66666666666667,1,0.0
14338,0,Clientes estándar de bajo valor,162,2,588.22,30,294.11,504.18857142857144,15.0,35.0,1,0.0
14339,0,Clientes estándar de bajo valor,243,1,309.52000000000004,14,309.52000000000004,309.52000000000004,14.0,0.0,1,0.0
14340,0,Clientes estándar de bajo valor,219,1,134.7,6,134.7,134.7,6.0,0.0,1,0.0
14341,3,Clientes de alto valor,46,8,2166.98,109,270.8725,238.12967032967035,13.625,39.0,1,0.1953125
14342,0,Clientes estándar de bajo valor,22,4,668.5600000000001,18,167.14000000000001,106.12063492063493,4.5,63.0,1,0.0
14344,0,Clientes estándar de bajo valor,128,8,889.9300000000001,56,111.24125000000001,110.77966804979253,7.0,34.42857142857143,1,0.0
14345,0,Clientes estándar de bajo valor,39,1,108.98,6,108.98,108.98,6.0,0.0,1,0.0
14346,0,Clientes estándar de bajo valor,121,2,1021.58,55,510.79,173.1491525423729,27.5,177.0,1,0.0
14348,0,Clientes estándar de bajo valor,261,1,409.57,18,409.57,409.57,18.0,0.0,1,0.0
14349,0,Clientes estándar de bajo valor,11,1,133.5,31,133.5,133.5,31.0,0.0,1,0.0
14350,0,Clientes estándar de bajo valor,275,1,282.93,18,282.93,282.93,18.0,0.0,1,0.0
14351,0,Clientes estándar de bajo valor,165,1,51.0,1,51.0,51.0,1.0,0.0,1,0.0
14352,0,Clientes estándar de bajo valor,158,4,1078.96,44,269.74,279.04137931034484,11.0,38.666666666666664,1,0.0
14353,1,Clientes de compra en fin de semana,216,1,90.6,6,90.6,90.6,6.0,0.0,1,1.0
14354,2,Clientes activos de valor medio,6,2,163.62,9,81.81,163.62,4.5,25.0,1,0.3333333333333333
14355,0,Clientes estándar de bajo valor,366,1,174.4,11,174.4,174.4,11.0,0.0,1,0.0
14356,0,Clientes estándar de bajo valor,80,2,701.23,33,350.615,701.23,16.5,2.0,1,0.0
14357,0,Clientes estándar de bajo valor,44,1,225.12,39,225.12,225.12,39.0,0.0,1,0.0
14359,0,Clientes estándar de bajo valor,20,3,912.1800000000001,44,304.06,402.43235294117653,14.666666666666666,34.0,1,0.14545454545454545
14360,3,Clientes de alto valor,32,4,2118.03,104,529.5075,1008.5857142857143,26.0,21.0,1,0.0
14362,0,Clientes estándar de bajo valor,23,1,151.5,37,151.5,151.5,37.0,0.0,1,0.0
14364,3,Clientes de alto valor,109,8,3717.35,61,464.66875,1082.7233009708739,7.625,14.714285714285714,1,0.18840579710144928
14367,3,Clientes de alto valor,9,15,9165.87,270,611.0580000000001,1026.030223880597,18.0,19.142857142857142,1,0.07335907335907337
14368,0,Clientes estándar de bajo valor,320,1,155.0,8,155.0,155.0,8.0,0.0,1,0.0
14371,0,Clientes estándar de bajo valor,296,1,100.5,4,100.5,100.5,4.0,0.0,1,0.0
14373,0,Clientes estándar de bajo valor,359,1,76.55,4,76.55,76.55,4.0,0.0,1,0.0
14375,0,Clientes estándar de bajo valor,186,1,235.56,57,235.56,235.56,57.0,0.0,1,0.0
14377,0,Clientes estándar de bajo valor,192,2,617.05,11,308.525,260.72535211267603,5.5,71.0,1,0.0
14379,0,Clientes estándar de bajo valor,45,2,348.1,39,174.05,41.60557768924303,19.5,251.0,1,0.0
14381,0,Clientes estándar de bajo valor,53,1,202.68,56,202.68,202.68,56.0,0.0,1,0.0
14383,0,Clientes estándar de bajo valor,39,3,1247.69,49,415.8966666666667,299.4456,16.333333333333332,62.5,1,0.0
14385,0,Clientes estándar de bajo valor,10,3,202.10999999999999,13,67.36999999999999,202.10999999999999,4.333333333333333,7.0,1,0.0
14386,0,Clientes estándar de bajo valor,297,1,142.4,7,142.4,142.4,7.0,0.0,1,0.0
14387,0,Clientes estándar de bajo valor,33,3,1727.6,125,575.8666666666667,673.090909090909,41.666666666666664,38.5,1,0.0
14388,3,Clientes de alto valor,11,8,3212.84,124,401.605,266.2574585635359,15.5,51.714285714285715,1,0.0
14389,0,Clientes estándar de bajo valor,66,2,1043.46,33,521.73,250.4304,16.5,125.0,1,0.0
14390,3,Clientes de alto valor,11,9,4642.57,135,515.8411111111111,384.74337016574583,15.0,45.25,1,0.0
14393,0,Clientes estándar de bajo valor,219,1,67.95,5,67.95,67.95,5.0,0.0,1,0.0
14395,3,Clientes de alto valor,3,9,3479.91,181,386.65666666666664,282.15486486486486,20.11111111111111,46.25,1,0.19827586206896552
14396,0,Clientes estándar de bajo valor,66,2,487.99,71,243.995,47.8421568627451,35.5,306.0,1,0.0
14397,3,Clientes de alto valor,3,19,2612.96,18,137.52421052631578,371.51090047393365,0.9473684210526315,11.722222222222221,1,0.11494252873563218
14400,0,Clientes estándar de bajo valor,150,1,574.7,25,574.7,574.7,25.0,0.0,1,0.0
14401,3,Clientes de alto valor,5,13,4051.48,113,311.6523076923077,342.3785915492958,8.692307692307692,29.583333333333332,1,0.0
14403,0,Clientes estándar de bajo valor,131,4,1475.81,17,368.9525,378.41282051282053,4.25,39.0,1,0.0
14404,2,Clientes activos de valor medio,34,6,1409.72,69,234.95333333333335,125.86785714285715,11.5,67.2,1,0.5454545454545454
14406,0,Clientes estándar de bajo valor,120,1,156.75,8,156.75,156.75,8.0,0.0,1,0.0
14407,0,Clientes estándar de bajo valor,108,5,2142.73,66,428.546,380.3662721893491,13.2,42.25,1,0.0
14408,3,Clientes de alto valor,11,7,2599.03,60,371.29,306.9720472440945,8.571428571428571,42.333333333333336,1,0.08490566037735849
14409,0,Clientes estándar de bajo valor,72,5,1908.25,40,381.65,192.75252525252526,8.0,74.25,1,0.0
14410,0,Clientes estándar de bajo valor,93,9,1099.27,152,122.14111111111112,154.82676056338028,16.88888888888889,26.625,1,0.0
14411,0,Clientes estándar de bajo valor,311,1,1063.0,14,1063.0,1063.0,14.0,0.0,1,0.0
14412,0,Clientes estándar de bajo valor,43,2,770.03,43,385.015,770.03,21.5,30.0,1,0.0
14413,1,Clientes de compra en fin de semana,363,1,121.05,22,121.05,121.05,22.0,0.0,1,1.0
14414,2,Clientes activos de valor medio,92,7,1496.98,79,213.8542857142857,168.2,11.285714285714286,44.5,1,0.21649484536082475
14415,3,Clientes de alto valor,2,13,5855.57,283,450.42846153846153,489.32339832869076,21.76923076923077,29.916666666666668,1,0.04145077720207254
14416,0,Clientes estándar de bajo valor,23,2,490.22,13,245.11,490.22,6.5,20.0,1,0.0
14418,0,Clientes estándar de bajo valor,4,3,1937.25,114,645.75,553.5,38.0,52.5,1,0.0
14419,0,Clientes estándar de bajo valor,11,6,1051.79,112,175.29833333333332,89.13474576271186,18.666666666666668,70.8,1,0.0
14420,0,Clientes estándar de bajo valor,100,1,387.52,29,387.52,387.52,29.0,0.0,1,0.0
14421,0,Clientes estándar de bajo valor,58,2,813.11,25,406.555,158.39805194805194,12.5,154.0,1,0.0
14422,3,Clientes de alto valor,1,6,4263.64,189,710.6066666666667,479.06067415730337,31.5,53.4,1,0.0
14423,0,Clientes estándar de bajo valor,219,1,265.2,3,265.2,265.2,3.0,0.0,1,0.0
14424,0,Clientes estándar de bajo valor,18,1,322.08,1,322.08,322.08,1.0,0.0,1,0.0
14426,3,Clientes de alto valor,24,10,4481.67,183,448.16700000000003,465.22525951557094,18.3,32.111111111111114,1,0.0
14427,0,Clientes estándar de bajo valor,51,2,363.34000000000003,16,181.67000000000002,363.34000000000003,8.0,13.0,1,0.0
14428,0,Clientes estándar de bajo valor,8,5,1224.06,108,244.81199999999998,115.47735849056603,21.6,79.5,1,0.0
14431,0,Clientes estándar de bajo valor,303,1,470.36,17,470.36,470.36,17.0,0.0,1,0.0
14434,0,Clientes estándar de bajo valor,22,6,1372.8,3,228.79999999999998,807.5294117647059,0.5,10.2,1,0.0
14436,0,Clientes estándar de bajo valor,99,1,89.06,9,89.06,89.06,9.0,0.0,1,0.0
14437,0,Clientes estándar de bajo valor,366,1,63.0,5,63.0,63.0,5.0,0.0,1,0.0
14438,1,Clientes de compra en fin de semana,307,1,131.9,9,131.9,131.9,9.0,0.0,1,1.0
14440,0,Clientes estándar de bajo valor,9,5,2357.68,33,471.53599999999994,198.12436974789915,6.6,89.25,1,0.0
14441,0,Clientes estándar de bajo valor,1,4,1712.89,43,428.2225,201.5164705882353,10.75,85.0,1,0.0
14442,0,Clientes estándar de bajo valor,205,2,1589.82,58,794.91,425.84464285714284,29.0,112.0,0,0.0
14443,2,Clientes activos de valor medio,54,4,1420.2,84,355.05,135.25714285714287,21.0,105.0,1,0.27956989247311825
14446,0,Clientes estándar de bajo valor,1,4,1005.55,232,251.3875,122.62804878048782,58.0,82.0,1,0.0
14447,0,Clientes estándar de bajo valor,19,5,1163.23,54,232.64600000000002,133.19427480916033,10.8,65.5,1,0.0
14448,0,Clientes estándar de bajo valor,10,2,375.35,20,187.675,31.719718309859154,10.0,355.0,1,0.0
14449,0,Clientes estándar de bajo valor,19,4,885.8,201,221.45,75.06779661016948,50.25,118.0,1,0.0
14450,1,Clientes de compra en fin de semana,181,3,483.25,32,161.08333333333334,103.55357142857142,10.666666666666666,70.0,1,1.0
14451,2,Clientes activos de valor medio,61,2,643.9,86,321.95,144.15671641791045,43.0,134.0,1,0.49523809523809526
14452,0,Clientes estándar de bajo valor,11,2,259.05,55,129.525,93.63253012048193,27.5,83.0,1,0.0
14453,0,Clientes estándar de bajo valor,191,1,119.93,22,119.93,119.93,22.0,0.0,1,0.0
14457,0,Clientes estándar de bajo valor,311,1,113.64,4,113.64,113.64,4.0,0.0,1,0.0
14459,3,Clientes de alto valor,156,1,1837.92,37,1837.92,1837.92,37.0,0.0,1,0.0
14460,2,Clientes activos de valor medio,111,3,434.34,14,144.78,65.151,4.666666666666667,100.0,1,0.375
14461,3,Clientes de alto valor,149,3,2102.67,172,700.89,558.2309734513275,57.333333333333336,56.5,1,0.0
14462,3,Clientes de alto valor,67,11,1975.57,149,179.59727272727272,217.0956043956044,13.545454545454545,27.3,1,0.10775862068965517
14463,0,Clientes estándar de bajo valor,99,3,529.62,6,176.54,148.49158878504673,2.0,53.5,1,0.0
14465,0,Clientes estándar de bajo valor,247,3,1038.44,107,346.1466666666667,556.3071428571428,35.666666666666664,28.0,1,0.0
14466,0,Clientes estándar de bajo valor,30,7,2272.4,35,324.62857142857143,198.7521865889213,5.0,57.166666666666664,1,0.1388888888888889
14467,0,Clientes estándar de bajo valor,18,4,596.26,67,149.065,60.63661016949152,16.75,98.33333333333333,1,0.0
14470,0,Clientes estándar de bajo valor,12,2,461.19,43,230.595,50.12934782608696,21.5,276.0,1,0.0
14472,1,Clientes de compra en fin de semana,104,8,1852.67,153,231.58375,220.5559523809524,19.125,36.0,1,1.0
14473,0,Clientes estándar de bajo valor,75,2,234.34,7,117.17,33.79903846153846,3.5,208.0,1,0.0
14474,0,Clientes estándar de bajo valor,47,1,547.66,29,547.66,547.66,29.0,0.0,1,0.0
14475,0,Clientes estándar de bajo valor,72,3,925.85,35,308.6166666666667,119.20815450643777,11.666666666666666,116.5,1,0.0
14476,1,Clientes de compra en fin de semana,258,1,193.0,17,193.0,193.0,17.0,0.0,1,1.0
14477,2,Clientes activos de valor medio,20,4,1309.6,7,327.4,141.32374100719423,1.75,92.66666666666667,1,0.3
14479,0,Clientes estándar de bajo valor,254,2,316.25,18,158.125,84.70982142857143,9.0,112.0,1,0.0
14480,0,Clientes estándar de bajo valor,12,1,279.05,13,279.05,279.05,13.0,0.0,1,0.0
14481,0,Clientes estándar de bajo valor,165,2,636.51,25,318.255,155.24634146341464,12.5,123.0,1,0.0
14482,0,Clientes estándar de bajo valor,19,6,2022.81,110,337.135,274.589592760181,18.333333333333332,44.2,1,0.08029197080291971
14483,0,Clientes estándar de bajo valor,282,1,137.1,9,137.1,137.1,9.0,0.0,1,0.0
14484,0,Clientes estándar de bajo valor,51,1,321.92,14,321.92,321.92,14.0,0.0,1,0.0
14485,0,Clientes estándar de bajo valor,39,1,162.8,44,162.8,162.8,44.0,0.0,1,0.0
14487,1,Clientes de compra en fin de semana,27,6,1165.48,112,194.24666666666667,102.23508771929825,18.666666666666668,68.4,1,0.9071428571428571
14488,0,Clientes estándar de bajo valor,68,1,1064.28,46,1064.28,1064.28,46.0,0.0,1,0.0
14489,0,Clientes estándar de bajo valor,208,1,463.38,30,463.38,463.38,30.0,0.0,1,0.0
14491,0,Clientes estándar de bajo valor,176,2,340.93,17,170.465,51.91827411167513,8.5,197.0,1,0.0
14493,3,Clientes de alto valor,8,5,2383.2400000000002,95,476.648,483.0891891891892,19.0,37.0,1,0.0
14494,0,Clientes estándar de bajo valor,26,1,139.56,7,139.56,139.56,7.0,0.0,1,0.0
14495,0,Clientes estándar de bajo valor,51,2,123.80000000000001,6,61.900000000000006,52.30985915492958,3.0,71.0,1,0.0
14496,0,Clientes estándar de bajo valor,312,2,538.8100000000001,16,269.40500000000003,260.71451612903223,8.0,62.0,1,0.0
14497,0,Clientes estándar de bajo valor,310,1,475.37,29,475.37,475.37,29.0,0.0,1,0.0
14498,0,Clientes estándar de bajo valor,43,5,1957.32,162,391.464,184.07398119122257,32.4,79.75,1,0.0
14499,1,Clientes de compra en fin de semana,27,3,808.44,146,269.48,96.24285714285715,48.666666666666664,126.0,1,0.7684210526315789
14500,0,Clientes estándar de bajo valor,89,3,356.85,6,118.95,105.9950495049505,2.0,50.5,1,0.0
14501,0,Clientes estándar de bajo valor,184,2,251.21,9,125.605,55.413970588235294,4.5,136.0,1,0.0
14503,3,Clientes de alto valor,4,6,3543.26,113,590.5433333333334,607.416,18.833333333333332,35.0,1,0.21951219512195122
14504,1,Clientes de compra en fin de semana,48,4,673.26,85,168.315,87.43636363636364,21.25,77.0,1,0.794392523364486
14506,3,Clientes de alto valor,18,5,1960.65,204,392.13,167.10085227272728,40.8,88.0,1,0.15254237288135594
14507,2,Clientes activos de valor medio,24,6,1352.88,77,225.48000000000002,160.4205533596838,12.833333333333334,50.6,1,0.3118279569892473
14508,2,Clientes activos de valor medio,23,2,268.05,52,134.025,120.0223880597015,26.0,67.0,1,0.43636363636363634
14511,2,Clientes activos de valor medio,12,5,1314.81,53,262.962,323.31393442622954,10.6,30.5,1,0.25
14512,2,Clientes activos de valor medio,188,2,275.28,19,137.64,183.51999999999998,9.5,45.0,1,0.391304347826087
14513,0,Clientes estándar de bajo valor,101,3,455.59000000000003,11,151.86333333333334,72.70053191489362,3.6666666666666665,94.0,1,0.0
14514,2,Clientes activos de valor medio,62,3,990.2,65,330.06666666666666,110.02222222222223,21.666666666666668,135.0,1,0.6231884057971014
14515,0,Clientes estándar de bajo valor,18,6,2076.89,68,346.1483333333333,309.9835820895522,11.333333333333334,40.2,1,0.0
14517,2,Clientes activos de valor medio,34,2,330.45,17,165.225,91.79166666666666,8.5,108.0,1,0.2222222222222222
14518,0,Clientes estándar de bajo valor,65,1,174.37,16,174.37,174.37,16.0,0.0,1,0.0
14520,0,Clientes estándar de bajo valor,2,2,270.6,3,135.3,28.08996539792388,1.5,289.0,1,0.0
14522,0,Clientes estándar de bajo valor,25,4,974.54,15,243.635,168.0241379310345,3.75,58.0,1,0.0
14523,0,Clientes estándar de bajo valor,109,1,241.09,12,241.09,241.09,12.0,0.0,1,0.0
14524,2,Clientes activos de valor medio,32,9,1843.83,161,204.87,168.1303951367781,17.88888888888889,41.125,1,0.2233502538071066
14525,3,Clientes de alto valor,20,9,4215.9,217,468.4333333333333,369.81578947368416,24.11111111111111,42.75,1,0.22695035460992907
14528,0,Clientes estándar de bajo valor,38,1,364.21999999999997,18,364.21999999999997,364.21999999999997,18.0,0.0,1,0.0
14529,2,Clientes activos de valor medio,61,3,578.61,177,192.87,347.166,59.0,25.0,1,0.2347417840375587
14530,3,Clientes de alto valor,26,6,2862.11,140,477.0183333333334,316.8387453874539,23.333333333333332,54.2,1,0.0
14532,1,Clientes de compra en fin de semana,237,4,932.85,45,233.2125,241.2543103448276,11.25,38.666666666666664,1,0.78125
14533,2,Clientes activos de valor medio,25,7,1949.72,53,278.5314285714286,178.3280487804878,7.571428571428571,54.666666666666664,1,0.4032258064516129
14534,3,Clientes de alto valor,3,18,4395.65,330,244.20277777777775,417.3085443037974,18.333333333333332,18.58823529411765,1,0.0
14535,3,Clientes de alto valor,61,3,2854.84,280,951.6133333333333,455.55957446808515,93.33333333333333,94.0,1,0.0
14536,0,Clientes estándar de bajo valor,260,1,170.95,18,170.95,170.95,18.0,0.0,1,0.0
14537,0,Clientes estándar de bajo valor,58,1,355.56,10,355.56,355.56,10.0,0.0,1,0.0
14538,0,Clientes estándar de bajo valor,65,2,388.25,19,194.125,60.6640625,9.5,192.0,1,0.0
14539,0,Clientes estándar de bajo valor,16,2,537.48,31,268.74,537.48,15.5,29.0,1,0.0
14540,2,Clientes activos de valor medio,10,3,952.66,64,317.55333333333334,95.26599999999999,21.333333333333332,150.0,1,0.6338028169014085
14541,0,Clientes estándar de bajo valor,59,8,1453.35,71,181.66875,167.05172413793105,8.875,37.285714285714285,1,0.0
14542,0,Clientes estándar de bajo valor,186,1,103.25,5,103.25,103.25,5.0,0.0,1,0.0
14543,3,Clientes de alto valor,29,16,3560.08,41,222.505,317.8642857142857,2.5625,22.4,1,0.0
14544,0,Clientes estándar de bajo valor,25,2,2004.3,97,1002.15,178.42433234421367,48.5,337.0,1,0.0
14546,2,Clientes activos de valor medio,6,5,2573.93,250,514.786,317.7691358024691,50.0,60.75,1,0.43828715365239296
14548,0,Clientes estándar de bajo valor,151,2,652.8,2,326.4,117.26946107784431,1.0,167.0,1,0.0
14549,0,Clientes estándar de bajo valor,312,1,289.24,56,289.24,289.24,56.0,0.0,1,0.0
14550,0,Clientes estándar de bajo valor,11,2,757.37,38,378.685,668.2676470588235,19.0,34.0,1,0.0
14551,0,Clientes estándar de bajo valor,19,2,186.23,9,93.115,30.037096774193547,4.5,186.0,1,0.0
14552,0,Clientes estándar de bajo valor,152,1,164.22,57,164.22,164.22,57.0,0.0,1,0.0
14553,2,Clientes activos de valor medio,20,5,859.27,103,171.85399999999998,80.5565625,20.6,80.0,1,0.6548672566371682
14554,3,Clientes de alto valor,11,4,2279.4900000000002,147,569.8725000000001,1628.207142857143,36.75,14.0,1,0.0
14555,0,Clientes estándar de bajo valor,58,2,312.54,18,156.27,38.270204081632656,9.0,245.0,1,0.0
14557,0,Clientes estándar de bajo valor,86,1,788.38,16,788.38,788.38,16.0,0.0,1,0.0
14560,3,Clientes de alto valor,8,22,2237.77,39,101.71681818181818,191.80885714285716,1.7727272727272727,16.666666666666668,1,0.02702702702702703
14561,2,Clientes activos de valor medio,76,3,1080.76,67,360.25333333333333,297.45688073394496,22.333333333333332,54.5,1,0.4782608695652174
14562,3,Clientes de alto valor,4,18,4850.22,185,269.4566666666667,483.4106312292359,10.277777777777779,17.705882352941178,1,0.14742014742014742
14565,3,Clientes de alto valor,96,4,2949.12,110,737.28,332.60751879699245,27.5,88.66666666666667,1,0.0
14567,0,Clientes estándar de bajo valor,57,2,1530.3600000000001,33,765.1800000000001,620.4162162162162,16.5,74.0,1,0.0
14569,0,Clientes estándar de bajo valor,2,1,227.39,10,227.39,227.39,10.0,0.0,1,0.0
14570,0,Clientes estándar de bajo valor,281,2,217.21,28,108.605,217.21,14.0,0.0,1,0.0
14572,2,Clientes activos de valor medio,4,7,2804.54,190,400.6485714285714,262.1065420560748,27.142857142857142,53.5,1,0.42366412213740456
14573,0,Clientes estándar de bajo valor,180,8,1622.92,127,202.865,252.26735751295337,15.875,27.571428571428573,1,0.08888888888888889
14576,0,Clientes estándar de bajo valor,373,1,35.400000000000006,1,35.400000000000006,35.400000000000006,1.0,0.0,1,0.0
14577,2,Clientes activos de valor medio,13,4,859.71,86,214.9275,73.68942857142858,21.5,116.66666666666667,1,0.5772357723577236
14578,0,Clientes estándar de bajo valor,4,1,168.63,24,168.63,168.63,24.0,0.0,1,0.0
14581,0,Clientes estándar de bajo valor,17,1,138.6,16,138.6,138.6,16.0,0.0,1,0.0
14582,1,Clientes de compra en fin de semana,41,1,114.11,6,114.11,114.11,6.0,0.0,1,1.0
14583,2,Clientes activos de valor medio,6,5,986.96,243,197.392,148.044,48.6,50.0,1,0.2947019867549669
14584,0,Clientes estándar de bajo valor,170,4,1033.06,68,258.265,1033.06,17.0,9.666666666666666,1,0.0
14585,0,Clientes estándar de bajo valor,51,1,157.05,29,157.05,157.05,29.0,0.0,1,0.0
14586,0,Clientes estándar de bajo valor,277,1,237.35999999999999,19,237.35999999999999,237.35999999999999,19.0,0.0,1,0.0
14587,3,Clientes de alto valor,19,9,1580.29,170,175.58777777777777,151.46549520766771,18.88888888888889,39.125,1,0.0
14589,0,Clientes estándar de bajo valor,372,1,39.75,3,39.75,39.75,3.0,0.0,1,0.0
14591,0,Clientes estándar de bajo valor,16,4,1320.21,138,330.0525,200.0318181818182,34.5,66.0,1,0.0
14592,0,Clientes estándar de bajo valor,36,3,557.94,132,185.98000000000002,557.94,44.0,14.5,1,0.0
14593,0,Clientes estándar de bajo valor,22,3,617.15,127,205.71666666666667,104.60169491525423,42.333333333333336,88.5,1,0.0
14594,0,Clientes estándar de bajo valor,8,2,363.33,48,181.665,29.781147540983607,24.0,366.0,1,0.0
14595,2,Clientes activos de valor medio,20,6,1740.6000000000001,94,290.1,177.6122448979592,15.666666666666666,58.8,1,0.20588235294117646
14597,0,Clientes estándar de bajo valor,12,2,866.24,45,433.12,144.37333333333333,22.5,180.0,1,0.0
14598,0,Clientes estándar de bajo valor,45,1,221.97,49,221.97,221.97,49.0,0.0,1,0.0
14600,0,Clientes estándar de bajo valor,306,1,393.33000000000004,25,393.33000000000004,393.33000000000004,25.0,0.0,1,0.0
14601,0,Clientes estándar de bajo valor,11,1,213.96,7,213.96,213.96,7.0,0.0,1,0.0
14603,0,Clientes estándar de bajo valor,275,1,660.0,2,660.0,660.0,2.0,0.0,1,0.0
14607,3,Clientes de alto valor,16,10,9873.1,37,987.3100000000001,1204.0365853658539,3.7,27.333333333333332,1,0.0
14608,0,Clientes estándar de bajo valor,5,4,1785.15,8,446.2875,149.59357541899442,2.0,119.33333333333333,1,0.05
14609,0,Clientes estándar de bajo valor,73,4,601.56,2,150.39,80.56607142857142,0.5,74.66666666666667,1,0.0
14616,0,Clientes estándar de bajo valor,243,3,406.08000000000004,2,135.36,162.43200000000002,0.6666666666666666,37.5,1,0.0
14618,0,Clientes estándar de bajo valor,10,3,553.44,10,184.48000000000002,50.619512195121956,3.3333333333333335,164.0,1,0.0
14619,0,Clientes estándar de bajo valor,246,1,394.44,20,394.44,394.44,20.0,0.0,1,0.0
14620,0,Clientes estándar de bajo valor,206,2,412.78000000000003,26,206.39000000000001,158.76153846153846,13.0,78.0,1,0.0
14621,2,Clientes activos de valor medio,2,5,1788.3600000000001,80,357.672,150.28235294117647,16.0,89.25,1,0.18478260869565216
14622,0,Clientes estándar de bajo valor,185,1,320.58000000000004,21,320.58000000000004,320.58000000000004,21.0,0.0,1,0.0
14623,0,Clientes estándar de bajo valor,33,5,882.02,107,176.404,130.34778325123153,21.4,50.75,1,0.0
14624,0,Clientes estándar de bajo valor,58,2,225.85,13,112.925,225.85,6.5,2.0,1,0.0
14625,0,Clientes estándar de bajo valor,197,2,899.63,51,449.815,163.5690909090909,25.5,165.0,1,0.0
14626,3,Clientes de alto valor,24,4,2791.27,108,697.8175,398.7528571428571,27.0,70.0,1,0.0
14628,0,Clientes estándar de bajo valor,92,2,671.96,22,335.98,133.5019867549669,11.0,151.0,1,0.0
14629,2,Clientes activos de valor medio,5,2,955.26,133,477.63,666.460465116279,66.5,43.0,1,0.5533333333333333
14631,0,Clientes estándar de bajo valor,51,3,1006.98,38,335.66,121.81209677419353,12.666666666666666,124.0,1,0.0
14632,0,Clientes estándar de bajo valor,263,1,114.56,8,114.56,114.56,8.0,0.0,1,0.0
14633,0,Clientes estándar de bajo valor,267,1,344.90000000000003,20,344.90000000000003,344.90000000000003,20.0,0.0,1,0.0
14636,0,Clientes estándar de bajo valor,37,2,609.85,27,304.925,78.85991379310344,13.5,232.0,1,0.0
14638,0,Clientes estándar de bajo valor,51,1,443.6,16,443.6,443.6,16.0,0.0,1,0.0
14639,3,Clientes de alto valor,53,6,2984.4900000000002,138,497.415,289.75631067961166,23.0,61.8,1,0.0
14640,0,Clientes estándar de bajo valor,25,6,2107.38,87,351.23,311.4354679802956,14.5,40.6,1,0.0
14641,0,Clientes estándar de bajo valor,22,1,110.46000000000001,7,110.46000000000001,110.46000000000001,7.0,0.0,1,0.0
14642,0,Clientes estándar de bajo valor,59,1,96.12,2,96.12,96.12,2.0,0.0,1,0.0
14643,0,Clientes estándar de bajo valor,171,2,693.8100000000001,30,346.90500000000003,110.71436170212768,15.0,188.0,1,0.0
14644,0,Clientes estándar de bajo valor,68,2,830.76,26,415.38,107.89090909090909,13.0,231.0,1,0.0
14645,0,Clientes estándar de bajo valor,157,2,597.09,28,298.545,150.52689075630252,14.0,119.0,1,0.0
14647,1,Clientes de compra en fin de semana,202,1,236.04000000000002,24,236.04000000000002,236.04000000000002,24.0,0.0,1,1.0
14649,0,Clientes estándar de bajo valor,5,4,1402.59,148,350.6475,202.2966346153846,37.0,69.33333333333333,1,0.0
14651,0,Clientes estándar de bajo valor,68,2,653.75,95,326.875,136.19791666666669,47.5,144.0,1,0.0
14652,0,Clientes estándar de bajo valor,78,1,114.18,29,114.18,114.18,29.0,0.0,1,0.0
14653,2,Clientes activos de valor medio,2,7,1916.7,153,273.81428571428575,170.62611275964395,21.857142857142858,56.166666666666664,1,0.2532188841201717
14655,2,Clientes activos de valor medio,9,4,1932.23,35,483.0575,270.8733644859813,8.75,71.33333333333333,1,0.2857142857142857
14656,0,Clientes estándar de bajo valor,170,2,291.05,73,145.525,76.5921052631579,36.5,114.0,1,0.0
14657,0,Clientes estándar de bajo valor,18,4,848.22,103,212.055,82.35145631067961,25.75,103.0,1,0.0
14658,1,Clientes de compra en fin de semana,6,2,247.15,27,123.575,66.20089285714286,13.5,112.0,1,1.0
14659,3,Clientes de alto valor,9,9,2529.93,147,281.1033333333333,247.22442996742672,16.333333333333332,38.375,1,0.20948616600790515
14660,0,Clientes estándar de bajo valor,87,2,285.74,24,142.87,285.74,12.0,14.0,1,0.0
14661,1,Clientes de compra en fin de semana,27,1,107.95,4,107.95,107.95,4.0,0.0,1,1.0
14662,0,Clientes estándar de bajo valor,29,4,741.37,143,185.3425,77.22604166666667,35.75,96.0,1,0.0
14664,1,Clientes de compra en fin de semana,20,2,636.24,78,318.12,636.24,39.0,14.0,1,1.0
14665,2,Clientes activos de valor medio,90,4,1276.18,62,319.045,173.2371040723982,15.5,73.66666666666667,1,0.36923076923076925
14666,0,Clientes estándar de bajo valor,25,1,179.95,13,179.95,179.95,13.0,0.0,1,0.0
14669,0,Clientes estándar de bajo valor,242,3,1259.24,158,419.74666666666667,415.134065934066,52.666666666666664,45.5,1,0.0
14670,0,Clientes estándar de bajo valor,281,2,392.86,107,196.43,392.86,53.5,0.0,1,0.0
14672,0,Clientes estándar de bajo valor,235,2,765.5500000000001,58,382.77500000000003,225.16176470588238,29.0,102.0,1,0.0
14673,0,Clientes estándar de bajo valor,4,5,1736.4,39,347.28000000000003,143.10989010989013,7.8,91.0,1,0.0
14675,0,Clientes estándar de bajo valor,17,1,596.36,93,596.36,596.36,93.0,0.0,1,0.0
14676,0,Clientes estándar de bajo valor,32,6,2548.2400000000002,29,424.7066666666667,303.3619047619048,4.833333333333333,50.4,1,0.0
14681,0,Clientes estándar de bajo valor,72,3,498.95,6,166.31666666666666,106.91785714285713,2.0,70.0,1,0.0
14682,1,Clientes de compra en fin de semana,188,2,52.0,1,26.0,52.0,0.5,14.0,1,1.0
14684,1,Clientes de compra en fin de semana,26,5,1201.51,231,240.302,106.95934718100891,46.2,84.25,1,0.6846153846153846
14687,0,Clientes estándar de bajo valor,107,1,628.38,15,628.38,628.38,15.0,0.0,1,0.0
14688,3,Clientes de alto valor,8,21,5579.1,148,265.6714285714286,457.30327868852464,7.0476190476190474,18.3,1,0.0
14689,1,Clientes de compra en fin de semana,209,1,112.80000000000001,13,112.80000000000001,112.80000000000001,13.0,0.0,1,1.0
14690,0,Clientes estándar de bajo valor,45,2,355.05,40,177.525,99.54672897196261,20.0,107.0,1,0.0
14691,2,Clientes activos de valor medio,31,5,2114.33,50,422.866,348.51593406593406,10.0,45.5,1,0.4084507042253521
14692,0,Clientes estándar de bajo valor,138,4,591.55,53,147.8875,95.92702702702701,13.25,61.666666666666664,1,0.17647058823529413
14693,1,Clientes de compra en fin de semana,265,1,172.9,8,172.9,172.9,8.0,0.0,1,1.0
14696,3,Clientes de alto valor,5,7,2078.95,117,296.99285714285713,169.020325203252,16.714285714285715,61.5,1,0.12307692307692308
14697,0,Clientes estándar de bajo valor,219,2,188.61,22,94.305,188.61,11.0,0.0,1,0.0
14698,2,Clientes activos de valor medio,2,5,1217.27,148,243.454,730.362,29.6,12.5,1,0.39
14699,0,Clientes estándar de bajo valor,215,1,109.13000000000001,8,109.13000000000001,109.13000000000001,8.0,0.0,1,0.0
14700,0,Clientes estándar de bajo valor,33,3,2195.1,80,731.6999999999999,319.6747572815534,26.666666666666668,103.0,1,0.0
14701,3,Clientes de alto valor,11,9,2526.09,268,280.6766666666667,247.6558823529412,29.77777777777778,38.25,1,0.12232415902140673
14702,3,Clientes de alto valor,2,17,3251.79,196,191.28176470588235,268.0046703296703,11.529411764705882,22.75,1,0.2046783625730994
14703,0,Clientes estándar de bajo valor,15,1,318.17,22,318.17,318.17,22.0,0.0,1,0.0
14704,2,Clientes activos de valor medio,20,7,1461.6200000000001,286,208.80285714285716,272.3515527950311,40.857142857142854,26.833333333333332,1,0.3128205128205128
14705,0,Clientes estándar de bajo valor,199,1,179.0,1,179.0,179.0,1.0,0.0,1,0.0
14708,0,Clientes estándar de bajo valor,3,3,1126.3700000000001,25,375.4566666666667,92.32540983606559,8.333333333333334,183.0,1,0.0
14709,3,Clientes de alto valor,16,13,4921.04,71,378.54153846153844,430.4116618075802,5.461538461538462,28.583333333333332,1,0.14795918367346939
14710,2,Clientes activos de valor medio,15,4,599.48,124,149.87,399.65333333333336,31.0,15.0,1,0.6617647058823529
14711,3,Clientes de alto valor,11,11,2839.62,221,258.1472727272727,338.04999999999995,20.09090909090909,25.2,1,0.10144927536231885
14712,2,Clientes activos de valor medio,30,3,917.07,21,305.69,331.4710843373494,7.0,41.5,1,0.52
14713,3,Clientes de alto valor,10,11,2662.2,146,242.0181818181818,224.34269662921346,13.272727272727273,35.6,1,0.0
14714,0,Clientes estándar de bajo valor,25,1,160.19,10,160.19,160.19,10.0,0.0,1,0.0
14715,0,Clientes estándar de bajo valor,25,4,867.38,60,216.845,84.76026058631922,15.0,102.33333333333333,1,0.0
14716,0,Clientes estándar de bajo valor,44,2,307.51,46,153.755,87.86,23.0,105.0,1,0.0
14719,0,Clientes estándar de bajo valor,2,5,1581.84,177,316.368,191.35161290322577,35.4,62.0,1,0.0
14720,1,Clientes de compra en fin de semana,6,3,663.81,34,221.26999999999998,164.58099173553717,11.333333333333334,60.5,1,0.7567567567567568
14722,0,Clientes estándar de bajo valor,148,1,180.42,28,180.42,180.42,28.0,0.0,1,0.0
14723,2,Clientes activos de valor medio,11,6,1120.66,192,186.77666666666667,93.12963988919668,32.0,72.2,1,0.22093023255813954
14725,0,Clientes estándar de bajo valor,25,1,655.58,45,655.58,655.58,45.0,0.0,1,0.0
14727,0,Clientes estándar de bajo valor,275,1,268.58,10,268.58,268.58,10.0,0.0,1,0.0
14729,0,Clientes estándar de bajo valor,374,1,313.49,69,313.49,313.49,69.0,0.0,1,0.0
14730,3,Clientes de alto valor,2,8,1897.57,317,237.19625,207.00763636363638,39.625,39.285714285714285,1,0.0
14731,2,Clientes activos de valor medio,48,3,380.02,38,126.67333333333333,69.09454545454545,12.666666666666666,82.5,1,0.3333333333333333
14732,3,Clientes de alto valor,9,8,2702.4900000000002,105,337.81125000000003,244.93867069486407,13.125,47.285714285714285,1,0.0
14733,3,Clientes de alto valor,17,12,9585.91,102,798.8258333333333,819.3085470085471,8.5,31.90909090909091,1,0.034653465346534656
14735,3,Clientes de alto valor,4,31,6050.6900000000005,98,195.18354838709678,511.3259154929578,3.161290322580645,11.833333333333334,1,0.02072538860103627
14737,0,Clientes estándar de bajo valor,4,3,1164.55,15,388.18333333333334,99.81857142857143,5.0,175.0,1,0.0
14738,0,Clientes estándar de bajo valor,43,7,1314.45,39,187.77857142857144,143.91788321167886,5.571428571428571,45.666666666666664,1,0.0
14739,3,Clientes de alto valor,5,7,3902.28,47,557.4685714285714,322.502479338843,6.714285714285714,60.5,1,0.16666666666666666
14740,0,Clientes estándar de bajo valor,198,3,1448.21,85,482.7366666666667,505.1895348837209,28.333333333333332,43.0,1,0.0
14741,2,Clientes activos de valor medio,12,6,1400.3400000000001,35,233.39000000000001,116.37174515235458,5.833333333333333,72.2,1,0.22033898305084745
14744,0,Clientes estándar de bajo valor,17,7,1099.98,21,157.14000000000001,94.284,3.0,58.333333333333336,1,0.0
14745,0,Clientes estándar de bajo valor,113,5,1220.26,46,244.052,211.6057803468208,9.2,43.25,1,0.10144927536231885
14747,0,Clientes estándar de bajo valor,250,1,328.2,18,328.2,328.2,18.0,0.0,1,0.0
14748,0,Clientes estándar de bajo valor,30,5,1415.75,87,283.15,125.28761061946902,17.4,84.75,1,0.0
14752,0,Clientes estándar de bajo valor,44,1,389.64000000000004,5,389.64000000000004,389.64000000000004,5.0,0.0,1,0.0
14753,0,Clientes estándar de bajo valor,88,1,563.15,30,563.15,563.15,30.0,0.0,1,0.0
14754,0,Clientes estándar de bajo valor,45,2,638.05,38,319.025,76.2609561752988,19.0,251.0,1,0.0
14755,3,Clientes de alto valor,10,11,5010.28,128,455.47999999999996,462.48738461538454,11.636363636363637,32.5,1,0.17872340425531916
14756,0,Clientes estándar de bajo valor,16,1,738.96,38,738.96,738.96,38.0,0.0,1,0.0
14757,1,Clientes de compra en fin de semana,76,1,420.5,19,420.5,420.5,19.0,0.0,1,1.0
14758,0,Clientes estándar de bajo valor,145,4,1484.06,54,371.015,387.1460869565217,13.5,38.333333333333336,1,0.0
14759,0,Clientes estándar de bajo valor,5,3,1625.97,92,541.99,213.9434210526316,30.666666666666668,114.0,1,0.0
14760,0,Clientes estándar de bajo valor,298,1,89.2,5,89.2,89.2,5.0,0.0,1,0.0
14761,2,Clientes activos de valor medio,59,2,255.9,11,127.95,27.81521739130435,5.5,276.0,1,0.6363636363636364
14762,0,Clientes estándar de bajo valor,264,1,300.52,21,300.52,300.52,21.0,0.0,1,0.0
14764,0,Clientes estándar de bajo valor,47,1,278.3,6,278.3,278.3,6.0,0.0,1,0.0
14765,0,Clientes estándar de bajo valor,30,3,254.11,38,84.70333333333333,51.85918367346939,12.666666666666666,73.5,1,0.0
14766,3,Clientes de alto valor,9,6,2473.37,111,412.2283333333333,207.26564245810056,18.5,71.6,1,0.0
14768,0,Clientes estándar de bajo valor,18,2,192.60000000000002,4,96.30000000000001,52.52727272727274,2.0,110.0,1,0.0
14770,0,Clientes estándar de bajo valor,233,2,876.4200000000001,49,438.21000000000004,288.9296703296704,24.5,91.0,1,0.0
14772,0,Clientes estándar de bajo valor,113,1,139.26,9,139.26,139.26,9.0,0.0,1,0.0
14775,0,Clientes estándar de bajo valor,59,3,1011.9,57,337.3,96.67834394904459,19.0,157.0,1,0.0
14776,3,Clientes de alto valor,52,10,2208.06,44,220.80599999999998,253.8,4.4,29.0,1,0.0
14778,0,Clientes estándar de bajo valor,128,2,730.86,34,365.43,121.13701657458564,17.0,181.0,1,0.0
14779,0,Clientes estándar de bajo valor,281,3,386.15,40,128.71666666666667,269.406976744186,13.333333333333334,21.5,1,0.0
14780,2,Clientes activos de valor medio,55,2,447.68,26,223.84,447.68,13.0,25.0,1,0.2962962962962963
14782,0,Clientes estándar de bajo valor,320,1,200.10000000000002,6,200.10000000000002,200.10000000000002,6.0,0.0,1,0.0
14784,1,Clientes de compra en fin de semana,27,2,289.99,15,144.995,29.29191919191919,7.5,297.0,1,0.7333333333333333
14785,0,Clientes estándar de bajo valor,11,2,77.4,2,38.7,77.4,1.0,5.0,1,0.0
14788,2,Clientes activos de valor medio,8,2,679.44,26,339.72,679.44,13.0,19.0,1,0.5
14789,0,Clientes estándar de bajo valor,29,1,197.64,6,197.64,197.64,6.0,0.0,1,0.0
14790,0,Clientes estándar de bajo valor,17,4,745.06,30,186.265,94.31139240506327,7.5,79.0,1,0.0
14792,0,Clientes estándar de bajo valor,64,1,6.2,2,6.2,6.2,2.0,0.0,1,0.0
14793,0,Clientes estándar de bajo valor,22,1,228.99,14,228.99,228.99,14.0,0.0,1,0.0
14794,0,Clientes estándar de bajo valor,3,7,1319.91,68,188.55857142857144,119.26897590361446,9.714285714285714,55.333333333333336,1,0.1125
14795,1,Clientes de compra en fin de semana,167,1,131.45000000000002,6,131.45000000000002,131.45000000000002,6.0,0.0,1,1.0
14798,0,Clientes estándar de bajo valor,53,3,173.74,11,57.913333333333334,20.20232558139535,3.6666666666666665,129.0,1,0.0
14799,0,Clientes estándar de bajo valor,52,1,157.7,13,157.7,157.7,13.0,0.0,1,0.0
14800,1,Clientes de compra en fin de semana,48,12,4331.79,246,360.9825,403.5829192546584,20.5,29.272727272727273,1,0.8668407310704961
14801,1,Clientes de compra en fin de semana,62,1,189.34,56,189.34,189.34,56.0,0.0,1,1.0
14803,2,Clientes activos de valor medio,163,3,845.5500000000001,35,281.85,195.1269230769231,11.666666666666666,65.0,1,0.3181818181818182
14804,0,Clientes estándar de bajo valor,9,1,353.27,12,353.27,353.27,12.0,0.0,1,0.0
14805,2,Clientes activos de valor medio,16,4,546.4,30,136.6,55.00671140939597,7.5,99.33333333333333,1,0.6086956521739131
14806,1,Clientes de compra en fin de semana,76,1,193.39000000000001,11,193.39000000000001,193.39000000000001,11.0,0.0,1,1.0
14808,3,Clientes de alto valor,40,8,2718.6,176,339.825,613.2180451127819,22.0,19.0,1,0.22510822510822512
14810,1,Clientes de compra en fin de semana,41,11,2085.33,106,189.57545454545453,190.1516717325228,9.636363636363637,32.9,1,0.7244094488188977
14813,1,Clientes de compra en fin de semana,370,2,152.88,25,76.44,152.88,12.5,0.0,1,1.0
14815,0,Clientes estándar de bajo valor,37,2,778.5,53,389.25,753.3870967741934,26.5,31.0,1,0.0
14816,0,Clientes estándar de bajo valor,198,1,271.85,4,271.85,271.85,4.0,0.0,1,0.0
14817,0,Clientes estándar de bajo valor,201,2,1010.34,51,505.17,393.63896103896104,25.5,77.0,1,0.0
14818,0,Clientes estándar de bajo valor,74,3,657.8,41,219.26666666666665,109.63333333333333,13.666666666666666,90.0,1,0.0
14819,0,Clientes estándar de bajo valor,65,2,272.07,13,136.035,63.766406249999996,6.5,128.0,1,0.0
14820,1,Clientes de compra en fin de semana,22,4,507.29,24,126.8225,100.12302631578949,6.0,50.666666666666664,1,0.7931034482758621
14821,0,Clientes estándar de bajo valor,367,1,48.800000000000004,2,48.800000000000004,48.800000000000004,2.0,0.0,1,0.0
14823,1,Clientes de compra en fin de semana,181,3,321.43,56,107.14333333333333,321.43,18.666666666666668,7.0,1,1.0
14824,0,Clientes estándar de bajo valor,11,4,1127.71,19,281.9275,417.67037037037034,4.75,27.0,1,0.06896551724137931
14825,3,Clientes de alto valor,4,12,2221.01,82,185.08416666666668,182.5487671232877,6.833333333333333,33.18181818181818,1,0.058333333333333334
14828,0,Clientes estándar de bajo valor,197,3,2139.76,17,713.2533333333334,458.52000000000004,5.666666666666667,70.0,1,0.0
14829,0,Clientes estándar de bajo valor,30,4,697.55,39,174.3875,61.01020408163265,9.75,114.33333333333333,1,0.0
14830,0,Clientes estándar de bajo valor,54,1,188.03,38,188.03,188.03,38.0,0.0,1,0.0
14834,0,Clientes estándar de bajo valor,18,6,1720.3,43,286.71666666666664,231.4304932735426,7.166666666666667,44.6,1,0.0
14836,0,Clientes estándar de bajo valor,11,3,102.45,5,34.15,102.45,1.6666666666666667,10.0,1,0.0
14837,1,Clientes de compra en fin de semana,90,4,1649.5,96,412.375,441.8303571428571,24.0,37.333333333333336,1,0.7685185185185185
14840,0,Clientes estándar de bajo valor,268,1,62.85,4,62.85,62.85,4.0,0.0,1,0.0
14841,3,Clientes de alto valor,54,6,3295.76,103,549.2933333333334,324.1731147540984,17.166666666666668,61.0,1,0.0
14842,3,Clientes de alto valor,44,4,2824.69,128,706.1725,319.7762264150943,32.0,88.33333333333333,1,0.0
14844,3,Clientes de alto valor,64,4,3189.81,87,797.4525,537.6084269662921,21.75,59.333333333333336,1,0.0
14847,0,Clientes estándar de bajo valor,149,1,309.40000000000003,13,309.40000000000003,309.40000000000003,13.0,0.0,1,0.0
14849,3,Clientes de alto valor,22,25,7930.54,159,317.2216,675.8982954545455,6.36,14.666666666666666,1,0.0
14850,0,Clientes estándar de bajo valor,312,1,325.75,21,325.75,325.75,21.0,0.0,1,0.0
14851,0,Clientes estándar de bajo valor,24,2,511.35,28,255.675,65.83905579399142,14.0,233.0,1,0.0
14852,3,Clientes de alto valor,59,6,2836.69,96,472.7816666666667,438.66340206185566,16.0,38.8,1,0.20279720279720279
14853,0,Clientes estándar de bajo valor,25,2,475.8,8,237.9,76.33155080213903,4.0,187.0,1,0.0
14854,3,Clientes de alto valor,79,7,2740.03,110,391.4328571428572,419.3923469387756,15.714285714285714,32.666666666666664,1,0.0
14855,0,Clientes estándar de bajo valor,120,2,645.65,13,322.825,645.65,6.5,15.0,1,0.0
14856,0,Clientes estándar de bajo valor,37,3,1290.53,65,430.1766666666667,1290.53,21.666666666666668,10.0,1,0.0
14857,0,Clientes estándar de bajo valor,60,2,1173.1200000000001,58,586.5600000000001,395.43370786516857,29.0,89.0,1,0.0
14859,2,Clientes activos de valor medio,13,4,1353.74,47,338.435,211.521875,11.75,64.0,1,0.25862068965517243
14860,1,Clientes de compra en fin de semana,20,1,170.32,11,170.32,170.32,11.0,0.0,1,1.0
14861,0,Clientes estándar de bajo valor,53,1,125.79,6,125.79,125.79,6.0,0.0,1,0.0
14862,0,Clientes estándar de bajo valor,26,2,841.2,47,420.6,205.1707317073171,23.5,123.0,1,0.0
14863,0,Clientes estándar de bajo valor,30,1,266.76,11,266.76,266.76,11.0,0.0,1,0.0
14865,0,Clientes estándar de bajo valor,8,2,52.2,4,26.1,4.29041095890411,2.0,365.0,1,0.0
14866,3,Clientes de alto valor,11,11,14353.4,29,1304.8545454545454,1209.5561797752807,2.6363636363636362,35.6,1,0.0
14867,0,Clientes estándar de bajo valor,186,3,710.28,31,236.76,141.11523178807946,10.333333333333334,75.5,1,0.0
14868,3,Clientes de alto valor,4,8,2953.59,96,369.19875,385.2508695652174,12.0,32.857142857142854,1,0.1875
14869,1,Clientes de compra en fin de semana,9,2,721.45,66,360.725,227.8263157894737,33.0,95.0,1,0.7
14870,0,Clientes estándar de bajo valor,262,1,327.25,13,327.25,327.25,13.0,0.0,1,0.0
14871,0,Clientes estándar de bajo valor,4,4,501.28000000000003,68,125.32000000000001,42.12436974789916,17.0,119.0,1,0.0
14873,0,Clientes estándar de bajo valor,211,1,519.68,28,519.68,519.68,28.0,0.0,1,0.0
14875,0,Clientes estándar de bajo valor,108,2,1465.32,46,732.66,283.6103225806451,23.0,155.0,1,0.0
14878,1,Clientes de compra en fin de semana,13,9,1476.09,62,164.01,127.98468208092486,6.888888888888889,43.25,1,0.7950819672131147
14880,0,Clientes estándar de bajo valor,78,3,690.59,45,230.1966666666667,98.18815165876778,15.0,105.5,1,0.0
14881,1,Clientes de compra en fin de semana,20,1,255.4,17,255.4,255.4,17.0,0.0,1,1.0
14882,1,Clientes de compra en fin de semana,27,2,589.7,6,294.85,589.7,3.0,7.0,1,1.0
14883,0,Clientes estándar de bajo valor,19,6,761.59,39,126.93166666666667,118.3818652849741,6.5,38.6,1,0.0
14885,1,Clientes de compra en fin de semana,132,1,765.3199999999999,15,765.3199999999999,765.3199999999999,15.0,0.0,1,1.0
14886,0,Clientes estándar de bajo valor,253,1,364.8,18,364.8,364.8,18.0,0.0,1,0.0
14887,3,Clientes de alto valor,80,1,1862.0,6,1862.0,1862.0,6.0,0.0,1,0.0
14888,0,Clientes estándar de bajo valor,208,1,369.2,20,369.2,369.2,20.0,0.0,1,0.0
14889,0,Clientes estándar de bajo valor,337,1,135.9,10,135.9,135.9,10.0,0.0,1,0.0
14890,0,Clientes estándar de bajo valor,254,1,125.65,7,125.65,125.65,7.0,0.0,1,0.0
14891,1,Clientes de compra en fin de semana,149,2,554.38,30,277.19,426.44615384615383,15.0,39.0,1,0.8181818181818182
14893,0,Clientes estándar de bajo valor,10,2,1237.8500000000001,72,618.9250000000001,1237.8500000000001,36.0,2.0,1,0.0
14894,0,Clientes estándar de bajo valor,86,1,655.75,23,655.75,655.75,23.0,0.0,1,0.0
14896,0,Clientes estándar de bajo valor,205,2,468.77000000000004,43,234.38500000000002,87.34844720496896,21.5,161.0,1,0.0
14897,0,Clientes estándar de bajo valor,8,4,1366.38,43,341.595,141.83875432525954,10.75,96.33333333333333,1,0.0
14898,0,Clientes estándar de bajo valor,24,6,1269.31,86,211.55166666666665,109.42327586206896,14.333333333333334,69.6,1,0.0
14901,0,Clientes estándar de bajo valor,12,9,1421.29,73,157.92111111111112,118.11274238227146,8.11111111111111,45.125,1,0.0
14902,0,Clientes estándar de bajo valor,26,1,332.66,20,332.66,332.66,20.0,0.0,1,0.0
14903,2,Clientes activos de valor medio,22,5,2795.33,227,559.066,326.30311284046695,45.4,64.25,1,0.4057142857142857
14904,0,Clientes estándar de bajo valor,3,2,1025.44,66,512.72,1025.44,33.0,23.0,1,0.0
14905,0,Clientes estándar de bajo valor,158,2,616.15,14,308.075,243.2171052631579,7.0,76.0,1,0.0
14907,3,Clientes de alto valor,4,7,3501.1,125,500.15714285714284,288.5521978021978,17.857142857142858,60.666666666666664,1,0.0
14908,0,Clientes estándar de bajo valor,75,1,277.8,9,277.8,277.8,9.0,0.0,1,0.0
14910,2,Clientes activos de valor medio,3,4,434.35,25,108.5875,250.58653846153845,6.25,17.333333333333332,1,0.5
14912,0,Clientes estándar de bajo valor,17,2,867.85,21,433.925,113.19782608695652,10.5,230.0,0,0.0
14913,0,Clientes estándar de bajo valor,36,4,1227.43,76,306.8575,113.65092592592592,19.0,108.0,1,0.0
14915,0,Clientes estándar de bajo valor,92,2,307.48,12,153.74,49.593548387096774,6.0,186.0,1,0.0
14916,0,Clientes estándar de bajo valor,71,4,1268.98,72,317.245,149.8795275590551,18.0,84.66666666666667,1,0.0
14918,0,Clientes estándar de bajo valor,116,2,1610.15,39,805.075,1238.576923076923,19.5,39.0,1,0.0
14920,0,Clientes estándar de bajo valor,213,2,977.77,57,488.885,977.77,28.5,0.0,1,0.0
14921,1,Clientes de compra en fin de semana,31,2,1316.07,78,658.035,230.88947368421051,39.0,171.0,1,0.6794871794871795
14923,0,Clientes estándar de bajo valor,51,1,749.1,44,749.1,749.1,44.0,0.0,1,0.0
14924,0,Clientes estándar de bajo valor,246,1,310.05,10,310.05,310.05,10.0,0.0,1,0.0
14929,0,Clientes estándar de bajo valor,33,1,223.88,11,223.88,223.88,11.0,0.0,1,0.0
14930,0,Clientes estándar de bajo valor,109,3,2362.96,116,787.6533333333333,427.0409638554217,38.666666666666664,83.0,0,0.0
14931,0,Clientes estándar de bajo valor,5,4,864.6800000000001,28,216.17000000000002,109.91694915254239,7.0,78.66666666666667,0,0.0
14932,0,Clientes estándar de bajo valor,366,1,313.53,16,313.53,313.53,16.0,0.0,0,0.0
14934,0,Clientes estándar de bajo valor,82,2,1890.94,68,945.47,282.22985074626865,34.0,201.0,0,0.0
14937,0,Clientes estándar de bajo valor,57,3,1621.88,33,540.6266666666667,657.518918918919,11.0,37.0,0,0.0
14944,3,Clientes de alto valor,30,12,5900.25,101,491.6875,662.9494382022472,8.416666666666666,24.272727272727273,1,0.0
14946,0,Clientes estándar de bajo valor,15,1,100.9,3,100.9,100.9,3.0,0.0,1,0.0
14947,0,Clientes estándar de bajo valor,73,2,290.82,14,145.41,150.42413793103447,7.0,58.0,1,0.0
14948,0,Clientes estándar de bajo valor,24,6,1101.97,56,183.66166666666666,168.66887755102042,9.333333333333334,39.2,1,0.0
14950,1,Clientes de compra en fin de semana,20,1,371.2,19,371.2,371.2,19.0,0.0,1,1.0
14951,0,Clientes estándar de bajo valor,80,1,311.69,20,311.69,311.69,20.0,0.0,1,0.0
14952,3,Clientes de alto valor,60,11,8099.49,117,736.3172727272727,796.6711475409836,10.636363636363637,30.5,1,0.11594202898550725
14953,0,Clientes estándar de bajo valor,26,1,285.67,54,285.67,285.67,54.0,0.0,1,0.0
14954,1,Clientes de compra en fin de semana,13,1,294.85,75,294.85,294.85,75.0,0.0,1,1.0
14957,0,Clientes estándar de bajo valor,254,1,58.49,12,58.49,58.49,12.0,0.0,1,0.0
14958,0,Clientes estándar de bajo valor,148,3,483.73,33,161.24333333333334,148.08061224489796,11.0,49.0,1,0.0
14959,2,Clientes activos de valor medio,65,4,695.42,37,173.855,89.925,9.25,77.33333333333333,1,0.3898305084745763
14960,0,Clientes estándar de bajo valor,9,2,221.27,23,110.635,40.724539877300614,11.5,163.0,1,0.0
14961,3,Clientes de alto valor,11,9,7044.68,193,782.7422222222223,603.8297142857143,21.444444444444443,43.75,1,0.0
14962,0,Clientes estándar de bajo valor,271,1,126.7,5,126.7,126.7,5.0,0.0,1,0.0
14963,2,Clientes activos de valor medio,10,5,1472.34,149,294.46799999999996,253.85172413793103,29.8,43.5,1,0.3229166666666667
14964,0,Clientes estándar de bajo valor,248,1,206.21,13,206.21,206.21,13.0,0.0,1,0.0
14965,1,Clientes de compra en fin de semana,97,2,596.09,80,298.045,596.09,40.0,0.0,1,1.0
14966,0,Clientes estándar de bajo valor,15,1,183.02,35,183.02,183.02,35.0,0.0,1,0.0
14967,0,Clientes estándar de bajo valor,50,1,463.8,6,463.8,463.8,6.0,0.0,1,0.0
14968,0,Clientes estándar de bajo valor,31,1,147.59,37,147.59,147.59,37.0,0.0,1,0.0
14970,2,Clientes activos de valor medio,69,4,1592.06,24,398.015,192.58790322580643,6.0,82.66666666666667,1,0.5
14971,0,Clientes estándar de bajo valor,36,3,1097.98,144,365.99333333333334,1097.98,48.0,4.0,1,0.0
14972,0,Clientes estándar de bajo valor,129,1,114.77,18,114.77,114.77,18.0,0.0,1,0.0
14973,0,Clientes estándar de bajo valor,108,3,1314.45,29,438.15000000000003,334.18220338983053,9.666666666666666,59.0,1,0.0
14974,0,Clientes estándar de bajo valor,38,1,89.94,17,89.94,89.94,17.0,0.0,1,0.0
14975,0,Clientes estándar de bajo valor,58,1,279.94,11,279.94,279.94,11.0,0.0,1,0.0
14976,0,Clientes estándar de bajo valor,58,6,774.86,45,129.14333333333335,86.41561338289962,7.5,53.8,1,0.0
14978,0,Clientes estándar de bajo valor,73,5,1921.3700000000001,136,384.274,223.4151162790698,27.2,64.5,1,0.0
14981,0,Clientes estándar de bajo valor,247,1,102.12,8,102.12,102.12,8.0,0.0,1,0.0
14984,1,Clientes de compra en fin de semana,20,2,202.37,37,101.185,37.708695652173915,18.5,161.0,1,1.0
14985,0,Clientes estándar de bajo valor,199,2,292.01,78,146.005,54.751875,39.0,160.0,1,0.0
14987,0,Clientes estándar de bajo valor,16,2,326.4,2,163.2,27.977142857142855,1.0,350.0,1,0.0
14988,0,Clientes estándar de bajo valor,212,1,334.54,40,334.54,334.54,40.0,0.0,1,0.0
14995,0,Clientes estándar de bajo valor,39,2,231.98000000000002,53,115.99000000000001,28.757851239669424,26.5,242.0,1,0.0
14997,0,Clientes estándar de bajo valor,47,3,546.1999999999999,25,182.06666666666663,124.13636363636361,8.333333333333334,66.0,1,0.0
14998,0,Clientes estándar de bajo valor,171,2,414.87,70,207.435,175.29718309859155,35.0,71.0,1,0.0
15000,1,Clientes de compra en fin de semana,48,1,490.52,76,490.52,490.52,76.0,0.0,1,1.0
15002,0,Clientes estándar de bajo valor,116,4,1641.76,93,410.44,195.44761904761904,23.25,84.0,1,0.0
15006,0,Clientes estándar de bajo valor,52,1,475.43,120,475.43,475.43,120.0,0.0,1,0.0
15007,1,Clientes de compra en fin de semana,160,1,156.91,12,156.91,156.91,12.0,0.0,1,1.0
15009,2,Clientes activos de valor medio,13,3,1259.43,148,419.81,1259.43,49.333333333333336,6.5,1,0.5222222222222223
15010,0,Clientes estándar de bajo valor,36,1,308.94,20,308.94,308.94,20.0,0.0,1,0.0
15012,0,Clientes estándar de bajo valor,54,2,405.04,110,202.52,37.972500000000004,55.0,320.0,1,0.0
15014,0,Clientes estándar de bajo valor,44,2,257.67,29,128.835,58.12105263157895,14.5,133.0,1,0.0
15016,0,Clientes estándar de bajo valor,173,1,170.04,20,170.04,170.04,20.0,0.0,1,0.0
15017,1,Clientes de compra en fin de semana,34,1,125.58,20,125.58,125.58,20.0,0.0,1,1.0
15018,0,Clientes estándar de bajo valor,39,3,496.21,30,165.40333333333334,45.24711246200608,10.0,164.5,1,0.0
15019,0,Clientes estándar de bajo valor,267,1,252.81,64,252.81,252.81,64.0,0.0,1,0.0
15021,3,Clientes de alto valor,9,9,1871.77,287,207.97444444444443,156.85223463687151,31.88888888888889,44.75,1,0.13063063063063063
15022,2,Clientes activos de valor medio,12,4,852.39,96,213.0975,710.325,24.0,12.0,1,0.6115702479338843
15023,3,Clientes de alto valor,4,11,6701.51,346,609.2281818181818,549.3040983606558,31.454545454545453,36.6,1,0.08892921960072596
15024,3,Clientes de alto valor,10,10,1636.43,105,163.643,137.13100558659218,10.5,39.77777777777778,1,0.0
15025,1,Clientes de compra en fin de semana,34,1,361.96,66,361.96,361.96,66.0,0.0,1,1.0
15026,0,Clientes estándar de bajo valor,81,3,464.2,56,154.73333333333332,70.69035532994924,18.666666666666668,98.5,1,0.0
15027,0,Clientes estándar de bajo valor,31,4,1066.15,30,266.5375,153.7716346153846,7.5,69.33333333333333,1,0.0
15028,0,Clientes estándar de bajo valor,9,4,627.13,35,156.7825,52.26083333333333,8.75,120.0,1,0.0
15030,0,Clientes estándar de bajo valor,72,2,518.28,7,259.14,78.9258883248731,3.5,197.0,1,0.0
15031,0,Clientes estándar de bajo valor,5,4,653.19,74,163.2975,70.48812949640288,18.5,92.66666666666667,1,0.17272727272727273
15032,3,Clientes de alto valor,257,3,4464.1,29,1488.0333333333335,1217.4818181818184,9.666666666666666,55.0,1,0.0
15033,3,Clientes de alto valor,5,10,2553.88,314,255.388,235.74276923076923,31.4,36.111111111111114,1,0.258
15034,3,Clientes de alto valor,16,8,4274.16,299,534.27,379.3633136094674,37.375,48.285714285714285,1,0.015384615384615385
15035,1,Clientes de compra en fin de semana,90,1,252.73000000000002,26,252.73000000000002,252.73000000000002,26.0,0.0,1,1.0
15036,0,Clientes estándar de bajo valor,73,3,429.56,107,143.18666666666667,120.43738317757008,35.666666666666664,53.5,1,0.0
15038,1,Clientes de compra en fin de semana,59,6,685.74,105,114.29,66.14855305466237,17.5,62.2,1,0.992
15041,0,Clientes estándar de bajo valor,171,1,179.93,66,179.93,179.93,66.0,0.0,1,0.0
15042,0,Clientes estándar de bajo valor,200,1,135.93,5,135.93,135.93,5.0,0.0,1,0.0
15043,0,Clientes estándar de bajo valor,32,1,537.0,3,537.0,537.0,3.0,0.0,1,0.0
15044,3,Clientes de alto valor,20,17,7634.7300000000005,233,449.1017647058824,667.760641399417,13.705882352941176,21.4375,1,0.36261261261261263
15045,2,Clientes activos de valor medio,152,2,735.66,11,367.83,208.2056603773585,5.5,106.0,1,0.3333333333333333
15046,3,Clientes de alto valor,10,15,5071.47,146,338.098,462.4440729483283,9.733333333333333,23.5,1,0.255
15047,0,Clientes estándar de bajo valor,270,1,343.62,22,343.62,343.62,22.0,0.0,1,0.0
15048,0,Clientes estándar de bajo valor,66,4,381.0,86,95.25,37.722772277227726,21.5,101.0,1,0.0
15049,0,Clientes estándar de bajo valor,274,1,121.17000000000002,3,121.17000000000002,121.17000000000002,3.0,0.0,1,0.0
15050,0,Clientes estándar de bajo valor,26,3,1722.57,67,574.1899999999999,1123.4152173913042,22.333333333333332,23.0,1,0.0
15051,0,Clientes estándar de bajo valor,24,3,1383.36,130,461.11999999999995,326.77795275590546,43.333333333333336,63.5,1,0.0
15052,0,Clientes estándar de bajo valor,320,1,207.73000000000002,27,207.73000000000002,207.73000000000002,27.0,0.0,1,0.0
15053,0,Clientes estándar de bajo valor,5,3,693.95,49,231.3166666666667,75.15703971119135,16.333333333333332,138.5,1,0.0
15054,1,Clientes de compra en fin de semana,13,2,302.1,105,151.05,302.1,52.5,28.0,1,1.0
15057,0,Clientes estándar de bajo valor,276,2,1489.5,25,744.75,1117.125,12.5,40.0,1,0.0
15058,2,Clientes activos de valor medio,26,11,2102.54,199,191.14,219.77770034843206,18.09090909090909,28.7,1,0.34962406015037595
15059,2,Clientes activos de valor medio,41,9,1337.72,161,148.63555555555556,136.5020408163265,17.88888888888889,36.75,1,0.5274261603375527
15060,0,Clientes estándar de bajo valor,9,4,293.0,80,73.25,293.0,20.0,0.3333333333333333,1,0.0
15062,0,Clientes estándar de bajo valor,72,4,987.86,47,246.965,102.90208333333334,11.75,96.0,1,0.0
15063,0,Clientes estándar de bajo valor,214,1,370.79999999999995,5,370.79999999999995,370.79999999999995,5.0,0.0,1,0.0
15065,3,Clientes de alto valor,38,4,3158.13,148,789.5325,373.0074803149606,37.0,84.66666666666667,1,0.0
15066,0,Clientes estándar de bajo valor,54,1,893.59,42,893.59,893.59,42.0,0.0,1,0.0
15067,0,Clientes estándar de bajo valor,79,3,1744.76,82,581.5866666666667,256.58235294117645,27.333333333333332,102.0,1,0.0
15068,0,Clientes estándar de bajo valor,47,2,553.36,96,276.68,79.05142857142857,48.0,210.0,1,0.0
15069,0,Clientes estándar de bajo valor,180,1,1109.53,70,1109.53,1109.53,70.0,0.0,1,0.0
15070,0,Clientes estándar de bajo valor,373,1,106.2,1,106.2,106.2,1.0,0.0,1,0.0
15071,0,Clientes estándar de bajo valor,94,2,982.07,25,491.035,161.87967032967035,12.5,182.0,1,0.0
15073,0,Clientes estándar de bajo valor,10,2,612.43,31,306.215,104.39147727272727,15.5,176.0,1,0.0
15074,0,Clientes estándar de bajo valor,106,1,735.67,41,735.67,735.67,41.0,0.0,1,0.0
15075,0,Clientes estándar de bajo valor,78,1,773.03,27,773.03,773.03,27.0,0.0,1,0.0
15076,0,Clientes estándar de bajo valor,173,1,880.85,49,880.85,880.85,49.0,0.0,1,0.0
15078,3,Clientes de alto valor,8,32,9743.11,97,304.4721875,809.6767313019391,3.03125,11.64516129032258,1,0.05454545454545454
15079,0,Clientes estándar de bajo valor,213,4,895.61,46,223.9025,175.60980392156864,11.5,51.0,1,0.0
15081,2,Clientes activos de valor medio,23,5,504.8,26,100.96000000000001,43.89565217391304,5.2,86.25,1,0.2727272727272727
15083,0,Clientes estándar de bajo valor,257,1,88.2,5,88.2,88.2,5.0,0.0,1,0.0
15087,0,Clientes estándar de bajo valor,282,1,306.94,15,306.94,306.94,15.0,0.0,1,0.0
15088,0,Clientes estándar de bajo valor,22,2,1160.07,53,580.035,756.5673913043478,26.5,46.0,1,0.0
15089,3,Clientes de alto valor,11,6,2420.84,139,403.47333333333336,615.4677966101696,23.166666666666668,23.6,1,0.0
15090,0,Clientes estándar de bajo valor,309,1,381.32,23,381.32,381.32,23.0,0.0,1,0.0
15091,0,Clientes estándar de bajo valor,68,1,480.71,30,480.71,480.71,30.0,0.0,1,0.0
15092,2,Clientes activos de valor medio,216,2,457.81,23,228.905,201.975,11.5,68.0,1,0.2692307692307692
15093,3,Clientes de alto valor,19,6,4597.02,52,766.1700000000001,389.5779661016949,8.666666666666666,70.8,1,0.0
15095,2,Clientes activos de valor medio,104,4,1370.6000000000001,30,342.65000000000003,411.18,7.5,33.333333333333336,1,0.2127659574468085
15096,0,Clientes estándar de bajo valor,43,1,219.39000000000001,11,219.39000000000001,219.39000000000001,11.0,0.0,1,0.0
15097,0,Clientes estándar de bajo valor,5,1,248.08,25,248.08,248.08,25.0,0.0,1,0.0
15099,0,Clientes estándar de bajo valor,85,1,410.48,23,410.48,410.48,23.0,0.0,1,0.0
15100,0,Clientes estándar de bajo valor,334,3,876.0,1,292.0,657.0,0.3333333333333333,20.0,1,0.0
15101,0,Clientes estándar de bajo valor,9,2,317.53000000000003,8,158.76500000000001,27.139316239316244,4.0,351.0,1,0.0
15103,0,Clientes estándar de bajo valor,32,2,703.36,35,351.68,383.6509090909091,17.5,55.0,1,0.0
15104,0,Clientes estándar de bajo valor,197,2,993.54,66,496.77,346.5837209302325,33.0,86.0,1,0.0
15105,3,Clientes de alto valor,19,7,2298.93,90,328.4185714285714,594.5508620689654,12.857142857142858,19.333333333333332,1,0.0
15106,0,Clientes estándar de bajo valor,18,5,1422.52,90,284.504,169.34761904761905,18.0,63.0,1,0.0
15107,2,Clientes activos de valor medio,312,6,319.5,12,53.25,157.13114754098362,2.0,12.2,1,0.3125
15108,2,Clientes activos de valor medio,142,3,1159.25,49,386.4166666666667,404.3895348837209,16.333333333333332,43.0,0,0.3333333333333333
15109,0,Clientes estándar de bajo valor,246,1,484.95,28,484.95,484.95,28.0,0.0,1,0.0
15110,0,Clientes estándar de bajo valor,24,4,996.1,17,249.025,101.29830508474576,4.25,98.33333333333333,1,0.0
15111,0,Clientes estándar de bajo valor,30,3,1567.48,70,522.4933333333333,137.09737609329446,23.333333333333332,171.5,1,0.0
15114,3,Clientes de alto valor,31,10,2760.56,136,276.056,305.5970479704797,13.6,30.11111111111111,1,0.0
15115,0,Clientes estándar de bajo valor,19,1,340.11,21,340.11,340.11,21.0,0.0,1,0.0
15116,0,Clientes estándar de bajo valor,18,4,1352.75,37,338.1875,217.01871657754012,9.25,62.333333333333336,1,0.0
15117,0,Clientes estándar de bajo valor,15,5,1551.78,63,310.356,231.6089552238806,12.6,50.25,1,0.10126582278481013
15118,0,Clientes estándar de bajo valor,135,1,244.8,1,244.8,244.8,1.0,0.0,1,0.0
15119,0,Clientes estándar de bajo valor,246,1,266.4,14,266.4,266.4,14.0,0.0,1,0.0
15120,0,Clientes estándar de bajo valor,134,1,358.82,21,358.82,358.82,21.0,0.0,1,0.0
15121,0,Clientes estándar de bajo valor,51,2,457.72,28,228.86,57.695798319327736,14.0,238.0,1,0.0
15122,0,Clientes estándar de bajo valor,115,3,1633.78,65,544.5933333333334,267.8327868852459,21.666666666666668,91.5,1,0.0
15123,0,Clientes estándar de bajo valor,8,2,2199.31,93,1099.655,331.5542713567839,46.5,199.0,1,0.0
15124,0,Clientes estándar de bajo valor,23,2,184.19,14,92.095,32.69644970414201,7.0,169.0,1,0.0
15125,3,Clientes de alto valor,26,15,11528.48,102,768.5653333333333,1411.650612244898,6.8,17.5,1,0.0
15127,0,Clientes estándar de bajo valor,66,1,406.53000000000003,16,406.53000000000003,406.53000000000003,16.0,0.0,1,0.0
15128,0,Clientes estándar de bajo valor,61,4,1471.0,74,367.75,277.54716981132077,18.5,53.0,1,0.0
15129,3,Clientes de alto valor,51,11,3447.4,54,313.40000000000003,429.1369294605809,4.909090909090909,24.1,1,0.0
15130,0,Clientes estándar de bajo valor,170,1,330.11,22,330.11,330.11,22.0,0.0,1,0.0
15132,0,Clientes estándar de bajo valor,19,5,977.9300000000001,49,195.586,120.23729508196723,9.8,61.0,1,0.0
15133,2,Clientes activos de valor medio,128,3,982.42,27,327.4733333333333,169.38275862068966,9.0,87.0,1,0.2413793103448276
15134,0,Clientes estándar de bajo valor,15,8,1387.99,44,173.49875,184.24646017699115,5.5,32.285714285714285,1,0.0
15135,0,Clientes estándar de bajo valor,240,1,139.05,9,139.05,139.05,9.0,0.0,1,0.0
15136,2,Clientes activos de valor medio,3,4,1286.7,61,321.675,410.6489361702128,15.25,31.333333333333332,1,0.4264705882352941
15139,0,Clientes estándar de bajo valor,240,2,178.96,13,89.48,55.348453608247425,6.5,97.0,1,0.0
15140,2,Clientes activos de valor medio,53,7,2354.25,74,336.32142857142856,333.1485849056604,10.571428571428571,35.333333333333336,1,0.2125
15142,0,Clientes estándar de bajo valor,47,1,498.74,26,498.74,498.74,26.0,0.0,1,0.0
15143,0,Clientes estándar de bajo valor,226,1,259.45,14,259.45,259.45,14.0,0.0,1,0.0
15144,3,Clientes de alto valor,9,17,6580.4400000000005,132,387.084705882353,649.3855263157895,7.764705882352941,19.0,1,0.0
15145,0,Clientes estándar de bajo valor,5,4,1194.73,54,298.6825,146.89303278688524,13.5,81.33333333333333,1,0.0
15146,0,Clientes estándar de bajo valor,165,2,1327.16,90,663.58,313.5023622047244,45.0,127.0,1,0.0
15147,0,Clientes estándar de bajo valor,241,1,623.5,28,623.5,623.5,28.0,0.0,1,0.0
15148,0,Clientes estándar de bajo valor,11,1,301.29,20,301.29,301.29,20.0,0.0,1,0.0
15149,0,Clientes estándar de bajo valor,134,1,520.8000000000001,23,520.8000000000001,520.8000000000001,23.0,0.0,1,0.0
15150,3,Clientes de alto valor,18,10,5291.33,282,529.133,629.920238095238,28.2,28.0,1,0.15249266862170088
15152,3,Clientes de alto valor,10,13,4745.69,196,365.0530769230769,799.8353932584268,15.076923076923077,14.833333333333334,1,0.2693726937269373
15153,0,Clientes estándar de bajo valor,32,1,329.25,22,329.25,329.25,22.0,0.0,1,0.0
15154,1,Clientes de compra en fin de semana,76,1,254.28,66,254.28,254.28,66.0,0.0,1,1.0
15156,2,Clientes activos de valor medio,2,3,961.49,51,320.49666666666667,901.396875,17.0,16.0,1,0.36363636363636365
15157,0,Clientes estándar de bajo valor,4,3,1936.07,125,645.3566666666667,163.61154929577464,41.666666666666664,177.5,1,0.0
15158,0,Clientes estándar de bajo valor,46,1,401.40000000000003,7,401.40000000000003,401.40000000000003,7.0,0.0,1,0.0
15160,0,Clientes estándar de bajo valor,358,1,158.16,4,158.16,158.16,4.0,0.0,1,0.0
15163,0,Clientes estándar de bajo valor,19,2,304.47,29,152.235,52.4948275862069,14.5,174.0,1,0.0
15164,1,Clientes de compra en fin de semana,69,3,824.58,79,274.86,91.28191881918819,26.333333333333332,135.5,1,0.8514851485148515
15165,0,Clientes estándar de bajo valor,374,1,487.75,27,487.75,487.75,27.0,0.0,1,0.0
15167,1,Clientes de compra en fin de semana,321,1,158.8,39,158.8,158.8,39.0,0.0,1,1.0
15168,0,Clientes estándar de bajo valor,26,1,106.56,5,106.56,106.56,5.0,0.0,1,0.0
15171,0,Clientes estándar de bajo valor,332,1,1289.5,5,1289.5,1289.5,5.0,0.0,1,0.0
15172,2,Clientes activos de valor medio,9,5,1624.05,106,324.81,213.69078947368422,21.2,57.0,1,0.22727272727272727
15174,0,Clientes estándar de bajo valor,323,1,135.75,11,135.75,135.75,11.0,0.0,1,0.0
15175,0,Clientes estándar de bajo valor,72,1,224.14,23,224.14,224.14,23.0,0.0,1,0.0
15178,0,Clientes estándar de bajo valor,261,1,40.5,3,40.5,40.5,3.0,0.0,1,0.0
15179,0,Clientes estándar de bajo valor,19,5,2206.9500000000003,91,441.39000000000004,219.9617940199336,18.2,75.25,1,0.0
15180,0,Clientes estándar de bajo valor,368,1,87.5,6,87.5,87.5,6.0,0.0,1,0.0
15181,0,Clientes estándar de bajo valor,67,3,689.48,11,229.82666666666668,101.8935960591133,3.6666666666666665,101.5,1,0.0
15182,0,Clientes estándar de bajo valor,155,2,622.85,24,311.425,163.9078947368421,12.0,114.0,1,0.0
15184,0,Clientes estándar de bajo valor,30,2,402.2,59,201.1,74.94409937888199,29.5,161.0,1,0.0
15185,0,Clientes estándar de bajo valor,71,1,310.62,21,310.62,310.62,21.0,0.0,1,0.0
15186,0,Clientes estándar de bajo valor,15,2,411.41,17,205.705,80.14480519480519,8.5,154.0,1,0.0
15187,3,Clientes de alto valor,2,15,4762.18,60,317.4786666666667,677.0872037914693,4.0,15.071428571428571,1,0.1
15192,0,Clientes estándar de bajo valor,120,3,1044.32,36,348.1066666666666,127.35609756097561,12.0,123.0,1,0.0
15193,0,Clientes estándar de bajo valor,61,1,499.32,19,499.32,499.32,19.0,0.0,1,0.0
15194,3,Clientes de alto valor,4,15,7616.53,209,507.76866666666666,626.0161643835617,13.933333333333334,26.071428571428573,1,0.0
15197,0,Clientes estándar de bajo valor,11,3,1079.61,30,359.86999999999995,93.06982758620688,10.0,174.0,1,0.0
15198,2,Clientes activos de valor medio,93,2,193.64,10,96.82,181.5375,5.0,32.0,1,0.5
15199,0,Clientes estándar de bajo valor,60,4,1268.7,5,317.175,152.85542168674698,1.25,83.0,1,0.0
15201,0,Clientes estándar de bajo valor,88,5,1236.54,35,247.308,231.85125,7.0,40.0,1,0.0
15203,0,Clientes estándar de bajo valor,26,6,1827.8,82,304.6333333333333,191.72727272727272,13.666666666666666,57.2,1,0.0
15204,0,Clientes estándar de bajo valor,358,1,316.58,9,316.58,316.58,9.0,0.0,1,0.0
15205,0,Clientes estándar de bajo valor,86,2,653.24,37,326.62,466.6,18.5,42.0,1,0.0
15206,2,Clientes activos de valor medio,11,4,420.3,3,105.075,47.58113207547169,0.75,88.33333333333333,1,0.2222222222222222
15208,0,Clientes estándar de bajo valor,2,5,870.12,25,174.024,74.15795454545456,5.0,88.0,1,0.0
15210,0,Clientes estándar de bajo valor,226,1,331.18,20,331.18,331.18,20.0,0.0,1,0.0
15211,0,Clientes estándar de bajo valor,61,2,894.4100000000001,52,447.20500000000004,87.97475409836066,26.0,305.0,1,0.0
15212,0,Clientes estándar de bajo valor,242,1,101.8,5,101.8,101.8,5.0,0.0,1,0.0
15213,0,Clientes estándar de bajo valor,319,2,328.35,22,164.175,328.35,11.0,11.0,1,0.0
15214,3,Clientes de alto valor,2,8,1661.44,109,207.68,206.8182572614108,13.625,34.42857142857143,1,0.16363636363636364
15215,2,Clientes activos de valor medio,47,3,734.94,33,244.98000000000002,440.964,11.0,25.0,1,0.45714285714285713
15216,0,Clientes estándar de bajo valor,88,1,96.6,2,96.6,96.6,2.0,0.0,1,0.0
15218,3,Clientes de alto valor,11,11,5756.89,77,523.3536363636364,560.736038961039,7.0,30.8,1,0.0
15219,0,Clientes estándar de bajo valor,177,1,305.75,9,305.75,305.75,9.0,0.0,1,0.0
15220,0,Clientes estándar de bajo valor,52,6,1778.96,110,296.49333333333334,233.05152838427946,18.333333333333332,45.8,1,0.0
15221,0,Clientes estándar de bajo valor,367,1,403.25,5,403.25,403.25,5.0,0.0,1,0.0
15222,0,Clientes estándar de bajo valor,319,1,585.0,5,585.0,585.0,5.0,0.0,1,0.0
15223,0,Clientes estándar de bajo valor,226,1,454.90000000000003,8,454.90000000000003,454.90000000000003,8.0,0.0,1,0.0
15224,0,Clientes estándar de bajo valor,359,2,322.08,13,161.04,322.08,6.5,4.0,1,0.14285714285714285
15225,0,Clientes estándar de bajo valor,235,1,409.40000000000003,23,409.40000000000003,409.40000000000003,23.0,0.0,1,0.0
15226,0,Clientes estándar de bajo valor,311,1,154.41,8,154.41,154.41,8.0,0.0,1,0.0
15227,2,Clientes activos de valor medio,37,5,1219.4,43,243.88000000000002,130.18505338078293,8.6,70.25,1,0.22413793103448276
15228,3,Clientes de alto valor,67,4,3386.71,110,846.6775,445.6197368421053,27.5,76.0,1,0.0
15230,0,Clientes estándar de bajo valor,240,2,429.6,23,214.8,429.6,11.5,1.0,1,0.0
15232,0,Clientes estándar de bajo valor,114,2,612.06,26,306.03,612.06,13.0,27.0,1,0.0
15234,0,Clientes estándar de bajo valor,277,1,197.0,14,197.0,197.0,14.0,0.0,1,0.0
15235,3,Clientes de alto valor,218,12,2247.51,132,187.29250000000002,432.21346153846156,11.0,14.181818181818182,1,0.027972027972027972
15236,0,Clientes estándar de bajo valor,299,1,321.05,15,321.05,321.05,15.0,0.0,1,0.0
15237,0,Clientes estándar de bajo valor,2,4,1412.32,94,353.08,187.47610619469026,23.5,75.33333333333333,1,0.0
15238,0,Clientes estándar de bajo valor,30,3,1071.99,49,357.33,207.48193548387096,16.333333333333332,77.5,1,0.0
15239,0,Clientes estándar de bajo valor,11,2,780.59,48,390.295,344.3779411764706,24.0,68.0,1,0.0
15240,0,Clientes estándar de bajo valor,45,5,1706.57,58,341.31399999999996,191.74943820224718,11.6,66.75,1,0.0
15241,0,Clientes estándar de bajo valor,67,8,1756.44,82,219.555,242.82580645161292,10.25,31.0,1,0.0
15243,0,Clientes estándar de bajo valor,75,1,316.68,22,316.68,316.68,22.0,0.0,1,0.0
15244,0,Clientes estándar de bajo valor,66,2,631.57,31,315.785,103.5360655737705,15.5,183.0,1,0.0
15245,3,Clientes de alto valor,135,3,2515.84,55,838.6133333333333,594.2929133858268,18.333333333333332,63.5,1,0.1797752808988764
15246,0,Clientes estándar de bajo valor,239,2,514.15,32,257.075,128.5375,16.0,120.0,1,0.0
15247,0,Clientes estándar de bajo valor,123,1,356.0,6,356.0,356.0,6.0,0.0,1,0.0
15249,3,Clientes de alto valor,32,13,6688.46,211,514.496923076923,891.7946666666667,16.23076923076923,18.75,1,0.0
15251,3,Clientes de alto valor,10,11,10484.99,97,953.180909090909,1355.8176724137932,8.818181818181818,23.2,1,0.05405405405405406
15252,0,Clientes estándar de bajo valor,37,2,740.78,44,370.39,151.1795918367347,22.0,147.0,1,0.0
15253,0,Clientes estándar de bajo valor,17,5,918.2,52,183.64000000000001,180.03921568627453,10.4,38.25,1,0.0
15254,0,Clientes estándar de bajo valor,128,1,300.36,18,300.36,300.36,18.0,0.0,1,0.0
15255,0,Clientes estándar de bajo valor,67,1,890.85,47,890.85,890.85,47.0,0.0,1,0.0
15256,0,Clientes estándar de bajo valor,149,1,98.45,6,98.45,98.45,6.0,0.0,1,0.0
15257,0,Clientes estándar de bajo valor,284,1,317.15,7,317.15,317.15,7.0,0.0,1,0.0
15258,0,Clientes estándar de bajo valor,169,2,623.16,32,311.58,381.52653061224487,16.0,49.0,1,0.0
15260,0,Clientes estándar de bajo valor,101,7,1810.77,62,258.68142857142857,199.7172794117647,8.857142857142858,45.333333333333336,1,0.0
15261,0,Clientes estándar de bajo valor,136,1,254.82,19,254.82,254.82,19.0,0.0,1,0.0
15262,0,Clientes estándar de bajo valor,324,1,178.95000000000002,10,178.95000000000002,178.95000000000002,10.0,0.0,1,0.0
15263,0,Clientes estándar de bajo valor,107,1,156.51,12,156.51,156.51,12.0,0.0,1,0.0
15264,0,Clientes estándar de bajo valor,65,1,393.74,23,393.74,393.74,23.0,0.0,1,0.0
15265,0,Clientes estándar de bajo valor,152,2,1506.1200000000001,76,753.0600000000001,537.9000000000001,38.0,84.0,1,0.0
15266,0,Clientes estándar de bajo valor,339,1,119.3,6,119.3,119.3,6.0,0.0,1,0.0
15267,0,Clientes estándar de bajo valor,23,5,1717.36,8,343.472,322.005,1.6,40.0,1,0.0
15269,0,Clientes estándar de bajo valor,24,1,408.8,2,408.8,408.8,2.0,0.0,1,0.0
15270,3,Clientes de alto valor,16,7,2379.49,22,339.9271428571428,241.98203389830505,3.142857142857143,49.166666666666664,1,0.17073170731707318
15271,3,Clientes de alto valor,8,15,2493.34,184,166.22266666666667,208.9391061452514,12.266666666666667,25.571428571428573,1,0.10227272727272728
15272,0,Clientes estándar de bajo valor,58,2,721.94,63,360.97,721.94,31.5,29.0,1,0.0
15274,0,Clientes estándar de bajo valor,5,2,716.57,44,358.285,716.57,22.0,14.0,1,0.0
15275,0,Clientes estándar de bajo valor,38,1,615.14,41,615.14,615.14,41.0,0.0,1,0.0
15276,0,Clientes estándar de bajo valor,67,1,128.63,49,128.63,128.63,49.0,0.0,1,0.0
15277,0,Clientes estándar de bajo valor,47,1,255.89999999999998,12,255.89999999999998,255.89999999999998,12.0,0.0,1,0.0
15279,0,Clientes estándar de bajo valor,355,1,290.51,19,290.51,290.51,19.0,0.0,1,0.0
15280,0,Clientes estándar de bajo valor,173,1,113.12,16,113.12,113.12,16.0,0.0,1,0.0
15281,2,Clientes activos de valor medio,59,9,2332.15,121,259.1277777777778,254.41636363636366,13.444444444444445,34.375,1,0.23741007194244604
15286,0,Clientes estándar de bajo valor,50,1,240.55,3,240.55,240.55,3.0,0.0,1,0.0
15287,0,Clientes estándar de bajo valor,23,2,486.69,17,243.345,304.18125,8.5,48.0,1,0.0
15288,2,Clientes activos de valor medio,44,5,2306.52,80,461.304,214.89316770186338,16.0,80.5,1,0.3522727272727273
15289,0,Clientes estándar de bajo valor,30,3,939.78,43,313.26,128.1518181818182,14.333333333333334,110.0,1,0.0
15290,3,Clientes de alto valor,5,18,7943.22,93,441.29,671.2580281690141,5.166666666666667,20.88235294117647,1,0.004901960784313725
15291,3,Clientes de alto valor,26,14,4623.3,61,330.2357142857143,398.5603448275862,4.357142857142857,26.76923076923077,1,0.17647058823529413
15292,1,Clientes de compra en fin de semana,202,1,178.39,24,178.39,178.39,24.0,0.0,1,1.0
15296,3,Clientes de alto valor,51,6,3672.86,137,612.1433333333333,399.2239130434783,22.833333333333332,55.2,1,0.0
15297,0,Clientes estándar de bajo valor,11,3,641.94,30,213.98000000000002,363.3622641509434,10.0,26.5,1,0.0
15298,3,Clientes de alto valor,3,12,4799.9,115,399.9916666666666,395.5961538461538,9.583333333333334,33.09090909090909,1,0.3072916666666667
15299,3,Clientes de alto valor,68,6,3907.01,6,651.1683333333334,384.29606557377053,1.0,61.0,1,0.0
15300,0,Clientes estándar de bajo valor,65,1,496.44,28,496.44,496.44,28.0,0.0,1,0.0
15301,3,Clientes de alto valor,51,12,5049.95,167,420.82916666666665,476.41037735849056,13.916666666666666,28.90909090909091,1,0.13636363636363635
15303,0,Clientes estándar de bajo valor,291,1,574.02,31,574.02,574.02,31.0,0.0,1,0.0
15304,0,Clientes estándar de bajo valor,61,8,694.4,8,86.8,67.63636363636363,1.0,44.0,1,0.0
15306,0,Clientes estándar de bajo valor,65,3,1174.3500000000001,57,391.45000000000005,419.41071428571433,19.0,42.0,1,0.0
15307,0,Clientes estándar de bajo valor,96,1,205.3,12,205.3,205.3,12.0,0.0,1,0.0
15308,0,Clientes estándar de bajo valor,275,1,310.47,19,310.47,310.47,19.0,0.0,1,0.0
15312,2,Clientes activos de valor medio,76,4,924.85,42,231.2125,99.44623655913978,10.5,93.0,1,0.6595744680851063
15313,1,Clientes de compra en fin de semana,111,1,52.0,1,52.0,52.0,1.0,0.0,1,1.0
15314,0,Clientes estándar de bajo valor,200,1,327.97,24,327.97,327.97,24.0,0.0,1,0.0
15315,0,Clientes estándar de bajo valor,65,2,570.5,35,285.25,329.13461538461536,17.5,52.0,1,0.0
15316,0,Clientes estándar de bajo valor,327,1,165.0,1,165.0,165.0,1.0,0.0,1,0.0
15318,0,Clientes estándar de bajo valor,4,1,312.62,33,312.62,312.62,33.0,0.0,1,0.0
15319,0,Clientes estándar de bajo valor,284,1,204.5,16,204.5,204.5,16.0,0.0,1,0.0
15320,0,Clientes estándar de bajo valor,45,1,267.13,36,267.13,267.13,36.0,0.0,1,0.0
15321,0,Clientes estándar de bajo valor,71,3,2748.31,83,916.1033333333334,373.07375565610863,27.666666666666668,110.5,1,0.0
15322,0,Clientes estándar de bajo valor,86,1,679.68,42,679.68,679.68,42.0,0.0,1,0.0
15325,1,Clientes de compra en fin de semana,104,1,161.74,47,161.74,161.74,47.0,0.0,1,1.0
15326,0,Clientes estándar de bajo valor,334,1,311.71,29,311.71,311.71,29.0,0.0,1,0.0
15327,0,Clientes estándar de bajo valor,53,1,208.75,10,208.75,208.75,10.0,0.0,1,0.0
15329,0,Clientes estándar de bajo valor,40,3,1049.7,51,349.90000000000003,238.5681818181818,17.0,66.0,1,0.0
15330,0,Clientes estándar de bajo valor,33,2,714.9599999999999,10,357.47999999999996,714.9599999999999,5.0,28.0,1,0.0
15333,1,Clientes de compra en fin de semana,209,1,1028.56,16,1028.56,1028.56,16.0,0.0,1,1.0
15334,2,Clientes activos de valor medio,157,3,347.87,66,115.95666666666666,347.87,22.0,8.5,1,0.29896907216494845
15335,0,Clientes estándar de bajo valor,54,1,170.22,34,170.22,170.22,34.0,0.0,1,0.0
15339,0,Clientes estándar de bajo valor,67,2,574.07,77,287.035,68.34166666666667,38.5,252.0,1,0.0
15341,3,Clientes de alto valor,81,1,2020.52,17,2020.52,2020.52,17.0,0.0,1,0.0
15342,0,Clientes estándar de bajo valor,130,1,406.09000000000003,24,406.09000000000003,406.09000000000003,24.0,0.0,1,0.0
15343,0,Clientes estándar de bajo valor,88,1,364.5,21,364.5,364.5,21.0,0.0,1,0.0
15344,0,Clientes estándar de bajo valor,1,3,563.94,21,187.98000000000002,228.62432432432433,7.0,37.0,1,0.0
15345,0,Clientes estándar de bajo valor,46,1,393.54,20,393.54,393.54,20.0,0.0,1,0.0
15346,0,Clientes estándar de bajo valor,333,1,252.42000000000002,17,252.42000000000002,252.42000000000002,17.0,0.0,1,0.0
15347,0,Clientes estándar de bajo valor,367,1,201.60000000000002,5,201.60000000000002,201.60000000000002,5.0,0.0,1,0.0
15348,0,Clientes estándar de bajo valor,73,1,158.04,9,158.04,158.04,9.0,0.0,1,0.0
15349,1,Clientes de compra en fin de semana,159,2,463.91,65,231.955,463.91,32.5,29.0,1,0.8309859154929577
15350,0,Clientes estándar de bajo valor,374,1,115.65,5,115.65,115.65,5.0,0.0,1,0.0
15351,1,Clientes de compra en fin de semana,13,7,1934.66,157,276.38,162.5764705882353,22.428571428571427,59.5,1,0.730593607305936
15353,0,Clientes estándar de bajo valor,255,2,770.12,59,385.06,204.4566371681416,29.5,113.0,1,0.0
15355,0,Clientes estándar de bajo valor,30,2,277.05,9,138.525,277.05,4.5,24.0,1,0.0
15356,3,Clientes de alto valor,32,10,2718.03,215,271.803,241.9611275964392,21.5,37.44444444444444,1,0.0
15358,3,Clientes de alto valor,5,22,8347.2,292,379.41818181818184,693.6731301939059,13.272727272727273,17.19047619047619,1,0.0
15360,0,Clientes estándar de bajo valor,40,1,427.93,13,427.93,427.93,13.0,0.0,1,0.0
15361,0,Clientes estándar de bajo valor,362,1,418.92,7,418.92,418.92,7.0,0.0,1,0.0
15363,0,Clientes estándar de bajo valor,373,1,326.0,16,326.0,326.0,16.0,0.0,1,0.0
15364,0,Clientes estándar de bajo valor,96,2,913.19,29,456.595,172.3,14.5,159.0,1,0.0
15365,2,Clientes activos de valor medio,26,7,2314.32,65,330.6171428571429,239.41241379310347,9.285714285714286,48.333333333333336,1,0.30701754385964913
15366,1,Clientes de compra en fin de semana,76,2,602.51,37,301.255,63.87031802120141,18.5,283.0,1,0.8181818181818182
15367,0,Clientes estándar de bajo valor,58,4,1877.5900000000001,91,469.39750000000004,258.3839449541285,22.75,72.66666666666667,1,0.0
15368,0,Clientes estándar de bajo valor,22,1,446.94000000000005,4,446.94000000000005,446.94000000000005,4.0,0.0,1,0.0
15370,0,Clientes estándar de bajo valor,41,7,2386.05,65,340.86428571428576,245.14212328767127,9.285714285714286,48.666666666666664,1,0.02127659574468085
15372,3,Clientes de alto valor,138,1,2007.4,27,2007.4,2007.4,27.0,0.0,1,0.0
15373,3,Clientes de alto valor,9,12,2415.91,74,201.32583333333332,199.66198347107436,6.166666666666667,33.0,1,0.12878787878787878
15374,0,Clientes estándar de bajo valor,129,1,168.0,3,168.0,168.0,3.0,0.0,1,0.0
15376,1,Clientes de compra en fin de semana,41,3,1221.56,100,407.18666666666667,201.35604395604395,33.333333333333336,91.0,1,1.0
15379,3,Clientes de alto valor,170,7,3703.29,145,529.0414285714286,587.8238095238096,20.714285714285715,31.5,1,0.05154639175257732
15380,0,Clientes estándar de bajo valor,9,5,1690.26,22,338.052,142.03865546218486,4.4,89.25,1,0.0
15381,0,Clientes estándar de bajo valor,214,2,596.85,8,298.425,325.55454545454546,4.0,55.0,1,0.0
15382,3,Clientes de alto valor,15,6,5955.71,193,992.6183333333333,635.8409252669039,32.166666666666664,56.2,1,0.0
15384,0,Clientes estándar de bajo valor,170,2,642.41,34,321.205,101.43315789473684,17.0,190.0,1,0.0
15385,1,Clientes de compra en fin de semana,41,1,316.88,12,316.88,316.88,12.0,0.0,1,1.0
15386,0,Clientes estándar de bajo valor,187,1,394.14,31,394.14,394.14,31.0,0.0,1,0.0
15388,0,Clientes estándar de bajo valor,271,1,140.54,10,140.54,140.54,10.0,0.0,0,0.0
15389,0,Clientes estándar de bajo valor,173,1,500.0,1,500.0,500.0,1.0,0.0,1,0.0
15392,0,Clientes estándar de bajo valor,5,4,1535.53,74,383.8825,129.39859550561798,18.5,118.66666666666667,1,0.0
15393,0,Clientes estándar de bajo valor,17,2,231.86,10,115.93,26.248301886792454,5.0,265.0,1,0.0
15394,0,Clientes estándar de bajo valor,10,4,2183.54,54,545.885,187.69684813753582,13.5,116.33333333333333,1,0.0
15395,0,Clientes estándar de bajo valor,326,1,107.45,7,107.45,107.45,7.0,0.0,1,0.0
15396,0,Clientes estándar de bajo valor,113,1,288.18,14,288.18,288.18,14.0,0.0,1,0.0
15397,0,Clientes estándar de bajo valor,290,1,94.0,6,94.0,94.0,6.0,0.0,1,0.0
15398,0,Clientes estándar de bajo valor,17,2,1345.53,60,672.765,651.0629032258064,30.0,62.0,1,0.0
15399,0,Clientes estándar de bajo valor,2,3,815.77,45,271.92333333333335,313.7576923076923,15.0,39.0,1,0.0
15400,2,Clientes activos de valor medio,93,5,716.2,10,143.24,115.51612903225806,2.0,46.5,1,0.4166666666666667
15402,0,Clientes estándar de bajo valor,149,2,626.35,34,313.175,391.46875,17.0,48.0,1,0.0
15405,0,Clientes estándar de bajo valor,190,1,349.1,8,349.1,349.1,8.0,0.0,1,0.0
15406,0,Clientes estándar de bajo valor,32,2,510.71000000000004,51,255.35500000000002,56.74555555555556,25.5,270.0,1,0.0
15407,1,Clientes de compra en fin de semana,34,4,1046.74,142,261.685,115.44926470588236,35.5,90.66666666666667,1,0.8378378378378378
15408,1,Clientes de compra en fin de semana,265,1,267.18,34,267.18,267.18,34.0,0.0,1,1.0
15410,3,Clientes de alto valor,85,8,3450.84,48,431.355,584.8881355932203,6.0,25.285714285714285,1,0.18032786885245902
15411,2,Clientes activos de valor medio,27,4,1348.93,86,337.2325,259.4096153846154,21.5,52.0,1,0.5612244897959183
15412,0,Clientes estándar de bajo valor,172,1,190.53,10,190.53,190.53,10.0,0.0,1,0.0
15414,0,Clientes estándar de bajo valor,10,3,774.9000000000001,37,258.3,99.77253218884121,12.333333333333334,116.5,1,0.0
15415,1,Clientes de compra en fin de semana,314,1,559.61,46,559.61,559.61,46.0,0.0,1,1.0
15416,3,Clientes de alto valor,65,4,3984.32,165,996.08,548.3009174311927,41.25,72.66666666666667,1,0.0
15417,0,Clientes estándar de bajo valor,86,1,508.8,28,508.8,508.8,28.0,0.0,1,0.0
15419,0,Clientes estándar de bajo valor,25,1,135.86,8,135.86,135.86,8.0,0.0,1,0.0
15421,2,Clientes activos de valor medio,59,4,950.36,40,237.59,113.13809523809523,10.0,84.0,1,0.4716981132075472
15422,0,Clientes estándar de bajo valor,324,2,97.7,6,48.85,97.7,3.0,0.0,1,0.0
15423,0,Clientes estándar de bajo valor,39,1,43.5,2,43.5,43.5,2.0,0.0,1,0.0
15424,0,Clientes estándar de bajo valor,255,2,383.34,17,191.67,383.34,8.5,0.0,1,0.0
15426,1,Clientes de compra en fin de semana,20,5,1404.07,217,280.81399999999996,120.34885714285714,43.4,87.5,1,1.0
15428,0,Clientes estándar de bajo valor,16,1,93.78,6,93.78,93.78,6.0,0.0,1,0.0
15429,1,Clientes de compra en fin de semana,27,2,397.35,77,198.675,243.27551020408166,38.5,49.0,1,1.0
15432,0,Clientes estándar de bajo valor,24,1,171.19000000000003,10,171.19000000000003,171.19000000000003,10.0,0.0,1,0.0
15433,0,Clientes estándar de bajo valor,214,2,533.3,40,266.65,296.27777777777777,20.0,54.0,1,0.0
15434,0,Clientes estándar de bajo valor,9,5,1041.48,40,208.296,162.73125,8.0,48.0,1,0.0
15435,0,Clientes estándar de bajo valor,23,1,149.29,29,149.29,149.29,29.0,0.0,1,0.0
15436,2,Clientes activos de valor medio,13,3,1067.75,243,355.9166666666667,144.29054054054055,81.0,111.0,1,0.570446735395189
15437,0,Clientes estándar de bajo valor,263,1,200.16,44,200.16,200.16,44.0,0.0,1,0.0
15438,1,Clientes de compra en fin de semana,132,1,156.57999999999998,25,156.57999999999998,156.57999999999998,25.0,0.0,1,1.0
15440,1,Clientes de compra en fin de semana,55,3,383.68,50,127.89333333333333,74.74285714285713,16.666666666666668,77.0,1,0.8064516129032258
15442,0,Clientes estándar de bajo valor,249,1,594.0,2,594.0,594.0,2.0,0.0,1,0.0
15443,2,Clientes activos de valor medio,2,7,3213.59,237,459.0842857142857,302.21849529780565,33.857142857142854,53.166666666666664,1,0.3333333333333333
15444,2,Clientes activos de valor medio,10,2,1411.21,191,705.605,1365.6870967741934,95.5,31.0,1,0.3130841121495327
15445,1,Clientes de compra en fin de semana,265,1,113.5,5,113.5,113.5,5.0,0.0,1,1.0
15447,0,Clientes estándar de bajo valor,331,1,155.17000000000002,9,155.17000000000002,155.17000000000002,9.0,0.0,1,0.0
15448,0,Clientes estándar de bajo valor,313,1,494.64,28,494.64,494.64,28.0,0.0,1,0.0
15449,2,Clientes activos de valor medio,27,3,974.52,47,324.84,124.4068085106383,15.666666666666666,117.5,1,0.3333333333333333
15450,0,Clientes estándar de bajo valor,31,1,429.84,30,429.84,429.84,30.0,0.0,1,0.0
15452,1,Clientes de compra en fin de semana,30,3,528.48,47,176.16,67.46553191489362,15.666666666666666,117.5,1,0.7321428571428571
15453,2,Clientes activos de valor medio,2,7,1371.77,169,195.96714285714285,221.2532258064516,24.142857142857142,31.0,1,0.25448028673835127
15454,1,Clientes de compra en fin de semana,363,1,179.1,23,179.1,179.1,23.0,0.0,1,1.0
15456,0,Clientes estándar de bajo valor,284,3,434.59,48,144.86333333333332,171.54868421052632,16.0,38.0,1,0.0
15457,0,Clientes estándar de bajo valor,263,1,237.07,56,237.07,237.07,56.0,0.0,1,0.0
15458,0,Clientes estándar de bajo valor,26,1,161.64,7,161.64,161.64,7.0,0.0,1,0.0
15460,0,Clientes estándar de bajo valor,355,1,214.26,53,214.26,214.26,53.0,0.0,1,0.0
15462,2,Clientes activos de valor medio,95,3,234.6,9,78.2,75.6774193548387,3.0,46.5,1,0.45454545454545453
15463,0,Clientes estándar de bajo valor,30,1,126.14,7,126.14,126.14,7.0,0.0,1,0.0
15466,0,Clientes estándar de bajo valor,86,1,334.53,56,334.53,334.53,56.0,0.0,1,0.0
15467,1,Clientes de compra en fin de semana,10,3,524.88,41,174.96,110.11468531468532,13.666666666666666,71.5,1,0.75
15468,0,Clientes estándar de bajo valor,52,2,467.51,24,233.755,467.51,12.0,0.0,1,0.0
15469,0,Clientes estándar de bajo valor,51,2,538.55,24,269.275,230.80714285714282,12.0,70.0,1,0.0
15471,0,Clientes estándar de bajo valor,3,1,454.48,67,454.48,454.48,67.0,0.0,1,0.0
15472,0,Clientes estándar de bajo valor,114,1,371.56,76,371.56,371.56,76.0,0.0,1,0.0
15473,0,Clientes estándar de bajo valor,15,5,1465.2,4,293.04,955.5652173913043,0.8,11.5,1,0.0
15475,0,Clientes estándar de bajo valor,78,1,454.11,29,454.11,454.11,29.0,0.0,1,0.0
15478,2,Clientes activos de valor medio,41,2,1399.92,34,699.96,1399.92,17.0,16.0,1,0.45454545454545453
15480,0,Clientes estándar de bajo valor,117,1,905.5,45,905.5,905.5,45.0,0.0,0,0.0
15482,3,Clientes de alto valor,16,10,8629.12,45,862.912,754.7335276967931,4.5,38.111111111111114,1,0.07142857142857142
15483,0,Clientes estándar de bajo valor,162,4,225.26,74,56.315,64.36,18.5,35.0,1,0.0
15484,3,Clientes de alto valor,2,4,3590.41,135,897.6025,1398.8610389610387,33.75,25.666666666666668,1,0.0
15485,0,Clientes estándar de bajo valor,31,3,2564.5,59,854.8333333333334,224.3002915451895,19.666666666666668,171.5,1,0.0
15488,0,Clientes estándar de bajo valor,93,1,91.32000000000001,2,91.32000000000001,91.32000000000001,2.0,0.0,1,0.0
15489,0,Clientes estándar de bajo valor,23,3,1134.28,47,378.0933333333333,180.04444444444445,15.666666666666666,94.5,1,0.0
15491,3,Clientes de alto valor,96,6,3100.09,108,516.6816666666667,664.305,18.0,28.0,1,0.0
15492,0,Clientes estándar de bajo valor,29,2,659.46,32,329.73,430.08260869565214,16.0,46.0,1,0.0
15493,0,Clientes estándar de bajo valor,33,5,1918.8600000000001,177,383.77200000000005,241.87310924369748,35.4,59.5,1,0.0
15494,0,Clientes estándar de bajo valor,22,2,1280.58,120,640.29,384.174,60.0,100.0,1,0.0
15497,0,Clientes estándar de bajo valor,18,2,1262.2,13,631.1,125.3841059602649,6.5,302.0,1,0.0
15500,2,Clientes activos de valor medio,9,4,1131.56,64,282.89,465.0246575342466,16.0,24.333333333333332,1,0.3235294117647059
15502,3,Clientes de alto valor,16,10,6923.98,163,692.3979999999999,586.7779661016948,16.3,39.333333333333336,1,0.22488038277511962
15504,0,Clientes estándar de bajo valor,82,1,52.83,13,52.83,52.83,13.0,0.0,1,0.0
15505,3,Clientes de alto valor,53,5,3610.96,90,722.192,1051.735922330097,18.0,25.75,1,0.0
15506,2,Clientes activos de valor medio,23,3,972.08,121,324.0266666666667,251.4,40.333333333333336,58.0,1,0.32298136645962733
15507,0,Clientes estándar de bajo valor,172,1,475.86,41,475.86,475.86,41.0,0.0,1,0.0
15508,0,Clientes estándar de bajo valor,190,6,1000.27,78,166.71166666666667,652.3499999999999,13.0,9.2,1,0.0
15510,0,Clientes estándar de bajo valor,331,1,250.0,1,250.0,250.0,1.0,0.0,1,0.0
15511,0,Clientes estándar de bajo valor,12,5,900.53,117,180.106,365.0797297297297,23.4,18.5,1,0.0
15512,0,Clientes estándar de bajo valor,156,2,121.0,7,60.5,17.794117647058822,3.5,204.0,1,0.0
15514,2,Clientes activos de valor medio,13,11,2947.4,95,267.94545454545454,251.19886363636365,8.636363636363637,35.2,1,0.2867647058823529
15516,0,Clientes estándar de bajo valor,45,3,62.43,15,20.81,62.43,5.0,1.0,1,0.0
15517,0,Clientes estándar de bajo valor,234,1,267.03,27,267.03,267.03,27.0,0.0,1,0.0
15518,2,Clientes activos de valor medio,65,8,1909.85,135,238.73125,213.7891791044776,16.875,38.285714285714285,1,0.5789473684210527
15520,0,Clientes estándar de bajo valor,2,1,343.5,18,343.5,343.5,18.0,0.0,1,0.0
15521,3,Clientes de alto valor,41,6,2790.4,115,465.06666666666666,391.1775700934579,19.166666666666668,42.8,1,0.13872832369942195
15522,0,Clientes estándar de bajo valor,33,2,397.99,47,198.995,217.08545454545455,23.5,55.0,1,0.0
15523,0,Clientes estándar de bajo valor,85,1,412.01000000000005,10,412.01000000000005,412.01000000000005,10.0,0.0,1,0.0
15524,0,Clientes estándar de bajo valor,25,1,440.0,1,440.0,440.0,1.0,0.0,1,0.0
15525,0,Clientes estándar de bajo valor,3,3,716.97,130,238.99,57.97601078167116,43.333333333333336,185.5,1,0.0
15526,1,Clientes de compra en fin de semana,34,2,148.44,4,74.22,148.44,2.0,0.0,1,1.0
15527,3,Clientes de alto valor,19,8,2428.53,127,303.56625,216.83303571428576,15.875,48.0,1,0.12345679012345678
15528,0,Clientes estándar de bajo valor,255,1,229.33,26,229.33,229.33,26.0,0.0,1,0.0
15529,3,Clientes de alto valor,23,11,3960.05,414,360.00454545454545,345.3531976744186,37.63636363636363,34.4,1,0.0
15530,0,Clientes estándar de bajo valor,22,4,1497.31,90,374.3275,199.64133333333334,22.5,75.0,1,0.0
15532,2,Clientes activos de valor medio,26,4,1544.88,204,386.22,139.1783783783784,51.0,111.0,1,0.5983935742971888
15533,1,Clientes de compra en fin de semana,20,3,807.57,73,269.19,346.1014285714286,24.333333333333332,35.0,1,1.0
15535,1,Clientes de compra en fin de semana,174,4,502.9,55,125.725,97.96753246753245,13.75,51.333333333333336,1,1.0
15537,0,Clientes estándar de bajo valor,164,1,110.92,24,110.92,110.92,24.0,0.0,1,0.0
15539,0,Clientes estándar de bajo valor,8,1,538.46,41,538.46,538.46,41.0,0.0,1,0.0
15540,0,Clientes estándar de bajo valor,12,1,213.3,15,213.3,213.3,15.0,0.0,1,0.0
15541,0,Clientes estándar de bajo valor,115,1,85.13000000000001,29,85.13000000000001,85.13000000000001,29.0,0.0,1,0.0
15543,0,Clientes estándar de bajo valor,289,1,127.86,26,127.86,127.86,26.0,0.0,1,0.0
15544,3,Clientes de alto valor,10,9,3546.71,122,394.0788888888889,293.11652892561983,13.555555555555555,45.375,1,0.11196911196911197
15545,2,Clientes activos de valor medio,55,2,288.96999999999997,78,144.48499999999999,27.34731861198738,39.0,317.0,1,0.6125
15549,0,Clientes estándar de bajo valor,78,3,1677.71,103,559.2366666666667,210.59121338912135,34.333333333333336,119.5,1,0.0
15550,0,Clientes estándar de bajo valor,5,4,575.63,43,143.9075,58.14444444444444,10.75,99.0,1,0.0
15551,0,Clientes estándar de bajo valor,37,1,436.06,29,436.06,436.06,29.0,0.0,1,0.0
15552,0,Clientes estándar de bajo valor,218,1,90.12,17,90.12,90.12,17.0,0.0,1,0.0
15553,0,Clientes estándar de bajo valor,61,1,428.93,51,428.93,428.93,51.0,0.0,1,0.0
15554,0,Clientes estándar de bajo valor,278,1,217.2,14,217.2,217.2,14.0,0.0,1,0.0
15556,0,Clientes estándar de bajo valor,25,1,279.77,31,279.77,279.77,31.0,0.0,1,0.0
15557,0,Clientes estándar de bajo valor,29,1,468.91,16,468.91,468.91,16.0,0.0,1,0.0
15561,2,Clientes activos de valor medio,12,4,800.5899999999999,27,200.14749999999998,117.73382352941175,6.75,68.0,1,0.25925925925925924
15562,0,Clientes estándar de bajo valor,352,1,134.55,1,134.55,134.55,1.0,0.0,1,0.0
15563,0,Clientes estándar de bajo valor,23,3,1361.44,87,453.81333333333333,121.55714285714286,29.0,168.0,1,0.0
15565,0,Clientes estándar de bajo valor,51,2,173.16000000000003,8,86.58000000000001,173.16000000000003,4.0,20.0,1,0.0
15567,0,Clientes estándar de bajo valor,19,1,186.01,7,186.01,186.01,7.0,0.0,1,0.0
15568,0,Clientes estándar de bajo valor,3,3,758.29,27,252.76333333333332,320.40422535211263,9.0,35.5,1,0.0
15569,1,Clientes de compra en fin de semana,104,5,1375.71,27,275.142,180.2240174672489,5.4,57.25,1,0.7419354838709677
15570,3,Clientes de alto valor,8,12,4138.87,231,344.9058333333333,343.00027624309394,19.25,32.90909090909091,1,0.25471698113207547
15571,2,Clientes activos de valor medio,12,4,650.4300000000001,47,162.60750000000002,291.23731343283583,11.75,22.333333333333332,1,0.543859649122807
15572,3,Clientes de alto valor,5,7,2533.42,166,361.9171428571429,277.3817518248175,23.714285714285715,45.666666666666664,1,0.18867924528301888
15573,0,Clientes estándar de bajo valor,32,2,583.24,87,291.62,324.02222222222224,43.5,54.0,1,0.0
15574,0,Clientes estándar de bajo valor,178,4,675.64,131,168.91,103.94461538461539,32.75,65.0,1,0.0
15576,0,Clientes estándar de bajo valor,38,1,921.37,43,921.37,921.37,43.0,0.0,1,0.0
15577,0,Clientes estándar de bajo valor,152,3,258.88,39,86.29333333333334,50.431168831168826,13.0,77.0,1,0.0
15578,0,Clientes estándar de bajo valor,163,1,127.1,13,127.1,127.1,13.0,0.0,1,0.0
15579,1,Clientes de compra en fin de semana,69,2,327.6,45,163.8,40.11428571428572,22.5,245.0,1,1.0
15581,0,Clientes estándar de bajo valor,157,10,717.4300000000001,133,71.74300000000001,102.49000000000001,13.3,23.333333333333332,1,0.15384615384615385
15582,0,Clientes estándar de bajo valor,25,3,682.9100000000001,39,227.63666666666668,104.52704081632655,13.0,98.0,1,0.0
15584,2,Clientes activos de valor medio,24,4,720.86,89,180.215,155.58129496402876,22.25,46.333333333333336,1,0.319672131147541
15585,0,Clientes estándar de bajo valor,177,1,455.3,31,455.3,455.3,31.0,0.0,1,0.0
15587,2,Clientes activos de valor medio,51,4,913.68,3,228.42,91.06445182724252,0.75,100.33333333333333,1,0.2222222222222222
15589,0,Clientes estándar de bajo valor,256,3,478.53,28,159.51,261.0163636363636,9.333333333333334,27.5,1,0.0
15592,0,Clientes estándar de bajo valor,47,1,388.58,24,388.58,388.58,24.0,0.0,1,0.0
15593,0,Clientes estándar de bajo valor,71,1,199.8,5,199.8,199.8,5.0,0.0,1,0.0
15594,0,Clientes estándar de bajo valor,16,5,1771.78,85,354.356,242.70958904109588,17.0,54.75,1,0.0
15596,0,Clientes estándar de bajo valor,101,5,1406.59,51,281.318,159.23660377358487,10.2,66.25,1,0.0
15597,0,Clientes estándar de bajo valor,36,1,324.57,22,324.57,324.57,22.0,0.0,1,0.0
15598,0,Clientes estándar de bajo valor,54,1,240.68,14,240.68,240.68,14.0,0.0,1,0.0
15599,2,Clientes activos de valor medio,27,2,761.74,50,380.87,128.38314606741574,25.0,178.0,1,0.4423076923076923
15601,3,Clientes de alto valor,12,14,6776.56,230,484.04,563.1490304709141,16.428571428571427,27.76923076923077,1,0.03414634146341464
15602,0,Clientes estándar de bajo valor,9,8,1237.8700000000001,30,154.73375000000001,103.15583333333335,3.75,51.42857142857143,1,0.0
15603,0,Clientes estándar de bajo valor,79,1,48.480000000000004,2,48.480000000000004,48.480000000000004,2.0,0.0,1,0.0
15604,0,Clientes estándar de bajo valor,53,1,216.39000000000001,17,216.39000000000001,216.39000000000001,17.0,0.0,1,0.0
15605,0,Clientes estándar de bajo valor,37,5,1198.23,61,239.64600000000002,106.66735905044511,12.2,84.25,1,0.16417910447761194
15606,2,Clientes activos de valor medio,62,9,2920.16,48,324.4622222222222,333.09809885931554,5.333333333333333,32.875,1,0.33766233766233766
15607,0,Clientes estándar de bajo valor,337,1,104.76,13,104.76,104.76,13.0,0.0,1,0.0
15608,0,Clientes estándar de bajo valor,29,4,1093.68,59,273.42,356.6347826086957,14.75,30.666666666666668,1,0.0
15609,0,Clientes estándar de bajo valor,185,1,298.48,16,298.48,298.48,16.0,0.0,1,0.0
15610,0,Clientes estándar de bajo valor,52,1,112.46000000000001,6,112.46000000000001,112.46000000000001,6.0,0.0,1,0.0
15611,2,Clientes activos de valor medio,10,11,1570.45,22,142.76818181818183,144.96461538461537,2.0,32.5,1,0.2926829268292683
15612,2,Clientes activos de valor medio,37,2,195.15,4,97.575,195.15,2.0,25.0,1,0.5
15615,3,Clientes de alto valor,11,23,10399.74,184,452.1626086956522,893.960458452722,8.0,15.863636363636363,1,0.0
15618,0,Clientes estándar de bajo valor,33,4,776.851,39,194.21275,224.0916346153846,9.75,34.666666666666664,1,0.0
15619,0,Clientes estándar de bajo valor,11,1,336.4,3,336.4,336.4,3.0,0.0,1,0.0
15620,0,Clientes estándar de bajo valor,57,3,1553.18,92,517.7266666666667,154.28940397350993,30.666666666666668,151.0,1,0.0
15621,0,Clientes estándar de bajo valor,5,4,1293.03,11,323.2575,1293.03,2.75,5.666666666666667,1,0.0
15622,3,Clientes de alto valor,44,9,3709.56,169,412.17333333333335,465.63514644351466,18.77777777777778,29.875,1,0.0
15623,0,Clientes estándar de bajo valor,142,1,301.03000000000003,19,301.03000000000003,301.03000000000003,19.0,0.0,1,0.0
15624,0,Clientes estándar de bajo valor,117,4,588.13,26,147.0325,126.02785714285713,6.5,46.666666666666664,1,0.0
15625,0,Clientes estándar de bajo valor,104,4,1534.26,44,383.565,348.69545454545454,11.0,44.0,1,0.15625
15626,0,Clientes estándar de bajo valor,75,2,675.8,49,337.9,79.50588235294117,24.5,255.0,1,0.0
15628,3,Clientes de alto valor,5,9,2870.2400000000002,85,318.91555555555556,237.86519337016577,9.444444444444445,45.25,1,0.0
15630,0,Clientes estándar de bajo valor,46,2,1186.35,57,593.175,223.83962264150944,28.5,159.0,1,0.0
15632,3,Clientes de alto valor,16,8,3285.31,107,410.66375,380.53783783783786,13.375,37.0,1,0.0
15634,0,Clientes estándar de bajo valor,18,1,243.55,15,243.55,243.55,15.0,0.0,1,0.0
15636,1,Clientes de compra en fin de semana,90,2,724.76,20,362.38,112.65699481865285,10.0,193.0,1,0.68
15637,0,Clientes estándar de bajo valor,53,1,223.36,15,223.36,223.36,15.0,0.0,1,0.0
15639,0,Clientes estándar de bajo valor,135,1,425.32,25,425.32,425.32,25.0,0.0,1,0.0
15641,0,Clientes estándar de bajo valor,106,4,1887.2,102,471.8,222.89763779527559,25.5,84.66666666666667,1,0.0
15643,0,Clientes estándar de bajo valor,192,3,664.0,31,221.33333333333334,218.90109890109892,10.333333333333334,45.5,1,0.0
15644,2,Clientes activos de valor medio,167,4,803.54,166,200.885,253.74947368421053,41.5,31.666666666666668,1,0.5172413793103449
15645,0,Clientes estándar de bajo valor,19,1,611.59,49,611.59,611.59,49.0,0.0,1,0.0
15646,0,Clientes estándar de bajo valor,158,3,447.64000000000004,35,149.21333333333334,62.461395348837215,11.666666666666666,107.5,1,0.0
15648,0,Clientes estándar de bajo valor,205,2,639.5,23,319.75,304.5238095238095,11.5,63.0,1,0.0
15649,0,Clientes estándar de bajo valor,337,2,816.0,1,408.0,789.6774193548387,0.5,31.0,1,0.0
15651,0,Clientes estándar de bajo valor,37,3,646.3,27,215.4333333333333,86.55803571428571,9.0,112.0,1,0.0
15652,0,Clientes estándar de bajo valor,92,1,337.74,21,337.74,337.74,21.0,0.0,1,0.0
15653,0,Clientes estándar de bajo valor,93,2,877.44,4,438.72,877.44,2.0,23.0,1,0.0
15654,2,Clientes activos de valor medio,10,2,922.53,15,461.265,922.53,7.5,17.0,1,0.42857142857142855
15655,1,Clientes de compra en fin de semana,244,1,560.6700000000001,34,560.6700000000001,560.6700000000001,34.0,0.0,1,1.0
15656,0,Clientes estándar de bajo valor,46,4,748.5,46,187.125,93.9539748953975,11.5,79.66666666666667,1,0.0
15657,0,Clientes estándar de bajo valor,23,1,30.0,1,30.0,30.0,1.0,0.0,1,0.0
15658,0,Clientes estándar de bajo valor,191,4,1002.85,40,250.7125,165.30494505494505,10.0,60.666666666666664,1,0.0
15659,0,Clientes estándar de bajo valor,44,1,306.45,11,306.45,306.45,11.0,0.0,1,0.0
15660,0,Clientes estándar de bajo valor,26,9,1561.26,54,173.47333333333333,137.75823529411764,6.0,42.5,1,0.0
15661,0,Clientes estándar de bajo valor,318,2,309.8,4,154.9,309.8,2.0,21.0,1,0.0
15663,0,Clientes estándar de bajo valor,107,1,138.14,9,138.14,138.14,9.0,0.0,1,0.0
15664,0,Clientes estándar de bajo valor,51,1,386.43,17,386.43,386.43,17.0,0.0,1,0.0
15665,2,Clientes activos de valor medio,169,2,2222.21,92,1111.105,888.884,46.0,75.0,1,0.6608695652173913
15667,0,Clientes estándar de bajo valor,40,1,301.32000000000005,13,301.32000000000005,301.32000000000005,13.0,0.0,1,0.0
15668,0,Clientes estándar de bajo valor,218,1,76.32000000000001,1,76.32000000000001,76.32000000000001,1.0,0.0,1,0.0
15669,2,Clientes activos de valor medio,41,4,684.34,31,171.085,92.06367713004484,7.75,74.33333333333333,1,0.24242424242424243
15670,0,Clientes estándar de bajo valor,297,1,173.05,12,173.05,173.05,12.0,0.0,1,0.0
15671,3,Clientes de alto valor,19,7,2657.13,52,379.59000000000003,316.325,7.428571428571429,42.0,1,0.0
15673,2,Clientes activos de valor medio,89,4,2726.23,107,681.5575,342.20460251046023,26.75,79.66666666666667,1,0.2898550724637681
15674,2,Clientes activos de valor medio,74,4,2111.89,87,527.9725,350.0370165745856,21.75,60.333333333333336,1,0.18584070796460178
15675,0,Clientes estándar de bajo valor,82,3,323.69,20,107.89666666666666,48.79748743718593,6.666666666666667,99.5,1,0.0
15676,3,Clientes de alto valor,19,3,3435.76,191,1145.2533333333333,388.95396226415096,63.666666666666664,132.5,1,0.0
15677,0,Clientes estándar de bajo valor,50,1,657.23,33,657.23,657.23,33.0,0.0,1,0.0
15678,0,Clientes estándar de bajo valor,53,1,352.7,12,352.7,352.7,12.0,0.0,1,0.0
15679,0,Clientes estándar de bajo valor,25,4,781.28,98,195.32,148.34430379746834,24.5,52.666666666666664,1,0.0
15680,2,Clientes activos de valor medio,10,3,1333.68,61,444.56,112.07394957983193,20.333333333333332,178.5,1,0.4230769230769231
15681,0,Clientes estándar de bajo valor,26,5,1426.16,32,285.232,167.7835294117647,6.4,63.75,1,0.0
15683,1,Clientes de compra en fin de semana,118,1,193.75,10,193.75,193.75,10.0,0.0,1,1.0
15687,3,Clientes de alto valor,9,9,2993.1,119,332.56666666666666,278.860248447205,13.222222222222221,40.25,1,0.0
15689,0,Clientes estándar de bajo valor,120,2,254.1,8,127.05,31.5,4.0,242.0,1,0.0
15690,0,Clientes estándar de bajo valor,5,2,239.76,19,119.88,74.925,9.5,96.0,1,0.0
15691,0,Clientes estándar de bajo valor,253,1,136.8,2,136.8,136.8,2.0,0.0,1,0.0
15692,0,Clientes estándar de bajo valor,29,1,191.04,12,191.04,191.04,12.0,0.0,1,0.0
15694,3,Clientes de alto valor,1,13,6464.4,41,497.2615384615384,521.3225806451612,3.1538461538461537,31.0,1,0.03896103896103896
15695,0,Clientes estándar de bajo valor,267,2,409.98,22,204.99,409.98,11.0,0.0,1,0.0
15696,2,Clientes activos de valor medio,34,8,2711.11,140,338.88875,277.5880546075085,17.5,41.857142857142854,1,0.39880952380952384
15699,0,Clientes estándar de bajo valor,18,1,309.65,18,309.65,309.65,18.0,0.0,1,0.0
15700,1,Clientes de compra en fin de semana,173,2,696.68,85,348.34,696.68,42.5,1.0,1,0.9883720930232558
15701,1,Clientes de compra en fin de semana,3,4,1529.0,193,382.25,424.72222222222223,48.25,36.0,1,0.8391304347826087
15703,1,Clientes de compra en fin de semana,265,1,211.5,5,211.5,211.5,5.0,0.0,1,1.0
15704,2,Clientes activos de valor medio,141,4,2293.62,79,573.405,917.448,19.75,25.0,1,0.6324786324786325
15705,1,Clientes de compra en fin de semana,202,1,143.1,6,143.1,143.1,6.0,0.0,1,1.0
15706,2,Clientes activos de valor medio,64,4,1060.56,50,265.14,600.3169811320755,12.5,17.666666666666668,1,0.41818181818181815
15707,0,Clientes estándar de bajo valor,36,4,916.98,126,229.245,539.4,31.5,17.0,1,0.0
15708,1,Clientes de compra en fin de semana,41,7,3235.25,124,462.17857142857144,295.0075987841945,17.714285714285715,54.833333333333336,1,1.0
15709,0,Clientes estándar de bajo valor,284,1,133.25,6,133.25,133.25,6.0,0.0,1,0.0
15712,0,Clientes estándar de bajo valor,10,5,1072.3600000000001,41,214.47200000000004,115.72230215827338,8.2,69.5,1,0.0
15713,0,Clientes estándar de bajo valor,144,2,356.7,18,178.35,47.98654708520179,9.0,223.0,1,0.0
15714,0,Clientes estándar de bajo valor,12,2,330.03000000000003,34,165.01500000000001,150.01363636363635,17.0,66.0,1,0.0
15716,1,Clientes de compra en fin de semana,146,4,1101.11,101,275.2775,147.47008928571427,25.25,74.66666666666667,1,1.0
15717,0,Clientes estándar de bajo valor,235,1,150.3,7,150.3,150.3,7.0,0.0,1,0.0
15719,3,Clientes de alto valor,33,13,5028.42,298,386.8015384615385,494.5986885245902,22.923076923076923,25.416666666666668,1,0.0
15720,0,Clientes estándar de bajo valor,25,1,598.73,128,598.73,598.73,128.0,0.0,1,0.0
15721,0,Clientes estándar de bajo valor,12,1,471.40000000000003,80,471.40000000000003,471.40000000000003,80.0,0.0,1,0.0
15722,2,Clientes activos de valor medio,36,5,2211.21,45,442.242,260.14235294117645,9.0,63.75,1,0.31343283582089554
15723,0,Clientes estándar de bajo valor,365,1,190.70000000000002,37,190.70000000000002,190.70000000000002,37.0,0.0,1,0.0
15724,2,Clientes activos de valor medio,202,2,218.25,11,109.125,78.8855421686747,5.5,83.0,1,0.5454545454545454
15725,0,Clientes estándar de bajo valor,16,1,415.25,32,415.25,415.25,32.0,0.0,1,0.0
15727,3,Clientes de alto valor,17,7,5159.06,213,737.0085714285715,451.22973760932945,30.428571428571427,57.166666666666664,1,0.0
15729,0,Clientes estándar de bajo valor,213,1,85.0,5,85.0,85.0,5.0,0.0,1,0.0
15730,0,Clientes estándar de bajo valor,66,3,1120.88,68,373.6266666666667,238.48510638297873,22.666666666666668,70.5,1,0.0
15732,0,Clientes estándar de bajo valor,213,2,294.12,13,147.06,55.1475,6.5,160.0,1,0.0
15733,0,Clientes estándar de bajo valor,283,1,162.3,10,162.3,162.3,10.0,0.0,1,0.0
15734,0,Clientes estándar de bajo valor,115,2,1339.45,25,669.725,467.25,12.5,86.0,1,0.0
15737,0,Clientes estándar de bajo valor,15,6,1156.1200000000001,60,192.6866666666667,152.12105263157898,10.0,45.6,1,0.0
15738,3,Clientes de alto valor,19,16,4812.42,46,300.77625,407.8322033898305,2.875,23.6,1,0.15028901734104047
15739,0,Clientes estándar de bajo valor,67,1,449.12,8,449.12,449.12,8.0,0.0,1,0.0
15740,0,Clientes estándar de bajo valor,50,1,154.88,9,154.88,154.88,9.0,0.0,1,0.0
15743,0,Clientes estándar de bajo valor,17,4,775.96,59,193.99,138.56428571428572,14.75,56.0,1,0.0
15744,0,Clientes estándar de bajo valor,78,1,34.8,3,34.8,34.8,3.0,0.0,1,0.0
15745,1,Clientes de compra en fin de semana,20,4,1094.5900000000001,57,273.64750000000004,151.32580645161292,14.25,72.33333333333333,1,0.7096774193548387
15746,0,Clientes estándar de bajo valor,135,1,182.96,27,182.96,182.96,27.0,0.0,1,0.0
15747,2,Clientes activos de valor medio,13,3,946.64,52,315.5466666666667,177.495,17.333333333333332,80.0,1,0.5222222222222223
15748,1,Clientes de compra en fin de semana,41,1,144.36,19,144.36,144.36,19.0,0.0,1,1.0
15750,3,Clientes de alto valor,3,8,2463.05,214,307.88125,202.9986263736264,26.75,52.0,1,0.0
15752,3,Clientes de alto valor,40,7,2626.6,236,375.2285714285714,236.63063063063063,33.714285714285715,55.5,1,0.0
15753,0,Clientes estándar de bajo valor,305,1,79.2,1,79.2,79.2,1.0,0.0,1,0.0
15754,0,Clientes estándar de bajo valor,52,3,458.57,24,152.85666666666665,70.54923076923077,8.0,97.5,1,0.0
15755,3,Clientes de alto valor,11,6,2364.25,127,394.0416666666667,249.74471830985914,21.166666666666668,56.8,1,0.0
15756,2,Clientes activos de valor medio,62,4,528.01,160,132.0025,84.25691489361702,40.0,62.666666666666664,1,0.5497382198952879
15757,0,Clientes estándar de bajo valor,66,2,714.42,43,357.21,141.00394736842105,21.5,152.0,1,0.0
15758,0,Clientes estándar de bajo valor,25,1,205.25,9,205.25,205.25,9.0,0.0,1,0.0
15759,0,Clientes estándar de bajo valor,219,3,253.04000000000002,5,84.34666666666668,54.222857142857144,1.6666666666666667,70.0,1,0.0
15762,0,Clientes estándar de bajo valor,66,2,583.75,37,291.875,583.75,18.5,12.0,1,0.0
15763,0,Clientes estándar de bajo valor,32,2,1086.92,58,543.46,708.8608695652174,29.0,46.0,1,0.0
15764,3,Clientes de alto valor,89,6,3279.9700000000003,150,546.6616666666667,523.3994680851064,25.0,37.6,1,0.0
15766,0,Clientes estándar de bajo valor,65,1,315.06,11,315.06,315.06,11.0,0.0,1,0.0
15768,0,Clientes estándar de bajo valor,116,3,621.83,23,207.27666666666667,169.59000000000003,7.666666666666667,55.0,1,0.0
15773,1,Clientes de compra en fin de semana,6,1,635.6800000000001,10,635.6800000000001,635.6800000000001,10.0,0.0,1,1.0
15774,1,Clientes de compra en fin de semana,69,1,270.8,25,270.8,270.8,25.0,0.0,1,1.0
15775,0,Clientes estándar de bajo valor,246,1,104.9,7,104.9,104.9,7.0,0.0,1,0.0
15776,0,Clientes estándar de bajo valor,134,1,241.62,18,241.62,241.62,18.0,0.0,1,0.0
15777,0,Clientes estándar de bajo valor,242,4,1047.1100000000001,18,261.77750000000003,261.77750000000003,4.5,40.0,1,0.0
15780,0,Clientes estándar de bajo valor,184,3,475.28000000000003,26,158.42666666666668,81.9448275862069,8.666666666666666,87.0,1,0.0
15781,0,Clientes estándar de bajo valor,26,3,345.46000000000004,20,115.15333333333335,37.01357142857143,6.666666666666667,140.0,1,0.0
15782,2,Clientes activos de valor medio,10,3,2614.74,34,871.5799999999999,980.5274999999999,11.333333333333334,40.0,1,0.4883720930232558
15783,0,Clientes estándar de bajo valor,11,1,246.3,14,246.3,246.3,14.0,0.0,1,0.0
15785,0,Clientes estándar de bajo valor,33,5,2328.9700000000003,58,465.79400000000004,265.6619771863118,11.6,65.75,1,0.0
15787,1,Clientes de compra en fin de semana,27,3,933.26,156,311.08666666666664,799.9371428571428,52.0,17.5,1,1.0
15789,0,Clientes estándar de bajo valor,359,1,351.3,25,351.3,351.3,25.0,0.0,1,0.0
15790,0,Clientes estándar de bajo valor,11,1,218.75,34,218.75,218.75,34.0,0.0,1,0.0
15791,0,Clientes estándar de bajo valor,44,2,1612.69,66,806.345,300.5012422360249,33.0,161.0,1,0.0
15793,0,Clientes estándar de bajo valor,15,3,965.61,6,321.87,114.04842519685039,2.0,127.0,1,0.0
15795,0,Clientes estándar de bajo valor,150,1,610.01,42,610.01,610.01,42.0,0.0,1,0.0
15796,2,Clientes activos de valor medio,2,8,2707.61,69,338.45125,269.86146179401993,8.625,43.0,1,0.2824427480916031
15797,0,Clientes estándar de bajo valor,114,3,2192.4,7,730.8000000000001,344.3560209424084,2.3333333333333335,95.5,1,0.0
15799,1,Clientes de compra en fin de semana,76,3,884.14,94,294.7133333333333,102.41003861003861,31.333333333333332,129.5,1,0.8469387755102041
15800,0,Clientes estándar de bajo valor,108,2,696.89,116,348.445,150.40791366906473,58.0,139.0,1,0.0
15801,0,Clientes estándar de bajo valor,47,3,1063.95,61,354.65000000000003,506.64285714285717,20.333333333333332,31.5,1,0.0
15803,0,Clientes estándar de bajo valor,52,1,415.82000000000005,8,415.82000000000005,415.82000000000005,8.0,0.0,1,0.0
15804,3,Clientes de alto valor,1,13,4206.39,170,323.5684615384616,637.3318181818182,13.076923076923077,16.5,1,0.1183206106870229
15805,3,Clientes de alto valor,24,17,5488.18,220,322.83411764705886,482.83108504398825,12.941176470588236,21.3125,1,0.0
15806,0,Clientes estándar de bajo valor,47,3,784.58,24,261.5266666666667,102.33652173913043,8.0,115.0,1,0.0
15807,0,Clientes estándar de bajo valor,51,3,903.9,48,301.3,903.9,16.0,13.5,1,0.0
15809,0,Clientes estándar de bajo valor,37,5,515.77,31,103.154,58.16954887218045,6.2,66.5,1,0.0
15810,0,Clientes estándar de bajo valor,79,4,1391.98,66,347.995,191.55688073394495,16.5,72.66666666666667,1,0.0
15811,0,Clientes estándar de bajo valor,23,6,2218.62,117,369.77,194.04839650145772,19.5,68.6,1,0.0
15812,0,Clientes estándar de bajo valor,108,5,1801.14,36,360.228,257.3057142857143,7.2,52.5,1,0.0
15813,0,Clientes estándar de bajo valor,208,2,1303.9099999999999,40,651.9549999999999,1222.4156249999999,20.0,32.0,1,0.0
15814,3,Clientes de alto valor,17,4,1945.3300000000002,63,486.33250000000004,1716.4676470588238,15.75,11.333333333333334,1,0.0
15815,0,Clientes estándar de bajo valor,64,5,2100.6,33,420.12,321.5204081632653,6.6,49.0,1,0.0
15819,2,Clientes activos de valor medio,50,4,1905.45,96,476.3625,251.8215859030837,24.0,75.66666666666667,1,0.1951219512195122
15820,0,Clientes estándar de bajo valor,320,1,206.98,17,206.98,206.98,17.0,0.0,1,0.0
15821,2,Clientes activos de valor medio,45,2,570.96,57,285.48,570.96,28.5,17.0,1,0.5483870967741935
15822,0,Clientes estándar de bajo valor,4,2,885.47,28,442.735,74.61825842696629,14.0,356.0,1,0.0
15825,0,Clientes estándar de bajo valor,173,1,532.94,20,532.94,532.94,20.0,0.0,1,0.0
15826,0,Clientes estándar de bajo valor,57,3,1654.31,64,551.4366666666666,322.2681818181818,21.333333333333332,77.0,1,0.0
15827,3,Clientes de alto valor,74,14,1836.09,72,131.1492857142857,184.22307692307692,5.142857142857143,23.0,1,0.09565217391304348
15829,0,Clientes estándar de bajo valor,100,2,636.14,44,318.07,465.4682926829268,22.0,41.0,1,0.0
15830,0,Clientes estándar de bajo valor,38,1,576.0,39,576.0,576.0,39.0,0.0,1,0.0
15831,0,Clientes estándar de bajo valor,59,3,794.64,63,264.88,89.62105263157895,21.0,133.0,1,0.09090909090909091
15832,0,Clientes estándar de bajo valor,255,1,836.79,54,836.79,836.79,54.0,0.0,1,0.0
15834,3,Clientes de alto valor,71,4,2222.65,241,555.6625,322.1231884057971,60.25,69.0,1,0.0
15835,0,Clientes estándar de bajo valor,45,4,954.09,47,238.5225,100.07937062937063,11.75,95.33333333333333,1,0.0
15836,0,Clientes estándar de bajo valor,51,1,137.37,10,137.37,137.37,10.0,0.0,1,0.0
15837,0,Clientes estándar de bajo valor,65,1,391.98,24,391.98,391.98,24.0,0.0,1,0.0
15839,2,Clientes activos de valor medio,34,3,1048.49,56,349.49666666666667,273.5191304347826,18.666666666666668,57.5,1,0.20967741935483872
15840,0,Clientes estándar de bajo valor,59,2,355.56,26,177.78,93.56842105263158,13.0,114.0,1,0.0
15841,0,Clientes estándar de bajo valor,73,4,1224.06,36,306.015,138.0518796992481,9.0,88.66666666666667,1,0.0
15843,0,Clientes estándar de bajo valor,304,1,118.95,8,118.95,118.95,8.0,0.0,1,0.0
15844,0,Clientes estándar de bajo valor,47,1,130.73999999999998,11,130.73999999999998,130.73999999999998,11.0,0.0,1,0.0
15845,3,Clientes de alto valor,18,8,3711.77,97,463.97125,347.97843750000004,12.125,45.714285714285715,1,0.0
15847,0,Clientes estándar de bajo valor,39,2,389.27,22,194.635,46.712399999999995,11.0,250.0,1,0.0
15850,2,Clientes activos de valor medio,20,2,234.88,87,117.44,47.29127516778523,43.5,149.0,1,0.5268817204301075
15852,0,Clientes estándar de bajo valor,187,2,160.71,22,80.355,160.71,11.0,11.0,1,0.0
15853,0,Clientes estándar de bajo valor,52,1,110.8,29,110.8,110.8,29.0,0.0,1,0.0
15854,2,Clientes activos de valor medio,5,12,2969.12,105,247.42666666666665,249.50588235294117,8.75,32.45454545454545,1,0.37681159420289856
15855,0,Clientes estándar de bajo valor,137,5,712.24,59,142.448,168.24566929133857,11.8,31.75,1,0.0
15857,0,Clientes estándar de bajo valor,19,1,297.0,14,297.0,297.0,14.0,0.0,1,0.0
15858,0,Clientes estándar de bajo valor,16,5,1427.57,145,285.514,121.66789772727273,29.0,88.0,1,0.0
15860,2,Clientes activos de valor medio,41,8,965.16,105,120.645,88.27682926829267,13.125,46.857142857142854,1,0.28776978417266186
15861,2,Clientes activos de valor medio,13,7,2981.92,338,425.98857142857145,350.8141176470588,48.285714285714285,42.5,1,0.4322820037105751
15862,0,Clientes estándar de bajo valor,9,4,832.88,142,208.22,68.4558904109589,35.5,121.66666666666667,1,0.0
15863,0,Clientes estándar de bajo valor,26,2,68.84,18,34.42,12.366467065868264,9.0,167.0,1,0.0
15864,0,Clientes estándar de bajo valor,23,6,1936.32,16,322.71999999999997,197.58367346938775,2.6666666666666665,58.8,1,0.1
15865,2,Clientes activos de valor medio,41,3,895.13,37,298.37666666666667,155.2248554913295,12.333333333333334,86.5,1,0.225
15866,0,Clientes estándar de bajo valor,102,1,211.89,43,211.89,211.89,43.0,0.0,1,0.0
15867,3,Clientes de alto valor,6,15,3803.6,301,253.57333333333332,313.4835164835165,20.066666666666666,26.0,1,0.1422319474835886
15869,0,Clientes estándar de bajo valor,278,2,149.64,13,74.82,149.64,6.5,0.0,1,0.0
15870,0,Clientes estándar de bajo valor,33,1,351.44,68,351.44,351.44,68.0,0.0,1,0.0
15872,0,Clientes estándar de bajo valor,15,2,316.25,101,158.125,316.25,50.5,0.0,1,0.0
15874,3,Clientes de alto valor,64,7,4405.88,110,629.4114285714286,598.0832579185521,15.714285714285714,36.833333333333336,1,0.0
15877,0,Clientes estándar de bajo valor,2,2,437.83,120,218.915,437.83,60.0,16.0,1,0.0
15881,0,Clientes estándar de bajo valor,313,4,438.24,25,109.56,252.83076923076922,6.25,17.333333333333332,1,0.0
15882,0,Clientes estándar de bajo valor,199,4,493.08000000000004,21,123.27000000000001,87.01411764705882,5.25,56.666666666666664,1,0.0
15883,2,Clientes activos de valor medio,3,2,396.48,42,198.24,383.69032258064516,21.0,31.0,1,0.40816326530612246
15885,0,Clientes estándar de bajo valor,94,1,349.35,16,349.35,349.35,16.0,0.0,1,0.0
15886,0,Clientes estándar de bajo valor,61,1,181.09,12,181.09,181.09,12.0,0.0,1,0.0
15888,0,Clientes estándar de bajo valor,81,1,162.64,10,162.64,162.64,10.0,0.0,1,0.0
15889,1,Clientes de compra en fin de semana,157,2,400.77,78,200.385,56.446478873239435,39.0,213.0,1,0.6987951807228916
15891,0,Clientes estándar de bajo valor,227,1,509.13,59,509.13,509.13,59.0,0.0,1,0.0
15894,1,Clientes de compra en fin de semana,254,2,257.6,34,128.8,66.62068965517241,17.0,116.0,1,0.9166666666666666
15895,0,Clientes estándar de bajo valor,150,1,179.17,11,179.17,179.17,11.0,0.0,1,0.0
15897,1,Clientes de compra en fin de semana,195,2,208.59,17,104.295,208.59,8.5,0.0,1,1.0
15898,0,Clientes estándar de bajo valor,2,5,1383.83,70,276.76599999999996,113.11961852861036,14.0,91.75,1,0.08333333333333333
15899,0,Clientes estándar de bajo valor,369,1,56.25,4,56.25,56.25,4.0,0.0,1,0.0
15900,0,Clientes estándar de bajo valor,24,1,337.28000000000003,44,337.28000000000003,337.28000000000003,44.0,0.0,1,0.0
15901,0,Clientes estándar de bajo valor,17,3,349.75,101,116.58333333333333,76.03260869565219,33.666666666666664,69.0,1,0.0
15903,3,Clientes de alto valor,10,7,5126.76,46,732.3942857142857,537.772027972028,6.571428571428571,47.666666666666664,1,0.08108108108108109
15904,0,Clientes estándar de bajo valor,9,1,164.68,30,164.68,164.68,30.0,0.0,1,0.0
15906,2,Clientes activos de valor medio,20,7,1567.69,113,223.9557142857143,199.2826271186441,16.142857142857142,39.333333333333336,1,0.5333333333333333
15907,0,Clientes estándar de bajo valor,4,3,881.87,174,293.95666666666665,127.80724637681159,58.0,103.5,1,0.0
15909,1,Clientes de compra en fin de semana,174,1,191.94,7,191.94,191.94,7.0,0.0,1,1.0
15910,3,Clientes de alto valor,1,8,1228.88,215,153.61,116.66582278481013,26.875,45.142857142857146,1,0.0
15912,0,Clientes estándar de bajo valor,179,2,264.62,19,132.31,144.33818181818182,9.5,55.0,1,0.0
15916,0,Clientes estándar de bajo valor,17,8,1502.8600000000001,124,187.85750000000002,128.81657142857145,15.5,50.0,1,0.0
15917,0,Clientes estándar de bajo valor,248,1,123.1,12,123.1,123.1,12.0,0.0,1,0.0
15918,2,Clientes activos de valor medio,191,2,334.23,33,167.115,123.78888888888889,16.5,81.0,1,0.55
15919,1,Clientes de compra en fin de semana,20,2,525.69,103,262.845,45.188252148997144,51.5,349.0,1,0.680327868852459
15920,0,Clientes estándar de bajo valor,155,3,163.55,52,54.51666666666667,163.55,17.333333333333332,0.0,1,0.0
15921,0,Clientes estándar de bajo valor,173,1,323.03000000000003,24,323.03000000000003,323.03000000000003,24.0,0.0,1,0.0
15922,0,Clientes estándar de bajo valor,374,1,369.5,11,369.5,369.5,11.0,0.0,1,0.0
15923,0,Clientes estándar de bajo valor,373,1,127.08,21,127.08,127.08,21.0,0.0,1,0.0
15925,1,Clientes de compra en fin de semana,195,1,207.15,12,207.15,207.15,12.0,0.0,1,1.0
15930,0,Clientes estándar de bajo valor,68,1,426.63,21,426.63,426.63,21.0,0.0,1,0.0
15932,3,Clientes de alto valor,5,8,2495.87,93,311.98375,262.72315789473686,11.625,40.714285714285715,1,0.0
15933,0,Clientes estándar de bajo valor,22,3,1107.46,63,369.15333333333336,511.1353846153847,21.0,32.5,1,0.0
15935,0,Clientes estándar de bajo valor,240,1,108.03999999999999,11,108.03999999999999,108.03999999999999,11.0,0.0,1,0.0
15937,0,Clientes estándar de bajo valor,65,1,145.35000000000002,7,145.35000000000002,145.35000000000002,7.0,0.0,1,0.0
15938,2,Clientes activos de valor medio,113,5,404.58000000000004,13,80.91600000000001,57.52322274881517,2.6,52.75,1,0.2777777777777778
15939,3,Clientes de alto valor,90,14,6100.01,27,435.71500000000003,756.1995867768595,1.9285714285714286,18.615384615384617,1,0.17333333333333334
15940,0,Clientes estándar de bajo valor,312,1,35.8,1,35.8,35.8,1.0,0.0,1,0.0
15942,0,Clientes estándar de bajo valor,134,1,337.44,14,337.44,337.44,14.0,0.0,1,0.0
15944,0,Clientes estándar de bajo valor,277,1,325.1,6,325.1,325.1,6.0,0.0,1,0.0
15945,0,Clientes estándar de bajo valor,366,1,181.0,2,181.0,181.0,2.0,0.0,1,0.0
15948,0,Clientes estándar de bajo valor,9,2,955.24,51,477.62,818.7771428571428,25.5,35.0,1,0.0
15949,0,Clientes estándar de bajo valor,17,2,364.72,12,182.36,198.93818181818185,6.0,55.0,1,0.0
15950,0,Clientes estándar de bajo valor,32,4,1744.71,86,436.1775,159.57713414634145,21.5,109.33333333333333,1,0.0
15951,2,Clientes activos de valor medio,9,2,708.22,36,354.11,76.70252707581228,18.0,277.0,1,0.5365853658536586
15952,1,Clientes de compra en fin de semana,34,4,781.91,65,195.4775,122.17343749999999,16.25,64.0,1,0.8333333333333334
15953,2,Clientes activos de valor medio,16,8,1657.28,63,207.16,140.44745762711864,7.875,50.57142857142857,1,0.23711340206185566
15955,3,Clientes de alto valor,25,14,4416.26,137,315.44714285714286,380.7120689655173,9.785714285714286,26.76923076923077,1,0.10382513661202186
15957,0,Clientes estándar de bajo valor,32,1,428.89,40,428.89,428.89,40.0,0.0,1,0.0
15958,0,Clientes estándar de bajo valor,75,1,104.35,7,104.35,104.35,7.0,0.0,1,0.0
15963,2,Clientes activos de valor medio,20,2,470.76,26,235.38,470.76,13.0,26.0,1,0.35714285714285715
15965,0,Clientes estándar de bajo valor,18,4,808.87,88,202.2175,69.33171428571428,22.0,116.66666666666667,1,0.0
15967,0,Clientes estándar de bajo valor,24,2,397.68,73,198.84,40.442033898305084,36.5,295.0,1,0.0
15969,0,Clientes estándar de bajo valor,3,3,666.1,20,222.03333333333333,109.19672131147541,6.666666666666667,91.5,1,0.0
15970,0,Clientes estándar de bajo valor,304,1,314.09999999999997,11,314.09999999999997,314.09999999999997,11.0,0.0,1,0.0
15971,3,Clientes de alto valor,18,12,4194.9,9,349.575,428.0510204081632,0.75,26.727272727272727,1,0.0
15973,0,Clientes estándar de bajo valor,367,1,307.82000000000005,4,307.82000000000005,307.82000000000005,4.0,0.0,1,0.0
15974,3,Clientes de alto valor,40,7,3442.15,141,491.7357142857143,414.7168674698795,20.142857142857142,41.5,1,0.0
15975,0,Clientes estándar de bajo valor,85,1,371.01,24,371.01,371.01,24.0,0.0,1,0.0
15976,0,Clientes estándar de bajo valor,166,2,427.64,83,213.82,233.2581818181818,41.5,55.0,1,0.0
15977,0,Clientes estándar de bajo valor,18,2,1054.73,48,527.365,1054.73,24.0,22.0,1,0.0
15978,0,Clientes estándar de bajo valor,78,1,1098.78,49,1098.78,1098.78,49.0,0.0,1,0.0
15980,0,Clientes estándar de bajo valor,89,3,2398.86,40,799.62,433.52891566265066,13.333333333333334,83.0,1,0.0
15981,3,Clientes de alto valor,25,8,3408.48,53,426.06,356.2871080139373,6.625,41.0,1,0.0
15983,0,Clientes estándar de bajo valor,23,4,1465.12,82,366.28,125.22393162393162,20.5,117.0,1,0.0
15984,2,Clientes activos de valor medio,3,10,2780.63,217,278.063,227.9204918032787,21.7,40.666666666666664,1,0.45348837209302323
15985,1,Clientes de compra en fin de semana,124,2,1142.42,29,571.21,303.2973451327434,14.5,113.0,1,0.7297297297297297
15986,0,Clientes estándar de bajo valor,31,1,168.12,14,168.12,168.12,14.0,0.0,1,0.0
15987,2,Clientes activos de valor medio,13,7,1432.77,110,204.68142857142857,120.73904494382022,15.714285714285714,59.333333333333336,1,0.3984375
15988,1,Clientes de compra en fin de semana,20,1,156.78,26,156.78,156.78,26.0,0.0,1,1.0
15990,0,Clientes estándar de bajo valor,45,2,792.11,52,396.055,97.79135802469136,26.0,243.0,1,0.0
15992,0,Clientes estándar de bajo valor,4,1,41.989999999999995,3,41.989999999999995,41.989999999999995,3.0,0.0,1,0.0
15994,1,Clientes de compra en fin de semana,55,1,414.27,31,414.27,414.27,31.0,0.0,1,1.0
15996,2,Clientes activos de valor medio,89,6,1016.68,103,169.44666666666666,109.71366906474819,17.166666666666668,55.6,1,0.24603174603174602
16003,0,Clientes estándar de bajo valor,30,5,2735.37,82,547.074,248.67,16.4,82.5,1,0.0
16005,2,Clientes activos de valor medio,13,4,578.71,173,144.6775,67.29186046511629,43.25,86.0,1,0.5870646766169154
16006,0,Clientes estándar de bajo valor,212,1,101.4,8,101.4,101.4,8.0,0.0,1,0.0
16007,1,Clientes de compra en fin de semana,48,4,1693.81,221,423.4525,302.4660714285714,55.25,56.0,1,1.0
16008,2,Clientes activos de valor medio,24,3,478.78,29,159.59333333333333,79.35580110497237,9.666666666666666,90.5,1,0.3333333333333333
16009,1,Clientes de compra en fin de semana,23,4,972.11,68,243.0275,212.87080291970804,17.0,45.666666666666664,1,0.7073170731707317
16010,1,Clientes de compra en fin de semana,246,3,392.4,62,130.79999999999998,100.61538461538461,20.666666666666668,58.5,1,0.8227848101265823
16011,3,Clientes de alto valor,9,16,3352.96,99,209.56,280.97430167597764,6.1875,23.866666666666667,1,0.08095238095238096
16012,0,Clientes estándar de bajo valor,36,3,1415.29,87,471.7633333333333,353.8225,29.0,60.0,1,0.0
16014,2,Clientes activos de valor medio,38,3,646.83,123,215.61,76.39724409448819,41.0,127.0,1,0.5217391304347826
16015,2,Clientes activos de valor medio,4,3,704.26,145,234.75333333333333,459.29999999999995,48.333333333333336,23.0,1,0.32222222222222224
16016,0,Clientes estándar de bajo valor,4,8,1457.01,155,182.12625,120.41404958677687,19.375,51.857142857142854,1,0.0
16017,1,Clientes de compra en fin de semana,48,1,211.88,26,211.88,211.88,26.0,0.0,1,1.0
16018,2,Clientes activos de valor medio,40,2,408.9,26,204.45,86.99999999999999,13.0,141.0,1,0.5357142857142857
16019,3,Clientes de alto valor,47,9,3786.24,133,420.6933333333333,357.19245283018864,14.777777777777779,39.75,1,0.0
16020,0,Clientes estándar de bajo valor,17,3,851.01,42,283.67,521.0265306122449,14.0,24.5,1,0.0
16022,0,Clientes estándar de bajo valor,261,1,602.63,68,602.63,602.63,68.0,0.0,1,0.0
16023,0,Clientes estándar de bajo valor,47,3,719.81,90,239.93666666666664,98.15590909090909,30.0,110.0,1,0.0
16024,1,Clientes de compra en fin de semana,13,1,245.75,60,245.75,245.75,60.0,0.0,1,1.0
16025,0,Clientes estándar de bajo valor,30,1,439.65999999999997,28,439.65999999999997,439.65999999999997,28.0,0.0,1,0.0
16026,0,Clientes estándar de bajo valor,44,1,236.09,30,236.09,236.09,30.0,0.0,1,0.0
16027,0,Clientes estándar de bajo valor,92,6,934.62,11,155.77,132.88436018957347,1.8333333333333333,42.2,1,0.0
16030,0,Clientes estándar de bajo valor,310,1,331.24,28,331.24,331.24,28.0,0.0,1,0.0
16031,0,Clientes estándar de bajo valor,93,2,547.9,91,273.95,106.04516129032257,45.5,155.0,1,0.0
16034,2,Clientes activos de valor medio,197,3,437.70000000000005,18,145.9,96.5514705882353,6.0,68.0,1,0.4090909090909091
16036,0,Clientes estándar de bajo valor,88,2,758.9200000000001,55,379.46000000000004,129.36136363636365,27.5,176.0,1,0.0
16037,0,Clientes estándar de bajo valor,270,3,855.02,37,285.00666666666666,288.20898876404493,12.333333333333334,44.5,1,0.0
16038,1,Clientes de compra en fin de semana,8,3,471.78,24,157.26,72.95567010309277,8.0,97.0,1,0.7307692307692307
16040,0,Clientes estándar de bajo valor,66,3,1313.55,57,437.84999999999997,194.1206896551724,19.0,101.5,1,0.0
16041,3,Clientes de alto valor,31,3,3166.4,6,1055.4666666666667,855.7837837837837,2.0,55.5,1,0.0
16042,0,Clientes estándar de bajo valor,23,5,1177.47,68,235.494,113.94870967741934,13.6,77.5,1,0.0
16043,0,Clientes estándar de bajo valor,38,4,773.99,30,193.4975,82.9275,7.5,93.33333333333333,1,0.0
16045,0,Clientes estándar de bajo valor,120,4,1340.7,71,335.175,235.21052631578948,17.75,57.0,1,0.0
16048,0,Clientes estándar de bajo valor,374,2,256.44,8,128.22,256.44,4.0,0.0,1,0.0
16050,1,Clientes de compra en fin de semana,174,1,137.9,10,137.9,137.9,10.0,0.0,1,1.0
16052,1,Clientes de compra en fin de semana,55,1,362.06,34,362.06,362.06,34.0,0.0,1,1.0
16053,0,Clientes estándar de bajo valor,33,2,1511.95,81,755.975,503.98333333333335,40.5,90.0,1,0.0
16054,1,Clientes de compra en fin de semana,146,1,783.9,70,783.9,783.9,70.0,0.0,1,1.0
16055,0,Clientes estándar de bajo valor,221,1,134.8,8,134.8,134.8,8.0,0.0,1,0.0
16056,0,Clientes estándar de bajo valor,46,1,650.75,66,650.75,650.75,66.0,0.0,1,0.0
16057,3,Clientes de alto valor,17,7,2263.12,109,323.30285714285714,253.33432835820895,15.571428571428571,44.666666666666664,1,0.19008264462809918
16059,0,Clientes estándar de bajo valor,66,6,1453.16,126,242.19333333333336,144.35364238410597,21.0,60.4,1,0.16853932584269662
16062,0,Clientes estándar de bajo valor,10,4,1153.62,50,288.405,97.48901408450703,12.5,118.33333333333333,1,0.0
16063,0,Clientes estándar de bajo valor,261,1,335.32,23,335.32,335.32,23.0,0.0,1,0.0
16065,0,Clientes estándar de bajo valor,366,1,367.14,71,367.14,367.14,71.0,0.0,1,0.0
16066,2,Clientes activos de valor medio,17,5,1521.04,77,304.20799999999997,422.51111111111106,15.4,27.0,1,0.6039603960396039
16070,0,Clientes estándar de bajo valor,23,2,852.15,32,426.075,852.15,16.0,10.0,1,0.0
16071,0,Clientes estándar de bajo valor,45,1,326.24,21,326.24,326.24,21.0,0.0,1,0.0
16072,0,Clientes estándar de bajo valor,289,1,584.3199999999999,23,584.3199999999999,584.3199999999999,23.0,0.0,1,0.0
16073,0,Clientes estándar de bajo valor,298,1,122.4,1,122.4,122.4,1.0,0.0,1,0.0
16076,3,Clientes de alto valor,4,10,2173.53,71,217.353,318.0775609756098,7.1,22.77777777777778,1,0.12598425196850394
16078,0,Clientes estándar de bajo valor,284,1,79.2,1,79.2,79.2,1.0,0.0,1,0.0
16079,2,Clientes activos de valor medio,17,3,1352.0,18,450.6666666666667,1352.0,6.0,12.0,1,0.5238095238095238
16080,0,Clientes estándar de bajo valor,82,2,217.16,10,108.58,33.75544041450777,5.0,193.0,1,0.0
16081,3,Clientes de alto valor,57,5,2799.42,175,559.884,270.9116129032258,35.0,77.5,1,0.0
16083,0,Clientes estándar de bajo valor,101,2,1317.62,31,658.81,152.03307692307692,15.5,260.0,1,0.0
16084,1,Clientes de compra en fin de semana,300,1,436.18,38,436.18,436.18,38.0,0.0,1,1.0
16085,2,Clientes activos de valor medio,24,5,981.51,123,196.302,99.14242424242424,24.6,74.25,1,0.3413173652694611
16086,0,Clientes estándar de bajo valor,60,5,1121.39,24,224.27800000000002,109.2262987012987,4.8,77.0,1,0.0
16091,0,Clientes estándar de bajo valor,155,2,315.06,16,157.53,214.8136363636364,8.0,44.0,1,0.0
16092,0,Clientes estándar de bajo valor,115,3,817.86,37,272.62,175.25571428571428,12.333333333333334,70.0,1,0.0
16093,0,Clientes estándar de bajo valor,107,1,17.0,1,17.0,17.0,1.0,0.0,1,0.0
16094,0,Clientes estándar de bajo valor,12,4,1078.23,48,269.5575,155.5139423076923,12.0,69.33333333333333,1,0.0
16096,1,Clientes de compra en fin de semana,265,1,320.62,12,320.62,320.62,12.0,0.0,1,1.0
16097,0,Clientes estándar de bajo valor,241,1,185.04999999999998,10,185.04999999999998,185.04999999999998,10.0,0.0,1,0.0
16098,0,Clientes estándar de bajo valor,88,7,2005.63,34,286.5185714285714,210.38076923076923,4.857142857142857,47.666666666666664,1,0.0
16099,0,Clientes estándar de bajo valor,51,3,731.9,29,243.96666666666667,125.46857142857144,9.666666666666666,87.5,1,0.0
16101,0,Clientes estándar de bajo valor,71,1,1290.7,76,1290.7,1290.7,76.0,0.0,1,0.0
16102,0,Clientes estándar de bajo valor,43,3,1842.14,41,614.0466666666667,642.6069767441861,13.666666666666666,43.0,1,0.0
16103,0,Clientes estándar de bajo valor,8,6,1429.64,30,238.27333333333334,189.77522123893806,5.0,45.2,1,0.0
16104,1,Clientes de compra en fin de semana,62,1,298.21,28,298.21,298.21,28.0,0.0,1,1.0
16105,0,Clientes estándar de bajo valor,249,1,336.96,13,336.96,336.96,13.0,0.0,1,0.0
16106,0,Clientes estándar de bajo valor,66,1,108.38,6,108.38,108.38,6.0,0.0,1,0.0
16107,2,Clientes activos de valor medio,18,7,3204.1600000000003,16,457.7371428571429,579.0650602409639,2.2857142857142856,27.666666666666668,1,0.25806451612903225
16108,0,Clientes estándar de bajo valor,85,1,816.1,47,816.1,816.1,47.0,0.0,1,0.0
16109,0,Clientes estándar de bajo valor,219,2,611.88,18,305.94,203.96,9.0,90.0,1,0.0
16110,0,Clientes estándar de bajo valor,46,3,1320.95,283,440.31666666666666,148.97932330827066,94.33333333333333,133.0,1,0.0
16112,0,Clientes estándar de bajo valor,144,4,195.74,15,48.935,30.113846153846154,3.75,65.0,1,0.0
16113,0,Clientes estándar de bajo valor,184,1,161.38,30,161.38,161.38,30.0,0.0,1,0.0
16114,0,Clientes estándar de bajo valor,171,1,135.75000000000003,8,135.75000000000003,135.75000000000003,8.0,0.0,1,0.0
16115,2,Clientes activos de valor medio,10,8,1660.8799999999999,169,207.60999999999999,176.0650176678445,21.125,40.42857142857143,1,0.6344086021505376
16116,0,Clientes estándar de bajo valor,212,1,612.78,34,612.78,612.78,34.0,0.0,1,0.0
16117,0,Clientes estándar de bajo valor,190,1,232.21,30,232.21,232.21,30.0,0.0,1,0.0
16119,0,Clientes estándar de bajo valor,9,2,423.36,14,211.68,198.45000000000002,7.0,64.0,1,0.0
16120,0,Clientes estándar de bajo valor,60,4,1309.14,26,327.285,1309.14,6.5,0.0,1,0.0
16121,2,Clientes activos de valor medio,58,2,854.66,170,427.33,162.2772151898734,85.0,158.0,1,0.3480392156862745
16122,0,Clientes estándar de bajo valor,74,4,684.42,26,171.105,70.07713310580203,6.5,97.66666666666667,1,0.0
16123,0,Clientes estándar de bajo valor,52,1,307.78000000000003,16,307.78000000000003,307.78000000000003,16.0,0.0,1,0.0
16124,0,Clientes estándar de bajo valor,318,1,249.0,11,249.0,249.0,11.0,0.0,1,0.0
16125,0,Clientes estándar de bajo valor,368,1,289.35,13,289.35,289.35,13.0,0.0,1,0.0
16126,3,Clientes de alto valor,30,4,6287.77,57,1571.9425,706.491011235955,14.25,89.0,1,0.0
16127,0,Clientes estándar de bajo valor,40,1,656.25,40,656.25,656.25,40.0,0.0,1,0.0
16128,0,Clientes estándar de bajo valor,18,5,1880.22,76,376.044,212.85509433962264,15.2,66.25,1,0.0
16131,3,Clientes de alto valor,52,6,3506.54,55,584.4233333333333,559.554255319149,9.166666666666666,37.6,1,0.0
16134,0,Clientes estándar de bajo valor,22,2,618.09,34,309.045,54.860059171597634,17.0,338.0,1,0.0
16135,0,Clientes estándar de bajo valor,263,1,517.55,21,517.55,517.55,21.0,0.0,1,0.0
16136,0,Clientes estándar de bajo valor,60,3,709.38,35,236.46,97.62110091743119,11.666666666666666,109.0,1,0.0
16139,0,Clientes estándar de bajo valor,19,3,635.4100000000001,25,211.80333333333337,101.39521276595747,8.333333333333334,94.0,1,0.0
16140,0,Clientes estándar de bajo valor,66,2,725.1800000000001,32,362.59000000000003,71.09607843137256,16.0,306.0,1,0.0
16141,0,Clientes estándar de bajo valor,89,1,620.4,30,620.4,620.4,30.0,0.0,1,0.0
16142,0,Clientes estándar de bajo valor,250,1,535.34,37,535.34,535.34,37.0,0.0,1,0.0
16143,3,Clientes de alto valor,4,6,2424.94,75,404.1566666666667,198.7655737704918,12.5,73.2,1,0.13675213675213677
16144,0,Clientes estándar de bajo valor,247,1,175.2,1,175.2,175.2,1.0,0.0,1,0.0
16145,3,Clientes de alto valor,9,11,3799.4900000000002,134,345.40818181818184,324.7427350427351,12.181818181818182,35.1,1,0.11607142857142858
16146,0,Clientes estándar de bajo valor,158,3,734.13,26,244.71,293.652,8.666666666666666,37.5,1,0.0
16147,0,Clientes estándar de bajo valor,134,1,375.0,22,375.0,375.0,22.0,0.0,1,0.0
16148,0,Clientes estándar de bajo valor,297,1,76.32000000000001,1,76.32000000000001,76.32000000000001,1.0,0.0,1,0.0
16149,0,Clientes estándar de bajo valor,5,2,280.52,18,140.26,60.982608695652175,9.0,138.0,1,0.0
16150,0,Clientes estándar de bajo valor,43,5,2053.02,91,410.604,186.6381818181818,18.2,82.5,1,0.0
16152,3,Clientes de alto valor,269,1,1829.04,29,1829.04,1829.04,29.0,0.0,1,0.0
16153,0,Clientes estándar de bajo valor,50,5,1824.23,78,364.846,179.43245901639347,15.6,76.25,1,0.0
16156,3,Clientes de alto valor,9,9,3092.04,108,343.56,307.1562913907285,12.0,37.75,1,0.0
16157,0,Clientes estándar de bajo valor,16,3,656.69,12,218.89666666666668,345.6263157894737,4.0,28.5,1,0.0
16159,0,Clientes estándar de bajo valor,282,1,348.2,14,348.2,348.2,14.0,0.0,1,0.0
16160,0,Clientes estándar de bajo valor,66,2,1025.44,20,512.72,1025.44,10.0,20.0,1,0.0
16161,3,Clientes de alto valor,2,19,5533.67,286,291.2457894736842,452.3435967302453,15.052631578947368,20.38888888888889,1,0.0
16162,0,Clientes estándar de bajo valor,253,1,37.4,2,37.4,37.4,2.0,0.0,1,0.0
16163,0,Clientes estándar de bajo valor,233,2,856.6,5,428.3,193.21804511278194,2.5,133.0,1,0.0
16164,0,Clientes estándar de bajo valor,18,3,822.48,27,274.16,822.48,9.0,12.5,1,0.0
16168,3,Clientes de alto valor,11,27,3787.6,57,140.28148148148148,316.5125348189415,2.111111111111111,13.807692307692308,1,0.23469387755102042
16169,2,Clientes activos de valor medio,9,4,1822.97,71,455.7425,816.255223880597,17.75,22.333333333333332,1,0.3058823529411765
16170,0,Clientes estándar de bajo valor,51,6,1885.05,106,314.175,285.6136363636364,17.666666666666668,39.6,1,0.0
16171,0,Clientes estándar de bajo valor,60,1,73.19999999999999,3,73.19999999999999,73.19999999999999,3.0,0.0,1,0.0
16172,0,Clientes estándar de bajo valor,96,5,1140.21,52,228.042,234.28972602739728,10.4,36.5,1,0.0
16173,0,Clientes estándar de bajo valor,16,6,1418.32,70,236.38666666666666,512.6457831325301,11.666666666666666,16.6,1,0.0
16174,0,Clientes estándar de bajo valor,127,3,1009.55,19,336.51666666666665,1009.55,6.333333333333333,12.5,1,0.0
16175,0,Clientes estándar de bajo valor,95,4,1037.5900000000001,45,259.39750000000004,213.2034246575343,11.25,48.666666666666664,1,0.0
16177,0,Clientes estándar de bajo valor,51,1,331.95,15,331.95,331.95,15.0,0.0,1,0.0
16178,1,Clientes de compra en fin de semana,139,1,197.9,8,197.9,197.9,8.0,0.0,1,1.0
16179,0,Clientes estándar de bajo valor,61,1,215.83,11,215.83,215.83,11.0,0.0,1,0.0
16181,0,Clientes estándar de bajo valor,74,1,305.54,11,305.54,305.54,11.0,0.0,1,0.0
16182,3,Clientes de alto valor,73,4,6617.65,17,1654.4125,894.277027027027,4.25,74.0,1,0.0
16183,0,Clientes estándar de bajo valor,68,1,338.71000000000004,15,338.71000000000004,338.71000000000004,15.0,0.0,1,0.0
16184,0,Clientes estándar de bajo valor,65,6,1158.79,26,193.13166666666666,236.48775510204078,4.333333333333333,29.4,1,0.0
16185,0,Clientes estándar de bajo valor,17,2,529.41,31,264.705,73.52916666666665,15.5,216.0,1,0.0
16186,3,Clientes de alto valor,23,12,4006.94,87,333.9116666666667,343.452,7.25,31.818181818181817,1,0.0871559633027523
16187,3,Clientes de alto valor,32,15,6911.4400000000005,160,460.7626666666667,819.5383399209486,10.666666666666666,18.071428571428573,1,0.1152542372881356
16188,0,Clientes estándar de bajo valor,45,4,981.86,65,245.465,148.76666666666668,16.25,66.0,1,0.0
16189,0,Clientes estándar de bajo valor,16,2,215.48,9,107.74,92.34857142857142,4.5,70.0,1,0.0
16190,1,Clientes de compra en fin de semana,41,1,215.08,6,215.08,215.08,6.0,0.0,1,1.0
16191,3,Clientes de alto valor,3,12,5165.77,65,430.48083333333335,432.8857541899442,5.416666666666667,32.54545454545455,1,0.0
16193,1,Clientes de compra en fin de semana,237,1,314.45,19,314.45,314.45,19.0,0.0,1,1.0
16198,1,Clientes de compra en fin de semana,76,1,400.68100000000004,15,400.68100000000004,400.68100000000004,15.0,0.0,1,1.0
16200,0,Clientes estándar de bajo valor,5,2,1068.8700000000001,149,534.4350000000001,200.41312500000004,74.5,160.0,1,0.0
16201,0,Clientes estándar de bajo valor,4,4,1863.47,74,465.8675,527.3971698113207,18.5,35.333333333333336,1,0.0
16202,0,Clientes estándar de bajo valor,361,1,365.27,18,365.27,365.27,18.0,0.0,1,0.0
16203,0,Clientes estándar de bajo valor,59,4,592.9,27,148.225,56.646496815286625,6.75,104.66666666666667,1,0.0
16204,0,Clientes estándar de bajo valor,24,1,384.18,45,384.18,384.18,45.0,0.0,1,0.0
16205,0,Clientes estándar de bajo valor,31,4,751.03,72,187.7575,151.21409395973154,18.0,49.666666666666664,1,0.0
16206,1,Clientes de compra en fin de semana,55,4,537.0600000000001,52,134.26500000000001,59.017582417582425,13.0,91.0,1,1.0
16207,0,Clientes estándar de bajo valor,26,1,394.38,19,394.38,394.38,19.0,0.0,1,0.0
16208,0,Clientes estándar de bajo valor,45,2,664.26,61,332.13,81.33795918367348,30.5,245.0,1,0.0
16209,0,Clientes estándar de bajo valor,89,5,2262.62,37,452.524,429.61139240506327,7.4,39.5,1,0.0
16211,0,Clientes estándar de bajo valor,89,1,547.02,23,547.02,547.02,23.0,0.0,1,0.0
16212,2,Clientes activos de valor medio,20,2,690.34,40,345.17,78.44772727272726,20.0,264.0,1,0.2682926829268293
16213,0,Clientes estándar de bajo valor,79,1,159.0,6,159.0,159.0,6.0,0.0,1,0.0
16214,0,Clientes estándar de bajo valor,171,3,1062.75,36,354.25,322.04545454545456,12.0,49.5,1,0.0
16215,0,Clientes estándar de bajo valor,81,1,242.35,14,242.35,242.35,14.0,0.0,1,0.0
16216,0,Clientes estándar de bajo valor,268,1,914.9300000000001,37,914.9300000000001,914.9300000000001,37.0,0.0,1,0.0
16217,0,Clientes estándar de bajo valor,236,2,304.25,13,152.125,194.20212765957447,6.5,47.0,1,0.0
16218,3,Clientes de alto valor,30,7,3084.68,56,440.6685714285714,269.0127906976744,8.0,57.333333333333336,1,0.07142857142857142
16221,0,Clientes estándar de bajo valor,37,3,860.86,90,286.9533333333333,78.02356495468278,30.0,165.5,1,0.0
16224,0,Clientes estándar de bajo valor,58,4,1295.3,90,323.825,202.39062499999997,22.5,64.0,1,0.0
16225,0,Clientes estándar de bajo valor,45,5,1096.32,109,219.26399999999998,141.15708154506436,21.8,58.25,1,0.0
16226,0,Clientes estándar de bajo valor,204,3,255.12,6,85.04,239.175,2.0,16.0,1,0.0
16227,0,Clientes estándar de bajo valor,226,1,314.22,6,314.22,314.22,6.0,0.0,1,0.0
16229,0,Clientes estándar de bajo valor,88,2,1010.6,46,505.3,242.54399999999998,23.0,125.0,1,0.0
16230,0,Clientes estándar de bajo valor,190,2,542.03,32,271.015,524.5451612903225,16.0,31.0,1,0.0
16232,2,Clientes activos de valor medio,44,4,990.88,24,247.72,172.82790697674417,6.0,57.333333333333336,1,0.5135135135135135
16233,0,Clientes estándar de bajo valor,72,3,536.6800000000001,22,178.89333333333335,54.577627118644074,7.333333333333333,147.5,1,0.0
16235,2,Clientes activos de valor medio,41,4,857.3100000000001,41,214.32750000000001,88.07979452054796,10.25,97.33333333333333,1,0.2
16236,0,Clientes estándar de bajo valor,79,1,432.2,20,432.2,432.2,20.0,0.0,1,0.0
16239,0,Clientes estándar de bajo valor,57,2,414.2,18,207.1,93.42857142857142,9.0,133.0,1,0.0
16241,3,Clientes de alto valor,10,13,2590.31,347,199.2546153846154,215.85916666666665,26.692307692307693,30.0,1,0.23206106870229007
16242,3,Clientes de alto valor,9,7,3579.86,184,511.40857142857146,399.2408921933086,26.285714285714285,44.833333333333336,1,0.0
16243,1,Clientes de compra en fin de semana,34,2,409.1,49,204.55,409.1,24.5,21.0,1,1.0
16244,0,Clientes estándar de bajo valor,212,2,1522.75,88,761.375,283.7422360248447,44.0,161.0,1,0.0
16245,0,Clientes estándar de bajo valor,24,3,1413.66,80,471.22,182.01630901287555,26.666666666666668,116.5,1,0.0
16247,0,Clientes estándar de bajo valor,171,1,114.56,16,114.56,114.56,16.0,0.0,1,0.0
16248,1,Clientes de compra en fin de semana,62,1,152.94,7,152.94,152.94,7.0,0.0,1,1.0
16249,0,Clientes estándar de bajo valor,53,5,1800.07,67,360.014,288.78128342245986,13.4,46.75,1,0.07246376811594203
16250,0,Clientes estándar de bajo valor,262,2,389.44,22,194.72,104.31428571428572,11.0,112.0,1,0.0
16253,3,Clientes de alto valor,67,2,3683.86,114,1841.93,584.7396825396826,57.0,189.0,1,0.0
16255,2,Clientes activos de valor medio,17,8,2619.91,146,327.48875,225.20716332378223,18.25,49.857142857142854,1,0.31851851851851853
16256,0,Clientes estándar de bajo valor,267,1,752.4300000000001,13,752.4300000000001,752.4300000000001,13.0,0.0,1,0.0
16257,0,Clientes estándar de bajo valor,177,1,21.95,1,21.95,21.95,1.0,0.0,1,0.0
16258,3,Clientes de alto valor,46,5,5203.51,111,1040.702,897.1568965517242,22.2,43.5,1,0.0
16260,0,Clientes estándar de bajo valor,51,1,1035.45,18,1035.45,1035.45,18.0,0.0,1,0.0
16261,2,Clientes activos de valor medio,18,4,728.54,98,182.135,95.4419213973799,24.5,76.33333333333333,1,0.19327731092436976
16265,3,Clientes de alto valor,10,9,5347.0,163,594.1111111111111,451.8591549295774,18.11111111111111,44.375,1,0.07421875
16266,0,Clientes estándar de bajo valor,74,7,861.89,44,123.12714285714286,194.4112781954887,6.285714285714286,22.166666666666668,1,0.0
16268,0,Clientes estándar de bajo valor,72,2,617.65,44,308.825,617.65,22.0,0.0,1,0.0
16270,0,Clientes estándar de bajo valor,354,1,1141.24,54,1141.24,1141.24,54.0,0.0,1,0.0
16271,0,Clientes estándar de bajo valor,16,4,1389.64,88,347.41,121.54285714285714,22.0,114.33333333333333,1,0.0
16272,0,Clientes estándar de bajo valor,117,1,411.7,25,411.7,411.7,25.0,0.0,1,0.0
16274,0,Clientes estándar de bajo valor,374,1,331.55,63,331.55,331.55,63.0,0.0,1,0.0
16275,0,Clientes estándar de bajo valor,197,1,559.87,33,559.87,559.87,33.0,0.0,1,0.0
16276,0,Clientes estándar de bajo valor,177,1,810.6,6,810.6,810.6,6.0,0.0,1,0.0
16278,0,Clientes estándar de bajo valor,101,1,566.38,23,566.38,566.38,23.0,0.0,1,0.0
16279,0,Clientes estándar de bajo valor,22,3,1502.78,102,500.9266666666667,290.8606451612903,34.0,77.5,1,0.0
16281,3,Clientes de alto valor,73,1,2062.06,17,2062.06,2062.06,17.0,0.0,1,0.0
16282,0,Clientes estándar de bajo valor,340,1,168.3,11,168.3,168.3,11.0,0.0,1,0.0
16283,1,Clientes de compra en fin de semana,6,5,1569.11,116,313.822,231.88817733990146,23.2,50.75,1,0.9575757575757575
16284,0,Clientes estándar de bajo valor,32,2,812.68,87,406.34,812.68,43.5,19.0,1,0.0
16287,0,Clientes estándar de bajo valor,170,1,142.5,8,142.5,142.5,8.0,0.0,1,0.0
16292,0,Clientes estándar de bajo valor,122,1,302.25,17,302.25,302.25,17.0,0.0,1,0.0
16293,3,Clientes de alto valor,22,10,2248.9900000000002,102,224.89900000000003,194.9991329479769,10.2,38.44444444444444,1,0.0
16295,0,Clientes estándar de bajo valor,10,4,1328.55,70,332.1375,724.6636363636363,17.5,18.333333333333332,1,0.0
16297,0,Clientes estándar de bajo valor,269,1,301.9,20,301.9,301.9,20.0,0.0,1,0.0
16298,0,Clientes estándar de bajo valor,23,3,598.2,22,199.4,109.42682926829269,7.333333333333333,82.0,1,0.0
16302,0,Clientes estándar de bajo valor,127,1,233.22,11,233.22,233.22,11.0,0.0,1,0.0
16303,3,Clientes de alto valor,26,3,5360.63,119,1786.8766666666668,522.1392857142857,39.666666666666664,154.0,1,0.0
16305,1,Clientes de compra en fin de semana,139,1,361.22,22,361.22,361.22,22.0,0.0,1,1.0
16306,0,Clientes estándar de bajo valor,214,6,632.27,36,105.37833333333333,123.1694805194805,6.0,30.8,1,0.0
16308,0,Clientes estándar de bajo valor,38,4,2560.0,1,640.0,342.85714285714283,0.25,74.66666666666667,1,0.0
16309,0,Clientes estándar de bajo valor,107,2,706.57,39,353.285,158.18731343283582,19.5,134.0,1,0.0
16311,0,Clientes estándar de bajo valor,18,2,616.26,35,308.13,577.74375,17.5,32.0,1,0.0
16313,0,Clientes estándar de bajo valor,4,2,274.15000000000003,16,137.07500000000002,178.79347826086956,8.0,46.0,1,0.0
16315,0,Clientes estándar de bajo valor,331,1,226.37,14,226.37,226.37,14.0,0.0,1,0.0
16316,3,Clientes de alto valor,65,8,2938.91,120,367.36375,299.888775510204,15.0,42.0,1,0.0
16317,0,Clientes estándar de bajo valor,120,3,1341.65,64,447.2166666666667,226.12078651685394,21.333333333333332,89.0,1,0.0
16318,0,Clientes estándar de bajo valor,36,1,328.15000000000003,19,328.15000000000003,328.15000000000003,19.0,0.0,1,0.0
16319,0,Clientes estándar de bajo valor,218,1,404.40000000000003,3,404.40000000000003,404.40000000000003,3.0,0.0,1,0.0
16320,0,Clientes estándar de bajo valor,173,2,1038.46,56,519.23,759.8487804878049,28.0,41.0,0,0.0
16321,0,Clientes estándar de bajo valor,73,3,230.70000000000002,7,76.9,27.573705179282868,2.3333333333333335,125.5,0,0.0
16322,0,Clientes estándar de bajo valor,2,2,326.75,28,163.375,280.07142857142856,14.0,35.0,1,0.0
16323,0,Clientes estándar de bajo valor,197,1,207.50000000000003,1,207.50000000000003,207.50000000000003,1.0,0.0,1,0.0
16324,0,Clientes estándar de bajo valor,129,3,408.59000000000003,100,136.1966666666667,250.15714285714287,33.333333333333336,24.5,1,0.0
16325,0,Clientes estándar de bajo valor,47,3,594.24,14,198.08,89.58391959798995,4.666666666666667,99.5,1,0.0
16326,1,Clientes de compra en fin de semana,6,14,3039.2200000000003,158,217.08714285714288,277.1325227963526,11.285714285714286,25.307692307692307,1,0.9
16327,3,Clientes de alto valor,15,6,3789.67,141,631.6116666666667,320.2538028169014,23.5,71.0,1,0.20569620253164558
16330,0,Clientes estándar de bajo valor,18,3,251.91,39,83.97,79.55052631578948,13.0,47.5,1,0.0
16332,0,Clientes estándar de bajo valor,29,7,1582.8,125,226.1142857142857,171.42238267148016,17.857142857142858,46.166666666666664,1,0.13245033112582782
16337,0,Clientes estándar de bajo valor,37,1,151.05,10,151.05,151.05,10.0,0.0,1,0.0
16338,0,Clientes estándar de bajo valor,158,1,214.8,11,214.8,214.8,11.0,0.0,1,0.0
16339,0,Clientes estándar de bajo valor,285,1,94.05,17,94.05,94.05,17.0,0.0,1,0.0
16340,0,Clientes estándar de bajo valor,108,1,534.31,124,534.31,534.31,124.0,0.0,1,0.0
16341,2,Clientes activos de valor medio,25,4,1971.8700000000001,60,492.96750000000003,334.21525423728815,15.0,59.0,1,0.37662337662337664
16342,2,Clientes activos de valor medio,76,4,322.41,10,80.6025,93.00288461538462,2.5,34.666666666666664,1,0.4
16343,0,Clientes estándar de bajo valor,17,2,328.58,29,164.29,328.58,14.5,0.0,1,0.0
16344,0,Clientes estándar de bajo valor,159,1,101.10000000000001,1,101.10000000000001,101.10000000000001,1.0,0.0,1,0.0
16345,0,Clientes estándar de bajo valor,45,1,565.46,35,565.46,565.46,35.0,0.0,1,0.0
16347,0,Clientes estándar de bajo valor,12,2,847.45,61,423.725,847.45,30.5,25.0,1,0.0
16348,0,Clientes estándar de bajo valor,33,7,1413.31,156,201.90142857142857,203.84278846153845,22.285714285714285,34.666666666666664,1,0.0
16349,0,Clientes estándar de bajo valor,291,1,53.5,9,53.5,53.5,9.0,0.0,1,0.0
16350,0,Clientes estándar de bajo valor,22,4,1116.47,40,279.1175,107.35288461538461,10.0,104.0,1,0.0
16351,0,Clientes estándar de bajo valor,333,1,153.9,8,153.9,153.9,8.0,0.0,1,0.0
16352,0,Clientes estándar de bajo valor,18,2,494.44,28,247.22,494.44,14.0,20.0,1,0.0
16353,3,Clientes de alto valor,4,23,6675.71,51,290.24826086956523,547.1893442622951,2.217391304347826,16.636363636363637,1,0.14893617021276595
16354,0,Clientes estándar de bajo valor,64,2,395.8,38,197.9,395.8,19.0,10.0,1,0.0
16356,0,Clientes estándar de bajo valor,198,3,211.77,20,70.59,79.41375000000001,6.666666666666667,40.0,1,0.0
16357,2,Clientes activos de valor medio,34,3,658.88,31,219.62666666666667,109.81333333333333,10.333333333333334,90.0,1,0.6470588235294118
16358,0,Clientes estándar de bajo valor,2,4,2027.5,82,506.875,332.3770491803279,20.5,61.0,1,0.0
16359,2,Clientes activos de valor medio,8,9,1500.92,37,166.7688888888889,138.97407407407408,4.111111111111111,40.5,1,0.1875
16361,0,Clientes estándar de bajo valor,10,4,891.21,87,222.8025,431.2306451612903,21.75,20.666666666666668,1,0.17307692307692307
16362,0,Clientes estándar de bajo valor,33,5,695.14,58,139.028,353.46101694915257,11.6,14.75,1,0.0
16363,0,Clientes estándar de bajo valor,54,1,109.36000000000001,5,109.36000000000001,109.36000000000001,5.0,0.0,1,0.0
16364,0,Clientes estándar de bajo valor,12,2,705.79,48,352.895,168.0452380952381,24.0,126.0,1,0.0
16365,0,Clientes estándar de bajo valor,18,9,1540.42,45,171.1577777777778,132.036,5.0,43.75,1,0.0
16366,0,Clientes estándar de bajo valor,19,1,327.3,18,327.3,327.3,18.0,0.0,1,0.0
16367,2,Clientes activos de valor medio,38,2,800.67,123,400.335,73.90799999999999,61.5,325.0,1,0.2677165354330709
16368,0,Clientes estándar de bajo valor,3,2,479.91,58,239.955,479.91,29.0,26.0,1,0.0
16369,0,Clientes estándar de bajo valor,19,3,1543.33,90,514.4433333333333,260.11179775280897,30.0,89.0,1,0.0
16370,2,Clientes activos de valor medio,83,4,1301.91,143,325.4775,273.127972027972,35.75,47.666666666666664,1,0.5158371040723982
16372,1,Clientes de compra en fin de semana,34,2,355.73,86,177.865,355.73,43.0,0.0,1,1.0
16374,0,Clientes estándar de bajo valor,67,2,458.78,100,229.39,70.22142857142858,50.0,196.0,1,0.0
16376,0,Clientes estándar de bajo valor,9,2,974.96,104,487.48,974.96,52.0,9.0,1,0.0
16377,0,Clientes estándar de bajo valor,268,1,676.2,5,676.2,676.2,5.0,0.0,1,0.0
16378,0,Clientes estándar de bajo valor,248,3,362.95,22,120.98333333333333,172.83333333333331,7.333333333333333,31.5,1,0.0
16379,3,Clientes de alto valor,5,4,2157.4,87,539.35,874.6216216216217,21.75,24.666666666666668,1,0.0
16383,0,Clientes estándar de bajo valor,75,2,643.76,80,321.88,99.55051546391752,40.0,194.0,1,0.0
16384,2,Clientes activos de valor medio,90,2,584.5,33,292.25,100.77586206896552,16.5,174.0,1,0.2727272727272727
16385,0,Clientes estándar de bajo valor,61,3,554.86,52,184.95333333333335,54.39803921568628,17.333333333333332,153.0,1,0.0
16386,0,Clientes estándar de bajo valor,29,2,302.57,76,151.285,40.342666666666666,38.0,225.0,1,0.0
16387,0,Clientes estándar de bajo valor,323,1,94.36,4,94.36,94.36,4.0,0.0,1,0.0
16389,0,Clientes estándar de bajo valor,54,4,1382.0700000000002,33,345.51750000000004,180.27,8.25,76.66666666666667,1,0.0
16392,0,Clientes estándar de bajo valor,270,1,217.89000000000001,41,217.89000000000001,217.89000000000001,41.0,0.0,1,0.0
16393,3,Clientes de alto valor,3,13,3040.96,120,233.92000000000002,248.5798365122616,9.23076923076923,30.583333333333332,1,0.1345565749235474
16394,0,Clientes estándar de bajo valor,57,5,1555.34,61,311.068,200.25836909871245,12.2,58.25,1,0.0
16395,0,Clientes estándar de bajo valor,61,5,1482.06,150,296.412,164.67333333333332,30.0,67.5,1,0.0
16398,0,Clientes estándar de bajo valor,155,2,1705.8,75,852.9,516.9090909090909,37.5,99.0,1,0.0
16399,2,Clientes activos de valor medio,20,2,406.22,67,203.11,56.419444444444444,33.5,216.0,1,0.5774647887323944
16400,0,Clientes estándar de bajo valor,95,1,303.93,28,303.93,303.93,28.0,0.0,1,0.0
16401,2,Clientes activos de valor medio,2,12,4098.32,66,341.52666666666664,377.1460122699386,5.5,29.636363636363637,1,0.3870967741935484
16402,1,Clientes de compra en fin de semana,265,2,293.45,55,146.725,83.84285714285714,27.5,105.0,1,1.0
16403,0,Clientes estándar de bajo valor,313,1,177.5,10,177.5,177.5,10.0,0.0,1,0.0
16404,0,Clientes estándar de bajo valor,71,1,443.05,23,443.05,443.05,23.0,0.0,1,0.0
16405,0,Clientes estándar de bajo valor,303,2,167.25,3,83.625,167.25,1.5,8.0,1,0.0
16406,0,Clientes estándar de bajo valor,19,1,154.35,54,154.35,154.35,54.0,0.0,1,0.0
16407,1,Clientes de compra en fin de semana,13,10,2079.68,99,207.968,207.968,9.9,33.333333333333336,1,0.6904761904761905
16409,0,Clientes estándar de bajo valor,37,5,2022.98,145,404.596,215.976512455516,29.0,70.25,1,0.0
16411,1,Clientes de compra en fin de semana,20,2,211.7,41,105.85,18.145714285714284,20.5,350.0,1,1.0
16412,0,Clientes estándar de bajo valor,54,1,135.99,25,135.99,135.99,25.0,0.0,1,0.0
16413,0,Clientes estándar de bajo valor,57,1,262.2,30,262.2,262.2,30.0,0.0,1,0.0
16414,0,Clientes estándar de bajo valor,22,2,126.25,5,63.125,14.623552123552125,2.5,259.0,1,0.0
16415,0,Clientes estándar de bajo valor,45,1,200.27,45,200.27,200.27,45.0,0.0,1,0.0
16416,2,Clientes activos de valor medio,27,3,1051.4,59,350.4666666666667,1051.4,19.666666666666668,15.0,1,0.28169014084507044
16418,0,Clientes estándar de bajo valor,45,3,631.12,76,210.37333333333333,104.03076923076924,25.333333333333332,91.0,1,0.0
16419,0,Clientes estándar de bajo valor,113,6,958.71,36,159.785,144.52914572864321,6.0,39.8,1,0.0
16423,0,Clientes estándar de bajo valor,25,1,346.12,18,346.12,346.12,18.0,0.0,1,0.0
16424,0,Clientes estándar de bajo valor,192,1,133.56,5,133.56,133.56,5.0,0.0,1,0.0
16425,0,Clientes estándar de bajo valor,303,1,302.7,21,302.7,302.7,21.0,0.0,1,0.0
16426,3,Clientes de alto valor,3,10,1863.76,211,186.376,204.06131386861315,21.1,30.444444444444443,1,0.0
16427,0,Clientes estándar de bajo valor,264,2,241.06,8,120.53,241.06,4.0,21.0,1,0.0
16429,0,Clientes estándar de bajo valor,107,1,284.55,2,284.55,284.55,2.0,0.0,1,0.0
16430,0,Clientes estándar de bajo valor,58,1,300.85,6,300.85,300.85,6.0,0.0,1,0.0
16431,0,Clientes estándar de bajo valor,214,3,623.28,51,207.76,222.6,17.0,42.0,1,0.0
16432,0,Clientes estándar de bajo valor,65,1,287.40000000000003,8,287.40000000000003,287.40000000000003,8.0,0.0,1,0.0
16433,0,Clientes estándar de bajo valor,29,1,184.26,17,184.26,184.26,17.0,0.0,1,0.0
16434,1,Clientes de compra en fin de semana,30,7,1511.8,88,215.97142857142856,167.97777777777776,12.571428571428571,45.0,1,0.7289719626168224
16438,2,Clientes activos de valor medio,6,5,798.35,74,159.67000000000002,311.0454545454545,14.8,19.25,1,0.6212121212121212
16440,3,Clientes de alto valor,8,5,3640.67,186,728.134,527.6333333333333,37.2,51.75,1,0.0
16441,0,Clientes estándar de bajo valor,68,2,381.2,22,190.6,51.05357142857142,11.0,224.0,1,0.0
16442,0,Clientes estándar de bajo valor,2,3,609.3,161,203.1,50.916434540389965,53.666666666666664,179.5,1,0.0
16444,2,Clientes activos de valor medio,47,4,654.67,68,163.6675,90.09220183486238,17.0,72.66666666666667,1,0.5357142857142857
16445,1,Clientes de compra en fin de semana,34,1,230.51,62,230.51,230.51,62.0,0.0,1,1.0
16446,0,Clientes estándar de bajo valor,206,1,2.9,2,2.9,2.9,2.0,0.0,1,0.0
16447,0,Clientes estándar de bajo valor,136,1,255.91,34,255.91,255.91,34.0,0.0,1,0.0
16448,0,Clientes estándar de bajo valor,199,1,182.99,19,182.99,182.99,19.0,0.0,1,0.0
16449,0,Clientes estándar de bajo valor,198,2,707.69,40,353.845,255.79156626506025,20.0,83.0,1,0.0
16450,0,Clientes estándar de bajo valor,150,1,311.92,11,311.92,311.92,11.0,0.0,1,0.0
16451,0,Clientes estándar de bajo valor,88,1,266.97,14,266.97,266.97,14.0,0.0,1,0.0
16454,0,Clientes estándar de bajo valor,65,1,5.9,1,5.9,5.9,1.0,0.0,1,0.0
16455,0,Clientes estándar de bajo valor,64,7,1841.18,69,263.0257142857143,179.3357142857143,9.857142857142858,51.333333333333336,1,0.0
16456,2,Clientes activos de valor medio,100,5,2158.18,80,431.63599999999997,236.2970802919708,16.0,68.5,1,0.5363636363636364
16457,0,Clientes estándar de bajo valor,219,1,208.36,9,208.36,208.36,9.0,0.0,1,0.0
16458,3,Clientes de alto valor,3,18,3482.7400000000002,52,193.48555555555558,291.8497206703911,2.888888888888889,21.058823529411764,1,0.10396039603960396
16460,0,Clientes estándar de bajo valor,29,3,811.23,128,270.41,459.1867924528302,42.666666666666664,26.5,1,0.0
16461,0,Clientes estándar de bajo valor,178,1,142.92,31,142.92,142.92,31.0,0.0,1,0.0
16462,0,Clientes estándar de bajo valor,74,3,136.0,1,45.333333333333336,19.428571428571427,0.3333333333333333,105.0,1,0.0
16463,0,Clientes estándar de bajo valor,22,4,1402.4,73,350.6,229.90163934426232,18.25,61.0,1,0.0
16464,2,Clientes activos de valor medio,20,3,1298.66,152,432.8866666666667,316.7463414634147,50.666666666666664,61.5,1,0.2391304347826087
16466,1,Clientes de compra en fin de semana,34,7,1595.96,103,227.99428571428572,184.86023166023168,14.714285714285714,43.166666666666664,1,1.0
16468,0,Clientes estándar de bajo valor,75,1,74.9,2,74.9,74.9,2.0,0.0,1,0.0
16469,0,Clientes estándar de bajo valor,24,4,625.42,148,156.355,84.1372197309417,37.0,74.33333333333333,1,0.0
16470,0,Clientes estándar de bajo valor,52,4,752.77,120,188.1925,73.56058631921825,30.0,102.33333333333333,1,0.0
16471,0,Clientes estándar de bajo valor,275,1,223.95000000000002,13,223.95000000000002,223.95000000000002,13.0,0.0,1,0.0
16473,0,Clientes estándar de bajo valor,165,3,316.11,18,105.37,55.13546511627907,6.0,86.0,1,0.0
16474,2,Clientes activos de valor medio,8,7,1810.49,236,258.64142857142855,393.58478260869566,33.714285714285715,23.0,1,0.3541666666666667
16475,0,Clientes estándar de bajo valor,89,4,544.3,23,136.075,88.26486486486485,5.75,61.666666666666664,1,0.0
16477,3,Clientes de alto valor,64,7,2494.46,111,356.3514285714286,242.9668831168831,15.857142857142858,51.333333333333336,1,0.1643835616438356
16478,0,Clientes estándar de bajo valor,26,3,331.0,15,110.33333333333333,248.25,5.0,20.0,1,0.0
16479,0,Clientes estándar de bajo valor,11,2,300.83,35,150.415,300.83,17.5,0.0,1,0.0
16480,1,Clientes de compra en fin de semana,76,1,769.29,51,769.29,769.29,51.0,0.0,1,1.0
16482,0,Clientes estándar de bajo valor,16,1,220.62,18,220.62,220.62,18.0,0.0,1,0.0
16483,0,Clientes estándar de bajo valor,193,1,139.35,19,139.35,139.35,19.0,0.0,1,0.0
16484,2,Clientes activos de valor medio,174,2,404.3,25,202.15,404.3,12.5,17.0,1,0.28
16485,0,Clientes estándar de bajo valor,78,1,363.65,41,363.65,363.65,41.0,0.0,1,0.0
16488,2,Clientes activos de valor medio,34,3,498.8,28,166.26666666666668,130.12173913043478,9.333333333333334,57.5,1,0.2413793103448276
16491,0,Clientes estándar de bajo valor,47,1,731.5,39,731.5,731.5,39.0,0.0,1,0.0
16493,2,Clientes activos de valor medio,80,4,1351.63,40,337.9075,162.1956,10.0,83.33333333333333,1,0.5
16494,0,Clientes estándar de bajo valor,297,1,826.53,47,826.53,826.53,47.0,0.0,1,0.0
16495,0,Clientes estándar de bajo valor,4,3,648.26,78,216.08666666666667,71.23736263736264,26.0,136.5,1,0.0
16496,0,Clientes estándar de bajo valor,9,3,1599.52,92,533.1733333333333,155.7974025974026,30.666666666666668,154.0,1,0.0
16497,3,Clientes de alto valor,50,6,2965.69,128,494.2816666666667,313.27711267605633,21.333333333333332,56.8,1,0.0
16498,0,Clientes estándar de bajo valor,162,2,100.97,15,50.485,100.97,7.5,1.0,1,0.0
16499,0,Clientes estándar de bajo valor,361,2,365.45,18,182.725,365.45,9.0,4.0,1,0.0
16500,0,Clientes estándar de bajo valor,5,6,400.86,8,66.81,36.888957055214725,1.3333333333333333,65.2,1,0.0
16503,0,Clientes estándar de bajo valor,107,4,1431.93,71,357.9825,169.12559055118112,17.75,84.66666666666667,1,0.0
16504,0,Clientes estándar de bajo valor,26,1,465.88,76,465.88,465.88,76.0,0.0,1,0.0
16505,0,Clientes estándar de bajo valor,32,1,777.6,4,777.6,777.6,4.0,0.0,1,0.0
16506,1,Clientes de compra en fin de semana,20,2,90.30000000000001,3,45.150000000000006,90.30000000000001,1.5,21.0,1,1.0
16509,0,Clientes estándar de bajo valor,297,1,363.70000000000005,13,363.70000000000005,363.70000000000005,13.0,0.0,1,0.0
16510,0,Clientes estándar de bajo valor,373,1,248.1,13,248.1,248.1,13.0,0.0,1,0.0
16511,0,Clientes estándar de bajo valor,22,3,916.33,134,305.4433333333333,112.20367346938777,44.666666666666664,122.5,1,0.0
16513,1,Clientes de compra en fin de semana,5,4,874.59,33,218.6475,672.7615384615384,8.25,13.0,1,0.8571428571428571
16515,0,Clientes estándar de bajo valor,53,5,1624.14,89,324.82800000000003,188.12432432432433,17.8,64.75,1,0.0
16516,0,Clientes estándar de bajo valor,31,1,101.69999999999999,6,101.69999999999999,101.69999999999999,6.0,0.0,1,0.0
16517,0,Clientes estándar de bajo valor,278,1,162.70000000000002,17,162.70000000000002,162.70000000000002,17.0,0.0,1,0.0
16518,1,Clientes de compra en fin de semana,62,2,484.32,36,242.16,65.15515695067265,18.0,223.0,1,0.725
16519,0,Clientes estándar de bajo valor,26,2,212.98,12,106.49,18.792352941176468,6.0,340.0,1,0.0
16520,0,Clientes estándar de bajo valor,187,3,1046.57,129,348.8566666666666,175.40279329608938,43.0,89.5,1,0.0
16523,3,Clientes de alto valor,2,21,9418.470000000001,151,448.4985714285715,899.8538216560511,7.190476190476191,15.7,1,0.14482758620689656
16526,0,Clientes estándar de bajo valor,172,1,290.36,15,290.36,290.36,15.0,0.0,1,0.0
16527,0,Clientes estándar de bajo valor,82,1,228.06,14,228.06,228.06,14.0,0.0,1,0.0
16528,0,Clientes estándar de bajo valor,4,1,244.41,17,244.41,244.41,17.0,0.0,1,0.0
16529,0,Clientes estándar de bajo valor,191,1,455.25,30,455.25,455.25,30.0,0.0,1,0.0
16531,0,Clientes estándar de bajo valor,23,7,1244.59,68,177.79857142857142,110.46656804733726,9.714285714285714,56.333333333333336,1,0.0
16533,1,Clientes de compra en fin de semana,20,3,1082.81,112,360.93666666666667,662.9448979591837,37.333333333333336,24.5,1,1.0
16535,1,Clientes de compra en fin de semana,6,1,593.75,31,593.75,593.75,31.0,0.0,1,1.0
16536,1,Clientes de compra en fin de semana,111,1,548.12,49,548.12,548.12,49.0,0.0,1,1.0
16539,0,Clientes estándar de bajo valor,3,4,1388.81,36,347.2025,112.30269541778975,9.0,123.66666666666667,1,0.0
16542,0,Clientes estándar de bajo valor,54,1,119.62,5,119.62,119.62,5.0,0.0,1,0.0
16545,0,Clientes estándar de bajo valor,165,1,339.3,3,339.3,339.3,3.0,0.0,1,0.0
16546,0,Clientes estándar de bajo valor,291,2,787.15,25,393.575,287.98170731707313,12.5,82.0,1,0.0
16550,3,Clientes de alto valor,109,5,2298.97,162,459.794,265.26576923076925,32.4,65.0,1,0.0
16551,0,Clientes estándar de bajo valor,96,3,922.12,26,307.37333333333333,114.78672199170124,8.666666666666666,120.5,1,0.0
16552,0,Clientes estándar de bajo valor,243,2,379.73,17,189.865,86.96106870229009,8.5,131.0,1,0.0
16553,3,Clientes de alto valor,164,12,5719.82,62,476.65166666666664,871.038578680203,5.166666666666667,17.90909090909091,1,0.0
16554,2,Clientes activos de valor medio,43,3,837.1,51,279.03333333333336,86.8961937716263,17.0,144.5,1,0.38461538461538464
16555,0,Clientes estándar de bajo valor,36,2,285.89,15,142.945,115.90135135135134,7.5,74.0,1,0.0
16556,3,Clientes de alto valor,67,7,3313.79,144,473.3985714285714,338.14183673469387,20.571428571428573,49.0,1,0.12560386473429952
16557,0,Clientes estándar de bajo valor,25,2,281.85,11,140.925,74.82743362831859,5.5,113.0,1,0.0
16558,3,Clientes de alto valor,1,20,8338.49,264,416.92449999999997,683.4827868852459,13.2,19.263157894736842,1,0.06521739130434782
16560,2,Clientes activos de valor medio,27,2,841.41,52,420.705,76.03102409638554,26.0,332.0,1,0.6428571428571429
16561,2,Clientes activos de valor medio,6,2,511.12,29,255.56,283.9555555555556,14.5,54.0,1,0.4838709677419355
16563,0,Clientes estándar de bajo valor,54,1,1077.74,19,1077.74,1077.74,19.0,0.0,1,0.0
16565,0,Clientes estándar de bajo valor,365,1,173.7,3,173.7,173.7,3.0,0.0,1,0.0
16566,0,Clientes estándar de bajo valor,16,5,614.66,14,122.93199999999999,66.56967509025272,2.8,69.25,1,0.1111111111111111
16567,2,Clientes activos de valor medio,195,2,865.6,34,432.8,182.8732394366197,17.0,142.0,1,0.2571428571428571
16569,0,Clientes estándar de bajo valor,4,1,124.2,5,124.2,124.2,5.0,0.0,1,0.0
16570,3,Clientes de alto valor,16,10,3738.4,68,373.84000000000003,378.8918918918919,6.8,32.888888888888886,1,0.0
16571,2,Clientes activos de valor medio,27,3,1421.69,73,473.8966666666667,167.25764705882352,24.333333333333332,127.5,1,0.3218390804597701
16572,0,Clientes estándar de bajo valor,128,3,1009.6,40,336.53333333333336,204.64864864864865,13.333333333333334,74.0,1,0.0
16573,0,Clientes estándar de bajo valor,85,2,663.61,40,331.805,96.64223300970875,20.0,206.0,1,0.0
16574,0,Clientes estándar de bajo valor,72,1,451.44,28,451.44,451.44,28.0,0.0,1,0.0
16581,0,Clientes estándar de bajo valor,183,1,105.84,9,105.84,105.84,9.0,0.0,1,0.0
16582,0,Clientes estándar de bajo valor,114,1,313.62,6,313.62,313.62,6.0,0.0,1,0.0
16583,0,Clientes estándar de bajo valor,374,1,233.45,14,233.45,233.45,14.0,0.0,1,0.0
16584,0,Clientes estándar de bajo valor,81,2,936.08,25,468.04,161.39310344827587,12.5,174.0,1,0.0
16586,0,Clientes estándar de bajo valor,249,1,463.95,8,463.95,463.95,8.0,0.0,1,0.0
16587,0,Clientes estándar de bajo valor,233,1,225.15,13,225.15,225.15,13.0,0.0,1,0.0
16589,0,Clientes estándar de bajo valor,72,3,459.24,31,153.08,153.08,10.333333333333334,45.0,1,0.0
16591,1,Clientes de compra en fin de semana,69,1,213.5,10,213.5,213.5,10.0,0.0,1,1.0
16592,3,Clientes de alto valor,5,16,4113.68,142,257.105,436.07915194346293,8.875,18.866666666666667,1,0.19444444444444445
16593,0,Clientes estándar de bajo valor,51,3,330.03,24,110.00999999999999,35.74332129963899,8.0,138.5,1,0.037037037037037035
16594,1,Clientes de compra en fin de semana,76,1,181.09,53,181.09,181.09,53.0,0.0,1,1.0
16595,1,Clientes de compra en fin de semana,62,1,360.16,83,360.16,360.16,83.0,0.0,1,1.0
16596,0,Clientes estándar de bajo valor,16,2,250.15,12,125.075,21.38034188034188,6.0,351.0,1,0.0
16597,0,Clientes estándar de bajo valor,5,1,90.04,7,90.04,90.04,7.0,0.0,1,0.0
16598,1,Clientes de compra en fin de semana,286,1,145.05,10,145.05,145.05,10.0,0.0,1,1.0
16600,0,Clientes estándar de bajo valor,5,6,813.52,50,135.58666666666667,73.07065868263473,8.333333333333334,66.8,1,0.0
16601,1,Clientes de compra en fin de semana,41,1,241.53,28,241.53,241.53,28.0,0.0,1,1.0
16602,0,Clientes estándar de bajo valor,37,1,528.08,29,528.08,528.08,29.0,0.0,1,0.0
16603,0,Clientes estándar de bajo valor,75,2,482.47,34,241.235,482.47,17.0,17.0,1,0.0
16607,3,Clientes de alto valor,18,14,3347.71,140,239.12214285714285,294.5199413489736,10.0,26.23076923076923,1,0.0
16609,3,Clientes de alto valor,16,7,5493.46,155,784.78,695.3746835443038,22.142857142857142,39.5,1,0.0
16610,0,Clientes estándar de bajo valor,220,1,75.66,6,75.66,75.66,6.0,0.0,1,0.0
16611,0,Clientes estándar de bajo valor,187,1,129.49,9,129.49,129.49,9.0,0.0,1,0.0
16612,0,Clientes estándar de bajo valor,33,4,1187.66,48,296.915,127.70537634408602,12.0,93.0,1,0.0
16613,0,Clientes estándar de bajo valor,71,1,618.59,30,618.59,618.59,30.0,0.0,1,0.0
16614,0,Clientes estándar de bajo valor,183,1,506.19,26,506.19,506.19,26.0,0.0,1,0.0
16616,0,Clientes estándar de bajo valor,16,2,500.42,31,250.21,105.72253521126761,15.5,142.0,1,0.0
16617,0,Clientes estándar de bajo valor,236,1,151.85,5,151.85,151.85,5.0,0.0,1,0.0
16618,0,Clientes estándar de bajo valor,32,5,2647.59,79,529.518,272.9474226804124,15.8,72.75,1,0.0
16619,0,Clientes estándar de bajo valor,264,1,226.21,14,226.21,226.21,14.0,0.0,1,0.0
16620,0,Clientes estándar de bajo valor,4,2,178.96,9,89.48,20.890272373540856,4.5,257.0,1,0.0
16621,2,Clientes activos de valor medio,52,4,813.48,22,203.37,107.98407079646019,5.5,75.33333333333333,1,0.41379310344827586
16623,0,Clientes estándar de bajo valor,246,1,129.45000000000002,5,129.45000000000002,129.45000000000002,5.0,0.0,1,0.0
16624,0,Clientes estándar de bajo valor,81,2,810.57,44,405.285,207.83846153846156,22.0,117.0,1,0.0
16625,0,Clientes estándar de bajo valor,275,1,333.08,23,333.08,333.08,23.0,0.0,1,0.0
16626,3,Clientes de alto valor,1,17,4413.1,86,259.59411764705885,497.71804511278197,5.0588235294117645,16.625,1,0.11173184357541899
16627,0,Clientes estándar de bajo valor,80,1,322.8,20,322.8,322.8,20.0,0.0,1,0.0
16628,0,Clientes estándar de bajo valor,30,5,2188.05,79,437.61,320.2024390243903,15.8,51.25,1,0.0
16629,1,Clientes de compra en fin de semana,74,2,408.63,58,204.315,408.63,29.0,23.0,1,0.7666666666666667
16633,3,Clientes de alto valor,18,6,2883.1,115,480.51666666666665,398.5852534562212,19.166666666666668,43.4,1,0.09868421052631579
16634,0,Clientes estándar de bajo valor,223,2,217.9,9,108.95,43.58,4.5,150.0,1,0.1111111111111111
16637,0,Clientes estándar de bajo valor,33,4,1154.47,66,288.6175,179.45129533678755,16.5,64.33333333333333,1,0.0
16638,3,Clientes de alto valor,23,10,1680.72,92,168.072,145.7271676300578,9.2,38.44444444444444,1,0.11702127659574468
16639,0,Clientes estándar de bajo valor,32,3,1257.51,48,419.17,184.9279411764706,16.0,102.0,1,0.0
16641,0,Clientes estándar de bajo valor,106,1,231.1,12,231.1,231.1,12.0,0.0,1,0.0
16642,0,Clientes estándar de bajo valor,5,2,688.33,32,344.165,101.72364532019705,16.0,203.0,1,0.0
16643,0,Clientes estándar de bajo valor,246,1,487.51,27,487.51,487.51,27.0,0.0,1,0.0
16644,0,Clientes estándar de bajo valor,178,2,833.78,62,416.89,714.6685714285713,31.0,35.0,1,0.0
16647,0,Clientes estándar de bajo valor,170,2,214.06,12,107.03,183.48,6.0,35.0,1,0.0
16648,0,Clientes estándar de bajo valor,43,1,290.66,19,290.66,290.66,19.0,0.0,1,0.0
16650,0,Clientes estándar de bajo valor,72,1,518.42,24,518.42,518.42,24.0,0.0,1,0.0
16652,3,Clientes de alto valor,59,7,6773.97,74,967.71,945.2051162790698,10.571428571428571,35.833333333333336,1,0.0
16653,0,Clientes estándar de bajo valor,17,2,1212.66,67,606.33,661.4509090909091,33.5,55.0,1,0.0
16654,0,Clientes estándar de bajo valor,142,4,601.27,29,150.3175,79.46299559471366,7.25,75.66666666666667,1,0.034482758620689655
16655,2,Clientes activos de valor medio,18,6,3789.52,208,631.5866666666667,362.056050955414,34.666666666666664,62.8,1,0.6472868217054264
16656,3,Clientes de alto valor,23,15,8625.8,14,575.0533333333333,756.6491228070174,0.9333333333333333,24.428571428571427,1,0.0
16657,0,Clientes estándar de bajo valor,10,4,874.43,158,218.6075,107.07306122448979,39.5,81.66666666666667,1,0.0
16658,0,Clientes estándar de bajo valor,369,1,123.24,8,123.24,123.24,8.0,0.0,1,0.0
16659,0,Clientes estándar de bajo valor,190,1,39.12,2,39.12,39.12,2.0,0.0,1,0.0
16660,0,Clientes estándar de bajo valor,17,3,810.45,15,270.15000000000003,80.24257425742574,5.0,151.5,1,0.0
16665,1,Clientes de compra en fin de semana,363,1,135.4,9,135.4,135.4,9.0,0.0,1,1.0
16666,1,Clientes de compra en fin de semana,20,1,118.98,32,118.98,118.98,32.0,0.0,1,1.0
16667,2,Clientes activos de valor medio,69,2,567.1800000000001,52,283.59000000000003,78.775,26.0,216.0,1,0.6153846153846154
16668,0,Clientes estándar de bajo valor,16,6,306.72,9,51.120000000000005,34.20669144981413,1.5,53.8,1,0.05
16669,0,Clientes estándar de bajo valor,24,2,1344.48,140,672.24,733.3527272727273,70.0,55.0,1,0.0
16670,3,Clientes de alto valor,17,11,4095.9,179,372.3545454545455,359.2894736842105,16.272727272727273,34.2,1,0.0
16671,0,Clientes estándar de bajo valor,29,3,1692.27,3,564.09,373.2948529411765,1.0,68.0,1,0.0
16672,3,Clientes de alto valor,3,20,8134.9400000000005,22,406.747,924.425,1.1,13.894736842105264,1,0.0
16674,2,Clientes activos de valor medio,55,2,304.24,89,152.12,207.43636363636367,44.5,44.0,1,0.6451612903225806
16676,2,Clientes activos de valor medio,34,4,1592.12,75,398.03,157.1171052631579,18.75,101.33333333333333,1,0.2808988764044944
16678,3,Clientes de alto valor,3,12,3109.99,92,259.1658333333333,333.21321428571423,7.666666666666667,25.454545454545453,1,0.22085889570552147
16679,0,Clientes estándar de bajo valor,367,1,129.75,3,129.75,129.75,3.0,0.0,1,0.0
16680,0,Clientes estándar de bajo valor,44,1,183.7,10,183.7,183.7,10.0,0.0,1,0.0
16681,0,Clientes estándar de bajo valor,73,6,1770.3400000000001,18,295.0566666666667,293.4265193370166,3.0,36.2,1,0.0
16682,2,Clientes activos de valor medio,5,5,1028.0,15,205.6,168.52459016393445,3.0,45.75,1,0.36666666666666664
16685,1,Clientes de compra en fin de semana,62,2,324.24,60,162.12,324.24,30.0,0.0,1,1.0
16688,0,Clientes estándar de bajo valor,2,4,1260.8600000000001,52,315.21500000000003,641.1152542372882,13.0,19.666666666666668,1,0.0
16689,1,Clientes de compra en fin de semana,76,2,422.6,12,211.3,422.6,6.0,7.0,1,1.0
16690,2,Clientes activos de valor medio,73,2,225.58,10,112.79,52.460465116279074,5.0,129.0,1,0.4166666666666667
16692,0,Clientes estándar de bajo valor,257,2,1126.0,1,563.0,1023.6363636363635,0.5,33.0,1,0.0
16693,1,Clientes de compra en fin de semana,69,2,477.86,58,238.93,70.61970443349755,29.0,203.0,1,1.0
16696,0,Clientes estándar de bajo valor,136,4,657.9,7,164.475,174.6637168141593,1.75,37.666666666666664,1,0.0
16697,0,Clientes estándar de bajo valor,242,1,112.75,20,112.75,112.75,20.0,0.0,1,0.0
16698,3,Clientes de alto valor,227,2,1998.0,4,999.0,1998.0,2.0,27.0,1,0.0
16700,3,Clientes de alto valor,9,13,5076.55,159,390.50384615384615,425.409217877095,12.23076923076923,29.833333333333332,1,0.07792207792207792
16701,3,Clientes de alto valor,9,13,5398.3,99,415.25384615384615,458.77903682719545,7.615384615384615,29.416666666666668,1,0.1736111111111111
16705,3,Clientes de alto valor,1,20,14034.99,133,701.7495,1176.1164804469274,6.65,18.842105263157894,1,0.05185185185185185
16706,0,Clientes estándar de bajo valor,38,3,531.35,108,177.11666666666667,207.0194805194805,36.0,38.5,1,0.0
16708,0,Clientes estándar de bajo valor,46,1,656.63,27,656.63,656.63,27.0,0.0,1,0.0
16709,3,Clientes de alto valor,85,5,3029.87,64,605.9739999999999,461.4015228426396,12.8,49.25,1,0.0
16710,2,Clientes activos de valor medio,20,10,2467.9900000000002,268,246.79900000000004,212.14813753581666,26.8,38.77777777777778,1,0.39847715736040606
16711,2,Clientes activos de valor medio,4,5,1651.03,18,330.206,139.9177966101695,3.6,88.5,1,0.3181818181818182
16712,3,Clientes de alto valor,10,11,3603.66,258,327.6054545454545,404.90561797752804,23.454545454545453,26.7,1,0.0
16713,3,Clientes de alto valor,19,15,6910.78,338,460.71866666666665,595.7568965517241,22.533333333333335,24.857142857142858,1,0.0
16714,0,Clientes estándar de bajo valor,318,2,864.0600000000001,75,432.03000000000003,864.0600000000001,37.5,0.0,1,0.0
16715,0,Clientes estándar de bajo valor,79,1,301.71999999999997,19,301.71999999999997,301.71999999999997,19.0,0.0,1,0.0
16716,0,Clientes estándar de bajo valor,267,2,901.2,1,450.6,600.8000000000001,0.5,45.0,1,0.0
16717,3,Clientes de alto valor,24,6,3843.08,176,640.5133333333333,336.1294460641399,29.333333333333332,68.6,1,0.0
16718,1,Clientes de compra en fin de semana,370,1,606.0500000000001,41,606.0500000000001,606.0500000000001,41.0,0.0,1,1.0
16719,0,Clientes estándar de bajo valor,15,7,1770.22,107,252.88857142857142,150.0186440677966,15.285714285714286,59.0,1,0.0
16720,1,Clientes de compra en fin de semana,27,1,152.95,25,152.95,152.95,25.0,0.0,1,1.0
16721,0,Clientes estándar de bajo valor,263,1,292.47,37,292.47,292.47,37.0,0.0,1,0.0
16722,3,Clientes de alto valor,18,13,4730.81,96,363.90846153846155,404.3427350427351,7.384615384615385,29.25,1,0.0
16723,0,Clientes estándar de bajo valor,92,2,576.4,37,288.2,576.4,18.5,16.0,1,0.0
16725,0,Clientes estándar de bajo valor,303,6,756.82,109,126.13666666666667,329.05217391304353,18.166666666666668,13.8,1,0.0
16726,2,Clientes activos de valor medio,27,5,1358.74,121,271.748,121.6782089552239,24.2,83.75,1,0.4550561797752809
16727,0,Clientes estándar de bajo valor,365,1,256.32,41,256.32,256.32,41.0,0.0,1,0.0
16728,2,Clientes activos de valor medio,47,4,1048.28,218,262.07,144.25871559633026,54.5,72.66666666666667,1,0.5399239543726235
16729,3,Clientes de alto valor,39,21,7202.01,233,342.95285714285717,1064.3364532019705,11.095238095238095,10.15,1,0.0
16730,0,Clientes estándar de bajo valor,53,3,743.11,75,247.70333333333335,83.49550561797753,25.0,133.5,1,0.0
16732,0,Clientes estándar de bajo valor,32,1,603.75,28,603.75,603.75,28.0,0.0,1,0.0
16734,0,Clientes estándar de bajo valor,53,3,646.76,44,215.58666666666667,312.9483870967742,14.666666666666666,31.0,1,0.0
16735,2,Clientes activos de valor medio,79,5,2247.41,88,449.48199999999997,263.368359375,17.6,64.0,1,0.3275862068965517
16737,0,Clientes estándar de bajo valor,54,1,417.6,1,417.6,417.6,1.0,0.0,1,0.0
16738,0,Clientes estándar de bajo valor,298,1,3.75,1,3.75,3.75,1.0,0.0,1,0.0
16739,0,Clientes estándar de bajo valor,177,1,323.0,13,323.0,323.0,13.0,0.0,1,0.0
16743,0,Clientes estándar de bajo valor,30,7,2213.13,89,316.1614285714286,201.8051671732523,12.714285714285714,54.833333333333336,1,0.0
16744,1,Clientes de compra en fin de semana,12,7,1291.91,198,184.55857142857144,239.2425925925926,28.285714285714285,27.0,1,0.847457627118644
16745,3,Clientes de alto valor,87,17,7180.7,148,422.3941176470588,957.4266666666666,8.705882352941176,14.0625,1,0.09295774647887324
16746,3,Clientes de alto valor,5,18,6680.11,234,371.1172222222222,566.1110169491525,13.0,20.823529411764707,1,0.3108108108108108
16747,0,Clientes estándar de bajo valor,38,2,836.0600000000001,34,418.03000000000003,836.0600000000001,17.0,30.0,1,0.0
16748,2,Clientes activos de valor medio,18,5,1515.9,42,303.18,143.46056782334387,8.4,79.25,1,0.21739130434782608
16750,0,Clientes estándar de bajo valor,45,5,623.93,74,124.78599999999999,99.56329787234041,14.8,47.0,1,0.0
16751,3,Clientes de alto valor,31,1,1764.72,24,1764.72,1764.72,24.0,0.0,1,0.0
16752,0,Clientes estándar de bajo valor,373,1,207.5,9,207.5,207.5,9.0,0.0,1,0.0
16753,0,Clientes estándar de bajo valor,59,1,223.92000000000002,34,223.92000000000002,223.92000000000002,34.0,0.0,1,0.0
16755,0,Clientes estándar de bajo valor,115,3,1475.43,133,491.81,220.2134328358209,44.333333333333336,100.5,1,0.0
16756,0,Clientes estándar de bajo valor,215,1,239.4,13,239.4,239.4,13.0,0.0,1,0.0
16757,0,Clientes estándar de bajo valor,319,1,106.83000000000001,7,106.83000000000001,106.83000000000001,7.0,0.0,1,0.0
16758,0,Clientes estándar de bajo valor,66,1,369.34000000000003,22,369.34000000000003,369.34000000000003,22.0,0.0,1,0.0
16759,0,Clientes estándar de bajo valor,8,3,789.79,40,263.2633333333333,789.79,13.333333333333334,11.5,1,0.0
16761,1,Clientes de compra en fin de semana,97,1,316.62,13,316.62,316.62,13.0,0.0,1,1.0
16762,2,Clientes activos de valor medio,20,3,1207.24,51,402.41333333333336,289.7376,17.0,62.5,1,0.4603174603174603
16763,0,Clientes estándar de bajo valor,199,1,611.8499999999999,23,611.8499999999999,611.8499999999999,23.0,0.0,1,0.0
16764,3,Clientes de alto valor,4,13,2790.9500000000003,209,214.68846153846155,598.0607142857143,16.076923076923077,11.666666666666666,1,0.055714285714285716
16765,0,Clientes estándar de bajo valor,295,1,34.0,1,34.0,34.0,1.0,0.0,1,0.0
16766,0,Clientes estándar de bajo valor,274,2,1145.6,17,572.8,1145.6,8.5,0.0,1,0.0
16767,3,Clientes de alto valor,31,11,5575.56,148,506.86909090909097,584.8489510489511,13.454545454545455,28.6,1,0.0
16768,1,Clientes de compra en fin de semana,48,3,478.09000000000003,47,159.36333333333334,64.02991071428572,15.666666666666666,112.0,1,1.0
16769,0,Clientes estándar de bajo valor,261,1,361.54,33,361.54,361.54,33.0,0.0,1,0.0
16770,2,Clientes activos de valor medio,58,5,731.9,116,146.38,69.70476190476191,23.2,78.75,1,0.6330935251798561
16771,2,Clientes activos de valor medio,34,5,2230.61,199,446.122,219.404262295082,39.8,76.25,1,0.31225296442687744
16773,0,Clientes estándar de bajo valor,58,1,171.59,23,171.59,171.59,23.0,0.0,1,0.0
16774,0,Clientes estándar de bajo valor,68,4,661.52,36,165.38,178.7891891891892,9.0,37.0,1,0.0
16775,3,Clientes de alto valor,11,11,1691.51,84,153.77363636363637,142.14369747899158,7.636363636363637,35.7,1,0.0
16776,0,Clientes estándar de bajo valor,61,1,371.54,61,371.54,371.54,61.0,0.0,1,0.0
16777,1,Clientes de compra en fin de semana,81,2,222.62,45,111.31,37.73220338983051,22.5,177.0,1,0.7708333333333334
16778,0,Clientes estándar de bajo valor,75,2,245.94,16,122.97,36.891,8.0,200.0,1,0.0
16779,3,Clientes de alto valor,3,22,10611.72,161,482.35090909090906,874.5923076923077,7.318181818181818,17.333333333333332,1,0.1782477341389728
16780,0,Clientes estándar de bajo valor,101,2,422.24,51,211.12,79.6679245283019,25.5,159.0,1,0.0
16781,0,Clientes estándar de bajo valor,373,1,311.25,17,311.25,311.25,17.0,0.0,1,0.0
16782,3,Clientes de alto valor,11,13,2267.9500000000003,103,174.45769230769233,191.65774647887326,7.923076923076923,29.583333333333332,1,0.03825136612021858
16784,1,Clientes de compra en fin de semana,20,1,107.6,3,107.6,107.6,3.0,0.0,1,1.0
16788,0,Clientes estándar de bajo valor,124,2,592.74,137,296.37,135.74198473282445,68.5,131.0,1,0.0
16789,0,Clientes estándar de bajo valor,9,1,80.80000000000001,5,80.80000000000001,80.80000000000001,5.0,0.0,1,0.0
16790,3,Clientes de alto valor,4,6,1545.6200000000001,88,257.60333333333335,1363.7823529411767,14.666666666666666,6.8,1,0.16129032258064516
16791,3,Clientes de alto valor,30,7,1693.03,217,241.86142857142858,167.62673267326733,31.0,50.5,1,0.0
16792,0,Clientes estándar de bajo valor,283,2,110.38,11,55.19,110.38,5.5,0.0,1,0.0
16793,0,Clientes estándar de bajo valor,58,1,243.84,16,243.84,243.84,16.0,0.0,1,0.0
16794,2,Clientes activos de valor medio,2,10,1194.48,141,119.44800000000001,200.1921787709497,14.1,19.88888888888889,1,0.4693140794223827
16795,0,Clientes estándar de bajo valor,366,1,414.88,64,414.88,414.88,64.0,0.0,1,0.0
16796,1,Clientes de compra en fin de semana,90,1,305.62,18,305.62,305.62,18.0,0.0,1,1.0
16800,3,Clientes de alto valor,12,1,1162.65,148,1162.65,1162.65,148.0,0.0,1,0.0
16801,2,Clientes activos de valor medio,164,4,1594.23,72,398.5575,434.79,18.0,36.666666666666664,1,0.22666666666666666
16803,0,Clientes estándar de bajo valor,66,1,332.3,24,332.3,332.3,24.0,0.0,1,0.0
16804,0,Clientes estándar de bajo valor,24,3,536.99,59,178.99666666666667,65.22145748987855,19.666666666666668,123.5,1,0.0
16805,2,Clientes activos de valor medio,174,2,460.59000000000003,94,230.29500000000002,73.89144385026738,47.0,187.0,1,0.4387755102040816
16806,2,Clientes activos de valor medio,104,4,736.21,67,184.0525,162.39926470588236,16.75,45.333333333333336,1,0.43478260869565216
16807,2,Clientes activos de valor medio,143,3,1121.59,57,373.8633333333333,262.87265625,19.0,64.0,1,0.22388059701492538
16808,0,Clientes estándar de bajo valor,100,2,288.42,21,144.21,49.443428571428576,10.5,175.0,1,0.0
16809,2,Clientes activos de valor medio,24,5,914.69,79,182.93800000000002,114.81464435146444,15.8,59.75,1,0.2684563758389262
16810,0,Clientes estándar de bajo valor,193,1,309.54,15,309.54,309.54,15.0,0.0,1,0.0
16811,0,Clientes estándar de bajo valor,5,2,547.07,26,273.535,547.07,13.0,13.0,1,0.0
16812,0,Clientes estándar de bajo valor,361,1,479.35,15,479.35,479.35,15.0,0.0,1,0.0
16813,2,Clientes activos de valor medio,9,10,1652.18,248,165.21800000000002,252.88469387755103,24.8,21.77777777777778,1,0.4061032863849765
16814,3,Clientes de alto valor,15,21,6406.8,121,305.0857142857143,541.4197183098591,5.761904761904762,17.75,1,0.04716981132075472
16816,2,Clientes activos de valor medio,104,4,417.06,28,104.265,49.06588235294117,7.0,85.0,1,0.6428571428571429
16817,0,Clientes estándar de bajo valor,3,9,1604.75,73,178.30555555555554,131.53688524590166,8.11111111111111,45.75,1,0.0
16818,3,Clientes de alto valor,11,11,3349.57,172,304.50636363636363,515.3184615384615,15.636363636363637,19.5,1,0.05319148936170213
16820,0,Clientes estándar de bajo valor,96,1,497.61,26,497.61,497.61,26.0,0.0,1,0.0
16823,0,Clientes estándar de bajo valor,228,1,358.38,34,358.38,358.38,34.0,0.0,1,0.0
16824,0,Clientes estándar de bajo valor,16,2,460.64,23,230.32,92.7463087248322,11.5,149.0,1,0.0
16825,0,Clientes estándar de bajo valor,39,2,775.18,27,387.59,158.2,13.5,147.0,1,0.0
16826,0,Clientes estándar de bajo valor,52,1,341.7,22,341.7,341.7,22.0,0.0,1,0.0
16828,0,Clientes estándar de bajo valor,113,1,113.5,7,113.5,113.5,7.0,0.0,1,0.0
16829,0,Clientes estándar de bajo valor,157,1,197.22,11,197.22,197.22,11.0,0.0,1,0.0
16830,0,Clientes estándar de bajo valor,39,1,325.91,23,325.91,325.91,23.0,0.0,1,0.0
16832,0,Clientes estándar de bajo valor,185,3,199.15,11,66.38333333333334,181.04545454545453,3.6666666666666665,16.5,1,0.0
16833,2,Clientes activos de valor medio,2,4,1106.53,46,276.6325,99.68738738738739,11.5,111.0,1,0.3829787234042553
16834,0,Clientes estándar de bajo valor,228,1,413.46,24,413.46,413.46,24.0,0.0,1,0.0
16835,0,Clientes estándar de bajo valor,129,2,180.85,10,90.425,22.144897959183673,5.0,245.0,1,0.0
16836,0,Clientes estándar de bajo valor,40,2,251.87,11,125.935,98.13116883116882,5.5,77.0,1,0.0
16837,3,Clientes de alto valor,32,11,3170.98,123,288.2709090909091,444.52990654205604,11.181818181818182,21.4,1,0.0
16838,0,Clientes estándar de bajo valor,198,2,588.85,24,294.425,194.12637362637363,12.0,91.0,1,0.0
16841,0,Clientes estándar de bajo valor,37,6,1869.82,101,311.63666666666666,223.4844621513944,16.833333333333332,50.2,1,0.0
16842,0,Clientes estándar de bajo valor,101,3,1264.19,45,421.3966666666667,187.7509900990099,15.0,101.0,1,0.0
16843,3,Clientes de alto valor,43,16,10196.57,226,637.285625,1073.3231578947368,14.125,19.0,1,0.05026455026455026
16846,0,Clientes estándar de bajo valor,51,1,214.32,11,214.32,214.32,11.0,0.0,1,0.0
16847,0,Clientes estándar de bajo valor,44,1,193.44,12,193.44,193.44,12.0,0.0,1,0.0
16848,0,Clientes estándar de bajo valor,53,1,281.42,14,281.42,281.42,14.0,0.0,1,0.0
16849,0,Clientes estándar de bajo valor,187,1,124.57,8,124.57,124.57,8.0,0.0,1,0.0
16850,0,Clientes estándar de bajo valor,334,1,332.41,19,332.41,332.41,19.0,0.0,1,0.0
16851,0,Clientes estándar de bajo valor,5,3,342.45,17,114.14999999999999,218.58510638297872,5.666666666666667,23.5,1,0.0
16852,0,Clientes estándar de bajo valor,11,2,144.91,9,72.455,26.18855421686747,4.5,166.0,1,0.0
16855,0,Clientes estándar de bajo valor,24,2,328.40000000000003,19,164.20000000000002,328.40000000000003,9.5,20.0,1,0.0
16856,0,Clientes estándar de bajo valor,15,1,35.400000000000006,2,35.400000000000006,35.400000000000006,2.0,0.0,1,0.0
16858,0,Clientes estándar de bajo valor,369,1,375.69000000000005,9,375.69000000000005,375.69000000000005,9.0,0.0,1,0.0
16859,0,Clientes estándar de bajo valor,145,2,747.81,50,373.905,191.74615384615385,25.0,117.0,1,0.0
16861,0,Clientes estándar de bajo valor,60,2,173.76,6,86.88,52.654545454545456,3.0,99.0,1,0.0
16863,0,Clientes estándar de bajo valor,32,2,502.8,25,251.4,45.026865671641794,12.5,335.0,1,0.0
16866,0,Clientes estándar de bajo valor,141,3,207.74,10,69.24666666666667,207.74,3.3333333333333335,10.5,1,0.09090909090909091
16869,0,Clientes estándar de bajo valor,23,4,817.12,113,204.28,160.21960784313725,28.25,51.0,1,0.0
16871,3,Clientes de alto valor,23,6,2812.34,131,468.72333333333336,340.2024193548387,21.833333333333332,49.6,1,0.10218978102189781
16872,0,Clientes estándar de bajo valor,78,3,680.02,5,226.67333333333332,190.65981308411213,1.6666666666666667,53.5,1,0.0
16873,3,Clientes de alto valor,5,6,7123.62,179,1187.27,593.635,29.833333333333332,72.0,1,0.17921146953405018
16875,0,Clientes estándar de bajo valor,68,5,2095.53,93,419.10600000000005,231.1246323529412,18.6,68.0,1,0.0
16877,1,Clientes de compra en fin de semana,13,6,846.62,111,141.10333333333332,129.58469387755102,18.5,39.2,1,1.0
16878,0,Clientes estándar de bajo valor,85,1,13.3,3,13.3,13.3,3.0,0.0,1,0.0
16880,2,Clientes activos de valor medio,31,7,1491.43,121,213.0614285714286,281.40188679245284,17.285714285714285,26.5,1,0.39655172413793105
16881,0,Clientes estándar de bajo valor,67,1,432.0,1,432.0,432.0,1.0,0.0,1,0.0
16882,0,Clientes estándar de bajo valor,67,3,705.12,39,235.04,84.27729083665338,13.0,125.5,1,0.0
16883,2,Clientes activos de valor medio,188,2,272.48,33,136.24,44.426086956521736,16.5,184.0,1,0.5405405405405406
16884,0,Clientes estándar de bajo valor,38,2,429.84,26,214.92,429.84,13.0,0.0,1,0.0
16885,0,Clientes estándar de bajo valor,16,3,450.41,82,150.13666666666668,39.50964912280702,27.333333333333332,171.0,1,0.0
16887,0,Clientes estándar de bajo valor,36,1,192.32999999999998,35,192.32999999999998,192.32999999999998,35.0,0.0,1,0.0
16889,2,Clientes activos de valor medio,195,3,1578.67,112,526.2233333333334,333.5218309859155,37.333333333333336,71.0,1,0.6444444444444445
16891,0,Clientes estándar de bajo valor,2,5,742.43,166,148.486,60.19702702702702,33.2,92.5,1,0.0
16892,0,Clientes estándar de bajo valor,2,5,518.19,87,103.638,85.41593406593408,17.4,45.5,1,0.0
16893,0,Clientes estándar de bajo valor,367,1,145.93,44,145.93,145.93,44.0,0.0,1,0.0
16895,0,Clientes estándar de bajo valor,65,1,202.27,57,202.27,202.27,57.0,0.0,1,0.0
16897,1,Clientes de compra en fin de semana,314,1,213.03,30,213.03,213.03,30.0,0.0,1,1.0
16898,2,Clientes activos de valor medio,27,3,501.03000000000003,150,167.01000000000002,43.95,50.0,171.0,1,0.36942675159235666
16899,2,Clientes activos de valor medio,8,6,1271.06,80,211.84333333333333,108.02209631728044,13.333333333333334,70.6,1,0.25203252032520324
16900,0,Clientes estándar de bajo valor,17,3,882.16,77,294.05333333333334,563.0808510638298,25.666666666666668,23.5,1,0.10256410256410256
16902,3,Clientes de alto valor,117,1,1706.88,43,1706.88,1706.88,43.0,0.0,1,0.0
16903,0,Clientes estándar de bajo valor,30,1,363.2,50,363.2,363.2,50.0,0.0,1,0.0
16904,3,Clientes de alto valor,5,15,3634.95,385,242.32999999999998,300.4090909090909,25.666666666666668,25.928571428571427,1,0.0
16905,1,Clientes de compra en fin de semana,6,7,3037.6,117,433.9428571428571,248.98360655737704,16.714285714285715,61.0,1,0.8090452261306532
16906,0,Clientes estándar de bajo valor,82,4,559.59,74,139.8975,100.52514970059882,18.5,55.666666666666664,1,0.0
16907,0,Clientes estándar de bajo valor,30,5,928.76,89,185.752,82.92500000000001,17.8,84.0,1,0.0
16909,0,Clientes estándar de bajo valor,73,1,379.14,18,379.14,379.14,18.0,0.0,1,0.0
16910,3,Clientes de alto valor,5,8,1508.96,318,188.62,520.3310344827587,39.75,12.428571428571429,1,0.0
16912,3,Clientes de alto valor,29,11,2555.58,88,232.32545454545453,259.8894915254237,8.0,29.5,1,0.0
16913,0,Clientes estándar de bajo valor,291,1,113.44,8,113.44,113.44,8.0,0.0,1,0.0
16914,0,Clientes estándar de bajo valor,37,1,183.76,25,183.76,183.76,25.0,0.0,1,0.0
16915,0,Clientes estándar de bajo valor,10,6,621.6800000000001,46,103.61333333333334,68.06715328467155,7.666666666666667,54.8,1,0.0
16916,0,Clientes estándar de bajo valor,24,2,562.41,129,281.205,48.34469914040115,64.5,349.0,1,0.0
16917,0,Clientes estándar de bajo valor,277,1,391.52,9,391.52,391.52,9.0,0.0,1,0.0
16918,2,Clientes activos de valor medio,50,6,1068.82,97,178.13666666666666,119.64402985074626,16.166666666666668,53.6,1,0.1875
16919,3,Clientes de alto valor,157,11,2592.25,141,235.6590909090909,366.82783018867923,12.818181818181818,21.2,1,0.0
16921,1,Clientes de compra en fin de semana,62,1,154.18,50,154.18,154.18,50.0,0.0,1,1.0
16924,0,Clientes estándar de bajo valor,22,3,829.89,69,276.63,395.18571428571425,23.0,31.5,1,0.0
16926,0,Clientes estándar de bajo valor,372,1,230.25,14,230.25,230.25,14.0,0.0,1,0.0
16927,0,Clientes estándar de bajo valor,116,3,543.05,5,181.01666666666665,66.22560975609755,1.6666666666666667,123.0,1,0.0
16928,3,Clientes de alto valor,81,17,2805.5,68,165.02941176470588,287.25255972696243,4.0,18.3125,1,0.06435643564356436
16929,0,Clientes estándar de bajo valor,4,7,1295.39,51,185.0557142857143,255.66907894736846,7.285714285714286,25.333333333333332,1,0.0
16930,1,Clientes de compra en fin de semana,27,3,378.89,47,126.29666666666667,270.6357142857143,15.666666666666666,21.0,1,1.0
16932,0,Clientes estándar de bajo valor,54,1,150.23000000000002,44,150.23000000000002,150.23000000000002,44.0,0.0,1,0.0
16933,0,Clientes estándar de bajo valor,2,2,563.23,42,281.615,70.99537815126051,21.0,238.0,1,0.0
16934,1,Clientes de compra en fin de semana,55,2,931.03,59,465.515,931.03,29.5,0.0,1,1.0
16936,0,Clientes estándar de bajo valor,26,1,261.9,56,261.9,261.9,56.0,0.0,1,0.0
16938,1,Clientes de compra en fin de semana,9,4,2711.6800000000003,212,677.9200000000001,271.168,53.0,100.0,1,0.8468085106382979
16940,3,Clientes de alto valor,53,3,3049.88,226,1016.6266666666667,386.0607594936709,75.33333333333333,118.5,1,0.0
16942,2,Clientes activos de valor medio,13,9,1904.99,159,211.66555555555556,265.8125581395349,17.666666666666668,26.875,1,0.2996389891696751
16943,0,Clientes estándar de bajo valor,212,3,816.73,23,272.24333333333334,228.9897196261682,7.666666666666667,53.5,1,0.0
16945,3,Clientes de alto valor,22,19,4345.5,137,228.71052631578948,386.839762611276,7.2105263157894735,18.72222222222222,1,0.08032128514056225
16947,0,Clientes estándar de bajo valor,236,1,406.48,21,406.48,406.48,21.0,0.0,1,0.0
16948,2,Clientes activos de valor medio,139,3,435.02,15,145.00666666666666,69.78930481283422,5.0,93.5,1,0.47368421052631576
16949,2,Clientes activos de valor medio,4,6,1286.27,57,214.37833333333333,123.2846645367412,9.5,62.6,1,0.35
16950,2,Clientes activos de valor medio,57,3,1178.56,39,392.8533333333333,113.68745980707395,13.0,155.5,1,0.5714285714285714
16951,0,Clientes estándar de bajo valor,135,3,1277.75,73,425.9166666666667,225.48529411764704,24.333333333333332,85.0,1,0.0
16952,0,Clientes estándar de bajo valor,110,2,167.61,16,83.805,167.61,8.0,0.0,1,0.0
16953,0,Clientes estándar de bajo valor,31,1,20.8,1,20.8,20.8,1.0,0.0,1,0.0
16954,3,Clientes de alto valor,1,9,2085.08,40,231.67555555555555,174.24066852367687,4.444444444444445,44.875,1,0.14814814814814814
16955,0,Clientes estándar de bajo valor,185,4,518.67,18,129.6675,82.32857142857142,4.5,63.0,1,0.0
16956,0,Clientes estándar de bajo valor,18,1,308.74,16,308.74,308.74,16.0,0.0,1,0.0
16957,0,Clientes estándar de bajo valor,240,2,416.64,15,208.32,297.6,7.5,42.0,1,0.0
16959,0,Clientes estándar de bajo valor,88,1,117.35000000000001,7,117.35000000000001,117.35000000000001,7.0,0.0,1,0.0
16960,0,Clientes estándar de bajo valor,39,3,505.1,91,168.36666666666667,70.80841121495327,30.333333333333332,107.0,1,0.0
16961,0,Clientes estándar de bajo valor,117,1,234.17000000000002,14,234.17000000000002,234.17000000000002,14.0,0.0,1,0.0
16963,1,Clientes de compra en fin de semana,188,1,110.55000000000001,7,110.55000000000001,110.55000000000001,7.0,0.0,1,1.0
16965,0,Clientes estándar de bajo valor,227,1,192.07,25,192.07,192.07,25.0,0.0,1,0.0
16966,0,Clientes estándar de bajo valor,9,7,2154.97,8,307.8528571428571,278.65991379310344,1.1428571428571428,38.666666666666664,1,0.0
16967,0,Clientes estándar de bajo valor,190,1,319.02,21,319.02,319.02,21.0,0.0,1,0.0
16968,0,Clientes estándar de bajo valor,5,2,439.43,31,219.715,127.98932038834953,15.5,103.0,1,0.0
16969,0,Clientes estándar de bajo valor,40,3,650.41,42,216.8033333333333,128.37039473684212,14.0,76.0,1,0.0
16971,0,Clientes estándar de bajo valor,39,1,357.21,40,357.21,357.21,40.0,0.0,1,0.0
16976,0,Clientes estándar de bajo valor,268,1,251.51999999999998,2,251.51999999999998,251.51999999999998,2.0,0.0,1,0.0
16978,0,Clientes estándar de bajo valor,78,1,344.33,39,344.33,344.33,39.0,0.0,1,0.0
16979,0,Clientes estándar de bajo valor,4,6,1852.0,64,308.6666666666667,188.97959183673467,10.666666666666666,58.8,1,0.0
16980,0,Clientes estándar de bajo valor,256,2,1028.46,71,514.23,857.0500000000001,35.5,36.0,1,0.0
16982,0,Clientes estándar de bajo valor,61,1,384.06,22,384.06,384.06,22.0,0.0,1,0.0
16983,1,Clientes de compra en fin de semana,13,7,1905.87,112,272.26714285714286,160.15714285714284,16.0,59.5,1,1.0
16985,3,Clientes de alto valor,18,10,5464.12,62,546.412,480.71436950146625,6.2,37.888888888888886,1,0.11666666666666667
16986,3,Clientes de alto valor,30,2,1873.2,3,936.6,1873.2,1.5,1.0,1,0.0
16987,2,Clientes activos de valor medio,4,7,1616.8,74,230.97142857142856,240.11881188118812,10.571428571428571,33.666666666666664,1,0.28125
16988,1,Clientes de compra en fin de semana,6,1,126.12,7,126.12,126.12,7.0,0.0,1,1.0
16989,0,Clientes estándar de bajo valor,8,6,1133.25,7,188.875,237.74475524475525,1.1666666666666667,28.6,1,0.0
16990,0,Clientes estándar de bajo valor,219,1,179.0,1,179.0,179.0,1.0,0.0,1,0.0
16992,0,Clientes estándar de bajo valor,11,5,1614.31,84,322.86199999999997,176.74927007299272,16.8,68.5,1,0.0
16996,0,Clientes estándar de bajo valor,31,6,1456.96,13,242.82666666666668,135.32136222910216,2.1666666666666665,64.6,1,0.0
16997,0,Clientes estándar de bajo valor,289,3,702.0,7,234.0,569.1891891891892,2.3333333333333335,18.5,1,0.0
16998,0,Clientes estándar de bajo valor,150,4,295.0,1,73.75,57.096774193548384,0.25,51.666666666666664,1,0.0
16999,0,Clientes estándar de bajo valor,24,2,484.82,21,242.41,285.18823529411765,10.5,51.0,1,0.0
17001,3,Clientes de alto valor,1,11,3989.57,75,362.6881818181818,334.32150837988826,6.818181818181818,35.8,1,0.11834319526627218
17002,2,Clientes activos de valor medio,86,3,1493.73,41,497.91,218.59463414634146,13.666666666666666,102.5,1,0.2653061224489796
17004,0,Clientes estándar de bajo valor,47,2,1312.1399999999999,38,656.0699999999999,855.7434782608694,19.0,46.0,1,0.0
17006,2,Clientes activos de valor medio,5,4,781.78,37,195.445,330.3295774647887,9.25,23.666666666666668,1,0.29545454545454547
17007,0,Clientes estándar de bajo valor,51,6,889.9300000000001,50,148.3216666666667,86.96384364820848,8.333333333333334,61.4,1,0.15384615384615385
17010,0,Clientes estándar de bajo valor,19,1,195.36,11,195.36,195.36,11.0,0.0,1,0.0
17011,0,Clientes estándar de bajo valor,31,1,270.9,15,270.9,270.9,15.0,0.0,1,0.0
17014,0,Clientes estándar de bajo valor,9,3,583.4300000000001,63,194.4766666666667,301.7741379310345,21.0,29.0,1,0.0
17015,0,Clientes estándar de bajo valor,29,3,1838.61,182,612.87,351.3267515923567,60.666666666666664,78.5,1,0.0
17017,3,Clientes de alto valor,3,20,8694.26,88,434.713,704.9399999999999,4.4,19.473684210526315,1,0.04365079365079365
17018,2,Clientes activos de valor medio,41,2,920.1,15,460.05,96.85263157894737,7.5,285.0,1,0.625
17019,0,Clientes estándar de bajo valor,12,4,1258.08,166,314.52,105.72100840336134,41.5,119.0,1,0.0
17022,0,Clientes estándar de bajo valor,32,1,71.0,7,71.0,71.0,7.0,0.0,1,0.0
17024,0,Clientes estándar de bajo valor,46,3,95.85,2,31.95,25.674107142857142,0.6666666666666666,56.0,1,0.0
17025,0,Clientes estándar de bajo valor,61,3,357.77,8,119.25666666666666,34.29105431309904,2.6666666666666665,156.5,1,0.0
17026,1,Clientes de compra en fin de semana,186,2,154.83,4,77.415,25.244021739130435,2.0,184.0,1,0.75
17027,0,Clientes estándar de bajo valor,79,6,877.5600000000001,110,146.26000000000002,110.1539748953975,18.333333333333332,47.8,1,0.0
17029,1,Clientes de compra en fin de semana,111,2,716.0,1,358.0,170.47619047619048,0.5,126.0,1,1.0
17030,0,Clientes estándar de bajo valor,64,1,146.87,11,146.87,146.87,11.0,0.0,1,0.0
17031,0,Clientes estándar de bajo valor,12,2,380.35,19,190.175,79.7937062937063,9.5,143.0,1,0.0
17033,0,Clientes estándar de bajo valor,87,3,1030.14,24,343.38000000000005,113.20219780219782,8.0,136.5,1,0.0
17034,0,Clientes estándar de bajo valor,17,3,745.52,28,248.50666666666666,82.52988929889298,9.333333333333334,135.5,1,0.0
17035,0,Clientes estándar de bajo valor,246,2,433.53000000000003,27,216.76500000000001,197.0590909090909,13.5,66.0,1,0.0
17037,0,Clientes estándar de bajo valor,88,1,1267.32,75,1267.32,1267.32,75.0,0.0,1,0.0
17038,0,Clientes estándar de bajo valor,31,1,112.4,22,112.4,112.4,22.0,0.0,1,0.0
17040,0,Clientes estándar de bajo valor,138,1,449.73,15,449.73,449.73,15.0,0.0,1,0.0
17041,2,Clientes activos de valor medio,27,3,1055.69,58,351.8966666666667,94.82245508982037,19.333333333333332,167.0,1,0.3382352941176471
17042,0,Clientes estándar de bajo valor,3,5,1036.58,74,207.31599999999997,126.92816326530613,14.8,61.25,1,0.0
17043,0,Clientes estándar de bajo valor,33,4,1735.18,100,433.795,222.45897435897436,25.0,78.0,1,0.0
17044,0,Clientes estándar de bajo valor,26,1,948.48,6,948.48,948.48,6.0,0.0,1,0.0
17045,0,Clientes estándar de bajo valor,114,3,339.44,20,113.14666666666666,75.99402985074627,6.666666666666667,67.0,1,0.0
17046,0,Clientes estándar de bajo valor,158,1,642.02,22,642.02,642.02,22.0,0.0,1,0.0
17047,0,Clientes estándar de bajo valor,86,3,1100.9,59,366.9666666666667,275.225,19.666666666666668,60.0,1,0.0
17048,0,Clientes estándar de bajo valor,118,3,925.35,41,308.45,129.72196261682242,13.666666666666666,107.0,1,0.11627906976744186
17049,3,Clientes de alto valor,3,9,5655.03,201,628.3366666666666,621.4318681318681,22.333333333333332,34.125,1,0.06624605678233439
17050,1,Clientes de compra en fin de semana,97,6,3185.64,169,530.9399999999999,470.78423645320197,28.166666666666668,40.6,1,1.0
17051,1,Clientes de compra en fin de semana,195,1,240.89,40,240.89,240.89,40.0,0.0,1,1.0
17052,0,Clientes estándar de bajo valor,29,1,399.09,72,399.09,399.09,72.0,0.0,1,0.0
17053,0,Clientes estándar de bajo valor,131,1,498.48,13,498.48,498.48,13.0,0.0,1,0.0
17054,0,Clientes estándar de bajo valor,29,5,1356.33,64,271.26599999999996,187.5110599078341,12.8,54.25,1,0.0
17058,0,Clientes estándar de bajo valor,82,3,1179.89,51,393.2966666666667,224.02974683544306,17.0,79.0,1,0.0
17059,2,Clientes activos de valor medio,30,5,3080.39,292,616.078,271.7991176470588,58.4,85.0,1,0.4766536964980545
17060,0,Clientes estándar de bajo valor,267,1,234.24,5,234.24,234.24,5.0,0.0,1,0.0
17061,3,Clientes de alto valor,74,11,5232.2300000000005,57,475.65727272727275,987.21320754717,5.181818181818182,15.9,1,0.1111111111111111
17062,2,Clientes activos de valor medio,314,4,528.29,51,132.0725,283.0125,12.75,18.666666666666668,1,0.6323529411764706
17063,0,Clientes estándar de bajo valor,22,7,1461.14,66,208.73428571428573,163.56044776119404,9.428571428571429,44.666666666666664,1,0.0
17064,2,Clientes activos de valor medio,59,3,855.45,53,285.15000000000003,95.40334572490707,17.666666666666668,134.5,1,0.36065573770491804
17068,3,Clientes de alto valor,13,21,4545.89,115,216.47095238095238,383.0806179775281,5.476190476190476,17.8,1,0.18983050847457628
17069,3,Clientes de alto valor,29,9,2709.7000000000003,111,301.0777777777778,235.62608695652176,12.333333333333334,43.125,1,0.0
17070,0,Clientes estándar de bajo valor,115,1,304.24,62,304.24,304.24,62.0,0.0,1,0.0
17071,3,Clientes de alto valor,29,9,2429.03,102,269.89222222222224,259.3270462633452,11.333333333333334,35.125,1,0.15
17073,2,Clientes activos de valor medio,18,4,1444.84,141,361.21,471.14347826086953,35.25,30.666666666666668,1,0.31213872832369943
17075,0,Clientes estándar de bajo valor,18,4,834.12,62,208.53,83.412,15.5,100.0,1,0.0
17076,0,Clientes estándar de bajo valor,37,3,841.0799999999999,17,280.35999999999996,76.9280487804878,5.666666666666667,164.0,1,0.0
17078,0,Clientes estándar de bajo valor,37,2,375.86,27,187.93,375.86,13.5,0.0,1,0.0
17079,0,Clientes estándar de bajo valor,79,1,118.80000000000001,2,118.80000000000001,118.80000000000001,2.0,0.0,1,0.0
17080,0,Clientes estándar de bajo valor,23,2,287.62,8,143.81,34.933603238866404,4.0,247.0,1,0.0
17081,0,Clientes estándar de bajo valor,26,2,288.91,55,144.455,288.91,27.5,21.0,1,0.0
17082,1,Clientes de compra en fin de semana,34,2,2003.8500000000001,75,1001.9250000000001,210.93157894736842,37.5,285.0,1,0.7037037037037037
17083,0,Clientes estándar de bajo valor,110,3,1405.78,24,468.5933333333333,217.3886597938144,8.0,97.0,1,0.0
17085,2,Clientes activos de valor medio,124,5,1552.45,115,310.49,194.86820083682008,23.0,59.75,1,0.5945945945945946
17086,3,Clientes de alto valor,8,6,2050.08,76,341.68,1098.2571428571428,12.666666666666666,11.2,1,0.0
17088,0,Clientes estándar de bajo valor,29,4,1991.01,96,497.7525,265.468,24.0,75.0,1,0.0
17090,0,Clientes estándar de bajo valor,5,7,1974.65,45,282.09285714285716,169.2557142857143,6.428571428571429,58.333333333333336,1,0.0
17091,3,Clientes de alto valor,3,9,3827.76,119,425.3066666666667,314.61041095890414,13.222222222222221,45.625,1,0.0
17092,0,Clientes estándar de bajo valor,51,4,1774.03,99,443.5075,234.4533039647577,24.75,75.66666666666667,1,0.0
17094,0,Clientes estándar de bajo valor,323,1,302.0,14,302.0,302.0,14.0,0.0,1,0.0
17095,2,Clientes activos de valor medio,23,3,1324.16,69,441.3866666666667,127.32307692307693,23.0,156.0,1,0.4594594594594595
17096,0,Clientes estándar de bajo valor,16,4,1022.13,46,255.5325,124.65,11.5,82.0,1,0.0
17097,0,Clientes estándar de bajo valor,3,8,954.42,153,119.3025,78.87768595041322,19.125,51.857142857142854,0,0.009478672985781991
17100,0,Clientes estándar de bajo valor,19,2,971.74,65,485.87,971.74,32.5,0.0,1,0.0
17101,0,Clientes estándar de bajo valor,11,4,1621.73,28,405.4325,289.5946428571429,7.0,56.0,1,0.0
17102,0,Clientes estándar de bajo valor,262,1,25.5,1,25.5,25.5,1.0,0.0,1,0.0
17105,1,Clientes de compra en fin de semana,160,2,665.78,80,332.89,135.87346938775508,40.0,147.0,1,1.0
17109,0,Clientes estándar de bajo valor,30,6,881.29,107,146.88166666666666,130.23990147783252,17.833333333333332,40.6,1,0.0
17110,0,Clientes estándar de bajo valor,166,1,163.29999999999998,12,163.29999999999998,163.29999999999998,12.0,0.0,1,0.0
17111,1,Clientes de compra en fin de semana,48,1,231.61,29,231.61,231.61,29.0,0.0,1,1.0
17114,1,Clientes de compra en fin de semana,6,7,755.62,84,107.94571428571429,68.90151975683891,12.0,54.833333333333336,1,0.7008547008547008
17115,0,Clientes estándar de bajo valor,9,3,837.5,33,279.1666666666667,111.66666666666667,11.0,112.5,1,0.0
17117,0,Clientes estándar de bajo valor,289,1,116.2,9,116.2,116.2,9.0,0.0,1,0.0
17118,0,Clientes estándar de bajo valor,318,1,157.02,10,157.02,157.02,10.0,0.0,1,0.0
17119,0,Clientes estándar de bajo valor,4,2,606.91,35,303.455,325.1303571428571,17.5,56.0,1,0.0
17120,0,Clientes estándar de bajo valor,234,1,307.46,18,307.46,307.46,18.0,0.0,1,0.0
17122,0,Clientes estándar de bajo valor,120,1,138.32,7,138.32,138.32,7.0,0.0,1,0.0
17123,0,Clientes estándar de bajo valor,162,1,345.3,9,345.3,345.3,9.0,0.0,1,0.0
17124,0,Clientes estándar de bajo valor,186,1,294.24,31,294.24,294.24,31.0,0.0,1,0.0
17125,0,Clientes estándar de bajo valor,51,1,230.5,34,230.5,230.5,34.0,0.0,1,0.0
17126,1,Clientes de compra en fin de semana,153,5,989.45,187,197.89000000000001,141.35,37.4,52.5,1,1.0
17128,1,Clientes de compra en fin de semana,335,1,157.09,14,157.09,157.09,14.0,0.0,1,1.0
17131,1,Clientes de compra en fin de semana,6,5,2463.17,78,492.634,1055.6442857142856,15.6,17.5,1,1.0
17133,3,Clientes de alto valor,16,7,4892.240000000001,13,698.8914285714287,584.7298804780877,1.8571428571428572,41.833333333333336,1,0.037037037037037035
17134,1,Clientes de compra en fin de semana,107,2,413.2,21,206.6,78.45569620253164,10.5,158.0,1,0.8260869565217391
17135,0,Clientes estándar de bajo valor,17,7,1139.73,34,162.81857142857143,96.31521126760563,4.857142857142857,59.166666666666664,1,0.0
17138,0,Clientes estándar de bajo valor,276,1,380.5,24,380.5,380.5,24.0,0.0,1,0.0
17140,0,Clientes estándar de bajo valor,248,1,454.12,16,454.12,454.12,16.0,0.0,1,0.0
17142,0,Clientes estándar de bajo valor,240,1,579.0,15,579.0,579.0,15.0,0.0,1,0.0
17144,0,Clientes estándar de bajo valor,2,2,984.57,42,492.285,355.8686746987952,21.0,83.0,1,0.0
17146,0,Clientes estándar de bajo valor,106,3,749.78,33,249.92666666666665,88.90671936758892,11.0,126.5,1,0.0
17147,0,Clientes estándar de bajo valor,23,4,1714.59,68,428.6475,177.98512110726642,17.0,96.33333333333333,1,0.0
17148,0,Clientes estándar de bajo valor,52,1,124.88,9,124.88,124.88,9.0,0.0,1,0.0
17152,2,Clientes activos de valor medio,195,3,1689.5,9,563.1666666666666,734.5652173913044,3.0,34.5,1,0.42857142857142855
17153,0,Clientes estándar de bajo valor,25,1,213.78,14,213.78,213.78,14.0,0.0,1,0.0
17154,1,Clientes de compra en fin de semana,76,1,329.34,23,329.34,329.34,23.0,0.0,1,1.0
17155,0,Clientes estándar de bajo valor,18,2,251.7,19,125.85,47.19375,9.5,160.0,1,0.0
17157,0,Clientes estándar de bajo valor,8,2,319.0,11,159.5,56.62721893491124,5.5,169.0,1,0.0
17158,0,Clientes estándar de bajo valor,33,3,1266.97,53,422.3233333333333,115.88140243902438,17.666666666666668,164.0,1,0.0
17159,2,Clientes activos de valor medio,22,3,1538.88,96,512.96,307.776,32.0,75.0,1,0.24752475247524752
17160,3,Clientes de alto valor,32,6,3518.03,111,586.3383333333334,502.5757142857143,18.5,42.0,1,0.0
17162,3,Clientes de alto valor,29,10,1715.46,81,171.546,185.7898916967509,8.1,30.77777777777778,1,0.16346153846153846
17163,0,Clientes estándar de bajo valor,22,2,293.1,3,146.55,154.26315789473685,1.5,57.0,1,0.0
17164,3,Clientes de alto valor,33,7,2467.35,92,352.4785714285714,307.13900414937757,13.142857142857142,40.166666666666664,1,0.0
17165,0,Clientes estándar de bajo valor,285,1,158.68,10,158.68,158.68,10.0,0.0,1,0.0
17166,0,Clientes estándar de bajo valor,39,2,206.34,11,103.17,37.516363636363636,5.5,165.0,1,0.0
17169,0,Clientes estándar de bajo valor,58,2,835.78,51,417.89,198.99523809523808,25.5,126.0,1,0.0
17171,0,Clientes estándar de bajo valor,290,1,224.91,16,224.91,224.91,16.0,0.0,1,0.0
17172,0,Clientes estándar de bajo valor,79,1,317.76,15,317.76,317.76,15.0,0.0,1,0.0
17173,2,Clientes activos de valor medio,6,8,3766.6,36,470.825,896.8095238095237,4.5,18.0,1,0.313953488372093
17174,0,Clientes estándar de bajo valor,218,1,59.9,4,59.9,59.9,4.0,0.0,1,0.0
17175,2,Clientes activos de valor medio,45,4,1443.69,42,360.9225,171.86785714285713,10.5,84.0,1,0.20634920634920634
17176,1,Clientes de compra en fin de semana,202,1,306.13,15,306.13,306.13,15.0,0.0,1,1.0
17179,0,Clientes estándar de bajo valor,179,3,711.79,56,237.26333333333332,116.68688524590164,18.666666666666668,91.5,1,0.0
17180,0,Clientes estándar de bajo valor,57,4,783.97,91,195.9925,90.45807692307693,22.75,86.66666666666667,1,0.0
17181,0,Clientes estándar de bajo valor,58,2,239.92000000000002,23,119.96000000000001,22.77721518987342,11.5,316.0,1,0.0
17183,2,Clientes activos de valor medio,8,6,3347.31,42,557.885,1024.6867346938775,7.0,19.6,1,0.4931506849315068
17186,0,Clientes estándar de bajo valor,47,2,144.0,1,72.0,144.0,0.5,14.0,1,0.0
17187,0,Clientes estándar de bajo valor,227,1,203.95,10,203.95,203.95,10.0,0.0,1,0.0
17188,3,Clientes de alto valor,12,7,2474.23,71,353.4614285714286,211.4726495726496,10.142857142857142,58.5,1,0.07142857142857142
17189,0,Clientes estándar de bajo valor,107,2,383.75,52,191.875,45.50395256916996,26.0,253.0,1,0.0
17190,0,Clientes estándar de bajo valor,59,2,444.74,19,222.37,89.54496644295303,9.5,149.0,1,0.0
17191,3,Clientes de alto valor,29,7,2093.68,163,299.09714285714284,184.73647058823528,23.285714285714285,56.666666666666664,1,0.0
17193,0,Clientes estándar de bajo valor,36,7,1699.3,17,242.75714285714284,361.55319148936167,2.4285714285714284,23.5,1,0.0
17194,0,Clientes estándar de bajo valor,361,1,226.78,25,226.78,226.78,25.0,0.0,1,0.0
17197,0,Clientes estándar de bajo valor,30,1,1013.01,29,1013.01,1013.01,29.0,0.0,1,0.0
17198,0,Clientes estándar de bajo valor,24,3,692.22,89,230.74,59.67413793103449,29.666666666666668,174.0,1,0.0
17201,0,Clientes estándar de bajo valor,54,1,289.78000000000003,38,289.78000000000003,289.78000000000003,38.0,0.0,1,0.0
17203,3,Clientes de alto valor,36,6,3560.08,116,593.3466666666667,3560.08,19.333333333333332,5.0,1,0.0
17204,0,Clientes estándar de bajo valor,176,4,1564.56,44,391.14,533.3727272727273,11.0,29.333333333333332,1,0.0
17205,0,Clientes estándar de bajo valor,54,1,384.08,13,384.08,384.08,13.0,0.0,1,0.0
17206,0,Clientes estándar de bajo valor,54,1,204.24,7,204.24,204.24,7.0,0.0,1,0.0
17211,1,Clientes de compra en fin de semana,27,8,2317.2200000000003,150,289.65250000000003,202.6723032069971,18.75,49.0,1,0.8151658767772512
17212,0,Clientes estándar de bajo valor,254,1,226.85,4,226.85,226.85,4.0,0.0,1,0.0
17213,2,Clientes activos de valor medio,41,7,2781.23,85,397.31857142857143,255.94141104294476,12.142857142857142,54.333333333333336,1,0.36942675159235666
17214,2,Clientes activos de valor medio,61,6,974.12,78,162.35333333333332,97.73779264214046,13.0,59.8,1,0.19
17217,0,Clientes estándar de bajo valor,235,1,113.5,9,113.5,113.5,9.0,0.0,1,0.0
17218,2,Clientes activos de valor medio,5,10,1951.97,146,195.197,160.87664835164836,14.6,40.44444444444444,1,0.5055350553505535
17219,0,Clientes estándar de bajo valor,32,1,114.23,24,114.23,114.23,24.0,0.0,1,0.0
17220,3,Clientes de alto valor,25,14,3187.55,303,227.68214285714288,281.2544117647059,21.642857142857142,26.153846153846153,1,0.0
17221,0,Clientes estándar de bajo valor,8,2,334.48,59,167.24,334.48,29.5,29.0,1,0.0
17222,0,Clientes estándar de bajo valor,66,1,328.65,27,328.65,328.65,27.0,0.0,1,0.0
17223,0,Clientes estándar de bajo valor,311,2,381.89,42,190.945,197.52931034482756,21.0,58.0,1,0.0
17226,0,Clientes estándar de bajo valor,309,1,393.49,21,393.49,393.49,21.0,0.0,1,0.0
17227,0,Clientes estándar de bajo valor,19,6,939.32,28,156.55333333333334,80.51314285714287,4.666666666666667,70.0,1,0.0
17228,3,Clientes de alto valor,16,8,1906.09,140,238.26125,160.17563025210083,17.5,51.0,1,0.0
17229,2,Clientes activos de valor medio,97,2,318.76,39,159.38,207.8869565217391,19.5,46.0,1,0.3191489361702128
17230,3,Clientes de alto valor,265,8,3638.41,51,454.80125,1148.9715789473685,6.375,13.571428571428571,1,0.17391304347826086
17231,3,Clientes de alto valor,13,10,3124.72,292,312.472,268.60057306590255,29.2,38.77777777777778,1,0.2184557438794727
17232,0,Clientes estándar de bajo valor,3,2,417.77,30,208.885,417.77,15.0,12.0,1,0.0
17233,0,Clientes estándar de bajo valor,36,1,190.88,25,190.88,190.88,25.0,0.0,1,0.0
17234,0,Clientes estándar de bajo valor,183,1,149.89,14,149.89,149.89,14.0,0.0,1,0.0
17235,0,Clientes estándar de bajo valor,26,2,550.0600000000001,24,275.03000000000003,47.555619596541796,12.0,347.0,1,0.0
17236,2,Clientes activos de valor medio,13,6,916.13,88,152.68833333333333,78.52542857142858,14.666666666666666,70.0,1,0.4380952380952381
17237,0,Clientes estándar de bajo valor,12,2,314.69,18,157.345,314.69,9.0,11.0,1,0.0
17238,3,Clientes de alto valor,3,17,3719.1,297,218.7705882352941,302.36585365853654,17.470588235294116,23.0625,1,0.0
17239,0,Clientes estándar de bajo valor,313,1,382.5,15,382.5,382.5,15.0,0.0,1,0.0
17242,1,Clientes de compra en fin de semana,109,2,1135.04,30,567.52,472.93333333333334,15.0,72.0,1,0.725
17244,0,Clientes estándar de bajo valor,54,1,954.9,31,954.9,954.9,31.0,0.0,1,0.0
17245,0,Clientes estándar de bajo valor,205,1,171.45000000000002,9,171.45000000000002,171.45000000000002,9.0,0.0,1,0.0
17247,0,Clientes estándar de bajo valor,16,1,280.09000000000003,53,280.09000000000003,280.09000000000003,53.0,0.0,1,0.0
17248,0,Clientes estándar de bajo valor,121,1,318.65,68,318.65,318.65,68.0,0.0,1,0.0
17250,0,Clientes estándar de bajo valor,4,2,381.97,55,190.985,44.41511627906977,27.5,258.0,1,0.0
17251,1,Clientes de compra en fin de semana,363,1,269.83,37,269.83,269.83,37.0,0.0,1,1.0
17252,0,Clientes estándar de bajo valor,117,2,348.90999999999997,86,174.45499999999998,149.53285714285713,43.0,70.0,1,0.0
17253,0,Clientes estándar de bajo valor,19,1,178.26,18,178.26,178.26,18.0,0.0,1,0.0
17254,0,Clientes estándar de bajo valor,5,2,271.19,100,135.595,271.19,50.0,11.0,1,0.0
17255,1,Clientes de compra en fin de semana,41,2,291.48,69,145.74,33.76216216216216,34.5,259.0,1,1.0
17256,0,Clientes estándar de bajo valor,108,2,240.0,12,120.0,35.1219512195122,6.0,205.0,1,0.0
17259,0,Clientes estándar de bajo valor,149,2,581.23,104,290.615,79.25863636363637,52.0,220.0,1,0.0
17262,0,Clientes estándar de bajo valor,53,5,1253.3600000000001,9,250.67200000000003,119.74777070063695,1.8,78.5,1,0.0
17263,1,Clientes de compra en fin de semana,209,1,63.440000000000005,23,63.440000000000005,63.440000000000005,23.0,0.0,1,1.0
17265,1,Clientes de compra en fin de semana,139,2,550.01,106,275.005,392.86428571428576,53.0,42.0,1,1.0
17266,0,Clientes estándar de bajo valor,3,3,296.58,60,98.86,61.36137931034483,20.0,72.5,1,0.0
17267,0,Clientes estándar de bajo valor,128,2,317.2,37,158.6,317.2,18.5,0.0,1,0.0
17268,0,Clientes estándar de bajo valor,108,4,763.64,3,190.91,166.0086956521739,0.75,46.0,1,0.16666666666666666
17272,0,Clientes estándar de bajo valor,43,4,2148.63,70,537.1575,292.995,17.5,73.33333333333333,1,0.0
17274,0,Clientes estándar de bajo valor,36,1,107.82,24,107.82,107.82,24.0,0.0,1,0.0
17277,0,Clientes estándar de bajo valor,228,2,1065.3500000000001,67,532.6750000000001,336.42631578947373,33.5,95.0,1,0.0
17278,0,Clientes estándar de bajo valor,242,1,246.04000000000002,15,246.04000000000002,246.04000000000002,15.0,0.0,1,0.0
17279,0,Clientes estándar de bajo valor,58,1,187.82999999999998,8,187.82999999999998,187.82999999999998,8.0,0.0,1,0.0
17282,1,Clientes de compra en fin de semana,131,3,1685.46,79,561.82,299.19408284023666,26.333333333333332,84.5,1,0.9438202247191011
17284,3,Clientes de alto valor,61,6,1647.48,229,274.58,179.07391304347829,38.166666666666664,55.2,1,0.03436426116838488
17286,0,Clientes estándar de bajo valor,22,1,151.37,44,151.37,151.37,44.0,0.0,1,0.0
17287,0,Clientes estándar de bajo valor,27,7,1049.06,88,149.8657142857143,90.95895953757226,12.571428571428571,57.666666666666664,1,0.1721311475409836
17288,1,Clientes de compra en fin de semana,10,7,1417.6299999999999,118,202.51857142857142,121.8593123209169,16.857142857142858,58.166666666666664,1,0.7642857142857142
17289,1,Clientes de compra en fin de semana,32,3,931.02,86,310.34,187.45369127516778,28.666666666666668,74.5,1,0.8076923076923077
17290,0,Clientes estándar de bajo valor,4,2,513.01,92,256.505,513.01,46.0,13.0,1,0.0
17291,0,Clientes estándar de bajo valor,309,1,550.8000000000001,1,550.8000000000001,550.8000000000001,1.0,0.0,1,0.0
17293,0,Clientes estándar de bajo valor,9,9,1854.06,93,206.00666666666666,157.56883852691217,10.333333333333334,44.125,1,0.0
17295,0,Clientes estándar de bajo valor,29,3,547.0,53,182.33333333333334,455.83333333333337,17.666666666666668,18.0,1,0.0
17297,0,Clientes estándar de bajo valor,18,1,128.18,49,128.18,128.18,49.0,0.0,1,0.0
17298,0,Clientes estándar de bajo valor,102,2,498.42,30,249.21,498.42,15.0,23.0,1,0.13333333333333333
17299,1,Clientes de compra en fin de semana,12,4,656.61,50,164.1525,121.59444444444443,12.5,54.0,1,0.8
17301,0,Clientes estándar de bajo valor,22,1,163.24,59,163.24,163.24,59.0,0.0,1,0.0
17302,2,Clientes activos de valor medio,15,5,1135.63,68,227.12600000000003,117.07525773195879,13.6,72.75,1,0.3037974683544304
17303,0,Clientes estándar de bajo valor,362,1,250.04,53,250.04,250.04,53.0,0.0,1,0.0
17306,3,Clientes de alto valor,11,19,8631.31,13,454.2794736842105,754.9250728862974,0.6842105263157895,19.055555555555557,1,0.0
17309,0,Clientes estándar de bajo valor,96,1,82.75,11,82.75,82.75,11.0,0.0,1,0.0
17311,0,Clientes estándar de bajo valor,79,2,1384.85,55,692.425,174.56092436974788,27.5,238.0,1,0.0
17312,1,Clientes de compra en fin de semana,139,3,644.3,11,214.76666666666665,644.3,3.6666666666666665,10.5,1,0.7857142857142857
17314,3,Clientes de alto valor,25,8,2527.92,120,315.99,263.32500000000005,15.0,41.142857142857146,1,0.0
17315,3,Clientes de alto valor,2,36,6241.15,254,173.36527777777778,525.939606741573,7.055555555555555,10.17142857142857,1,0.07692307692307693
17320,2,Clientes activos de valor medio,101,3,1200.6200000000001,57,400.2066666666667,134.39776119402987,19.0,134.0,1,0.3561643835616438
17321,0,Clientes estándar de bajo valor,9,2,657.16,94,328.58,334.14915254237286,47.0,59.0,1,0.0
17323,1,Clientes de compra en fin de semana,16,7,903.12,124,129.01714285714286,97.81083032490976,17.714285714285715,46.166666666666664,1,0.9948453608247423
17324,0,Clientes estándar de bajo valor,18,4,986.48,43,246.62,84.7977077363897,10.75,116.33333333333333,1,0.0
17325,0,Clientes estándar de bajo valor,281,1,96.8,6,96.8,96.8,6.0,0.0,1,0.0
17329,0,Clientes estándar de bajo valor,15,2,523.11,29,261.555,52.13720930232558,14.5,301.0,1,0.0
17330,0,Clientes estándar de bajo valor,23,2,363.9,5,181.95,242.6,2.5,45.0,1,0.0
17331,0,Clientes estándar de bajo valor,124,1,175.2,1,175.2,175.2,1.0,0.0,1,0.0
17333,0,Clientes estándar de bajo valor,86,1,494.25,28,494.25,494.25,28.0,0.0,1,0.0
17334,0,Clientes estándar de bajo valor,303,2,307.02000000000004,11,153.51000000000002,307.02000000000004,5.5,6.0,1,0.0
17339,0,Clientes estándar de bajo valor,95,2,243.36,9,121.68,26.940221402214025,4.5,271.0,1,0.0
17340,3,Clientes de alto valor,30,11,12353.29,229,1123.0263636363636,1099.6994065281901,20.818181818181817,33.7,1,0.0
17341,0,Clientes estándar de bajo valor,157,3,682.29,147,227.42999999999998,97.47,49.0,105.0,1,0.0
17343,1,Clientes de compra en fin de semana,356,1,193.64,17,193.64,193.64,17.0,0.0,1,1.0
17344,0,Clientes estándar de bajo valor,47,1,157.62,31,157.62,157.62,31.0,0.0,1,0.0
17345,0,Clientes estándar de bajo valor,16,4,519.6899999999999,70,129.92249999999999,86.13646408839779,17.5,60.333333333333336,1,0.0
17346,3,Clientes de alto valor,4,15,2602.6,298,173.50666666666666,211.0216216216216,19.866666666666667,26.428571428571427,1,0.15352697095435686
17347,0,Clientes estándar de bajo valor,87,1,228.96,1,228.96,228.96,1.0,0.0,1,0.0
17348,0,Clientes estándar de bajo valor,15,5,1156.6,180,231.32,122.6077738515901,36.0,70.75,1,0.0
17349,0,Clientes estándar de bajo valor,180,1,98.25,8,98.25,98.25,8.0,0.0,1,0.0
17350,0,Clientes estándar de bajo valor,9,4,1251.44,66,312.86,873.0976744186047,16.5,14.333333333333334,1,0.0
17351,0,Clientes estándar de bajo valor,37,3,587.15,22,195.71666666666667,74.32278481012658,7.333333333333333,118.5,1,0.0
17353,0,Clientes estándar de bajo valor,130,2,1740.0,5,870.0,1740.0,2.5,25.0,1,0.0
17354,0,Clientes estándar de bajo valor,51,1,1393.06,15,1393.06,1393.06,15.0,0.0,1,0.0
17356,0,Clientes estándar de bajo valor,312,1,178.22,19,178.22,178.22,19.0,0.0,1,0.0
17357,0,Clientes estándar de bajo valor,25,2,384.39,41,192.195,384.39,20.5,0.0,1,0.0
17358,1,Clientes de compra en fin de semana,304,2,360.81,55,180.405,208.1596153846154,27.5,52.0,1,0.7068965517241379
17359,0,Clientes estándar de bajo valor,12,1,127.86,13,127.86,127.86,13.0,0.0,1,0.0
17360,0,Clientes estándar de bajo valor,18,3,568.24,113,189.41333333333333,102.07904191616767,37.666666666666664,83.5,1,0.0
17361,0,Clientes estándar de bajo valor,50,3,488.2,26,162.73333333333332,60.5206611570248,8.666666666666666,121.0,1,0.0
17362,0,Clientes estándar de bajo valor,240,2,312.23,30,156.115,133.81285714285715,15.0,70.0,1,0.0
17364,3,Clientes de alto valor,1,11,4462.68,288,405.69818181818187,404.4725075528701,26.181818181818183,33.1,1,0.0
17365,3,Clientes de alto valor,13,8,4762.32,277,595.29,446.4675,34.625,45.714285714285715,1,0.08405172413793104
17367,0,Clientes estándar de bajo valor,239,1,167.55,33,167.55,167.55,33.0,0.0,1,0.0
17368,0,Clientes estándar de bajo valor,24,8,1878.87,93,234.85875,179.50987261146494,11.625,44.857142857142854,1,0.018691588785046728
17370,0,Clientes estándar de bajo valor,73,4,446.18,31,111.545,137.9938144329897,7.75,32.333333333333336,1,0.0
17371,0,Clientes estándar de bajo valor,18,3,418.4,83,139.46666666666667,36.48837209302325,27.666666666666668,172.0,1,0.0
17372,2,Clientes activos de valor medio,41,8,1337.18,215,167.1475,124.58198757763977,26.875,46.0,1,0.6095617529880478
17373,2,Clientes activos de valor medio,41,4,646.92,47,161.73,71.35147058823529,11.75,90.66666666666667,1,0.3157894736842105
17374,0,Clientes estándar de bajo valor,219,2,495.77,24,247.885,236.08095238095237,12.0,63.0,1,0.0
17375,0,Clientes estándar de bajo valor,200,3,400.1,63,133.36666666666667,74.0925925925926,21.0,81.0,1,0.0
17376,0,Clientes estándar de bajo valor,71,2,203.2,23,101.6,25.29460580912863,11.5,241.0,1,0.0
17377,3,Clientes de alto valor,24,20,4058.32,190,202.916,347.85600000000005,9.5,18.42105263157895,1,0.13366336633663367
17379,0,Clientes estándar de bajo valor,12,1,389.71999999999997,71,389.71999999999997,389.71999999999997,71.0,0.0,1,0.0
17382,0,Clientes estándar de bajo valor,66,1,65.4,2,65.4,65.4,2.0,0.0,1,0.0
17383,0,Clientes estándar de bajo valor,5,1,193.39000000000001,49,193.39000000000001,193.39000000000001,49.0,0.0,1,0.0
17384,1,Clientes de compra en fin de semana,20,2,336.4,12,168.2,50.459999999999994,6.0,200.0,1,0.8
17385,0,Clientes estándar de bajo valor,15,1,256.11,42,256.11,256.11,42.0,0.0,1,0.0
17386,0,Clientes estándar de bajo valor,8,6,2686.42,23,447.7366666666667,510.0797468354431,3.8333333333333335,31.6,1,0.0
17387,1,Clientes de compra en fin de semana,20,2,746.81,71,373.405,746.81,35.5,14.0,1,1.0
17388,1,Clientes de compra en fin de semana,78,4,1259.56,13,314.89,179.93714285714285,3.25,70.0,1,0.7333333333333333
17391,0,Clientes estándar de bajo valor,164,2,508.8,2,254.4,508.8,1.0,1.0,1,0.0
17392,2,Clientes activos de valor medio,307,2,411.27,52,205.635,237.27115384615382,26.0,52.0,1,0.23636363636363636
17394,0,Clientes estándar de bajo valor,220,1,203.86999999999998,4,203.86999999999998,203.86999999999998,4.0,0.0,1,0.0
17396,3,Clientes de alto valor,40,7,7312.8,23,1044.6857142857143,660.7951807228916,3.2857142857142856,55.333333333333336,1,0.0
17397,0,Clientes estándar de bajo valor,23,2,681.41,88,340.705,681.41,44.0,0.0,1,0.0
17398,0,Clientes estándar de bajo valor,115,3,653.38,30,217.79333333333332,139.01702127659573,10.0,70.5,1,0.0
17400,0,Clientes estándar de bajo valor,127,5,2097.84,175,419.56800000000004,277.24757709251105,35.0,56.75,1,0.0
17402,2,Clientes activos de valor medio,5,12,2598.85,32,216.57083333333333,213.6041095890411,2.6666666666666665,33.18181818181818,1,0.4827586206896552
17403,0,Clientes estándar de bajo valor,37,1,263.92,32,263.92,263.92,32.0,0.0,1,0.0
17405,0,Clientes estándar de bajo valor,2,3,1031.41,77,343.80333333333334,207.66644295302015,25.666666666666668,74.5,1,0.0
17406,3,Clientes de alto valor,334,3,2184.42,99,728.14,1985.8363636363636,33.0,16.5,1,0.0
17408,0,Clientes estándar de bajo valor,164,1,32.65,2,32.65,32.65,2.0,0.0,1,0.0
17409,0,Clientes estándar de bajo valor,185,2,771.85,13,385.925,361.8046875,6.5,64.0,1,0.0
17410,2,Clientes activos de valor medio,17,5,1214.72,57,242.94400000000002,183.12361809045225,11.4,49.75,1,0.34375
17411,2,Clientes activos de valor medio,13,3,778.94,39,259.6466666666667,93.84819277108434,13.0,124.5,1,0.6097560975609756
17412,0,Clientes estándar de bajo valor,3,7,1258.06,48,179.72285714285712,102.00486486486486,6.857142857142857,61.666666666666664,1,0.0
17414,0,Clientes estándar de bajo valor,44,2,778.0,5,389.0,165.53191489361703,2.5,141.0,1,0.0
17415,0,Clientes estándar de bajo valor,80,1,507.84,14,507.84,507.84,14.0,0.0,1,0.0
17416,3,Clientes de alto valor,30,7,6893.42,186,984.7742857142857,820.645238095238,26.571428571428573,42.0,1,0.0
17418,0,Clientes estándar de bajo valor,43,2,463.46000000000004,29,231.73000000000002,49.4797153024911,14.5,281.0,1,0.0
17419,3,Clientes de alto valor,12,12,4226.57,155,352.21416666666664,356.17162921348313,12.916666666666666,32.36363636363637,1,0.0
17420,0,Clientes estándar de bajo valor,51,3,598.83,28,199.61,55.61888544891641,9.333333333333334,161.5,1,0.0
17422,2,Clientes activos de valor medio,17,6,1979.37,93,329.895,212.07535714285711,15.5,56.0,1,0.27350427350427353
17423,0,Clientes estándar de bajo valor,47,2,698.41,26,349.205,122.52807017543859,13.0,171.0,1,0.0
17425,0,Clientes estándar de bajo valor,20,2,759.1700000000001,42,379.58500000000004,555.490243902439,21.0,41.0,1,0.023255813953488372
17426,3,Clientes de alto valor,9,6,5037.26,179,839.5433333333334,551.5248175182483,29.833333333333332,54.8,1,0.0
17427,0,Clientes estándar de bajo valor,72,1,100.8,2,100.8,100.8,2.0,0.0,1,0.0
17429,0,Clientes estándar de bajo valor,129,3,524.9200000000001,36,174.97333333333336,174.97333333333336,12.0,45.0,1,0.0
17430,0,Clientes estándar de bajo valor,33,2,265.76,14,132.88,23.942342342342343,7.0,333.0,1,0.0
17431,1,Clientes de compra en fin de semana,314,1,403.3,41,403.3,403.3,41.0,0.0,1,1.0
17432,0,Clientes estándar de bajo valor,19,2,365.76,44,182.88,365.76,22.0,19.0,1,0.0
17433,0,Clientes estándar de bajo valor,89,1,303.16,53,303.16,303.16,53.0,0.0,1,0.0
17434,3,Clientes de alto valor,3,7,2373.82,100,339.1171428571429,858.0072289156627,14.285714285714286,13.833333333333334,1,0.0
17436,0,Clientes estándar de bajo valor,2,2,216.3,7,108.15,28.84,3.5,225.0,1,0.0
17438,0,Clientes estándar de bajo valor,254,1,388.45000000000005,17,388.45000000000005,388.45000000000005,17.0,0.0,1,0.0
17440,0,Clientes estándar de bajo valor,157,3,186.42000000000002,3,62.14000000000001,61.45714285714286,1.0,45.5,1,0.0
17442,0,Clientes estándar de bajo valor,37,6,2248.56,96,374.76,265.5779527559055,16.0,50.8,1,0.0
17443,0,Clientes estándar de bajo valor,220,1,534.24,1,534.24,534.24,1.0,0.0,0,0.0
17446,0,Clientes estándar de bajo valor,177,2,120.89999999999999,6,60.449999999999996,27.067164179104473,3.0,134.0,1,0.0
17447,2,Clientes activos de valor medio,41,2,541.53,33,270.765,524.0612903225806,16.5,31.0,1,0.2222222222222222
17449,3,Clientes de alto valor,3,7,2516.21,177,359.4585714285714,211.44621848739496,25.285714285714285,59.5,1,0.0
17451,0,Clientes estándar de bajo valor,2,7,1721.4,83,245.91428571428574,496.5576923076923,11.857142857142858,17.333333333333332,1,0.0
17453,0,Clientes estándar de bajo valor,18,2,486.72,19,243.36,310.67234042553196,9.5,47.0,1,0.0
17454,2,Clientes activos de valor medio,193,4,517.53,57,129.3825,92.96946107784431,14.25,55.666666666666664,1,0.47540983606557374
17455,0,Clientes estándar de bajo valor,204,1,131.7,8,131.7,131.7,8.0,0.0,1,0.0
17456,0,Clientes estándar de bajo valor,366,1,249.86,17,249.86,249.86,17.0,0.0,1,0.0
17457,0,Clientes estándar de bajo valor,127,5,1737.7,14,347.54,244.74647887323945,2.8,53.25,1,0.0
17458,0,Clientes estándar de bajo valor,16,1,316.5,52,316.5,316.5,52.0,0.0,1,0.0
17459,0,Clientes estándar de bajo valor,44,2,657.3,88,328.65,657.3,44.0,17.0,1,0.0
17460,0,Clientes estándar de bajo valor,95,6,622.4300000000001,18,103.73833333333334,66.92795698924732,3.0,55.8,1,0.0
17461,0,Clientes estándar de bajo valor,23,3,735.82,104,245.27333333333334,735.82,34.666666666666664,3.5,1,0.0
17462,0,Clientes estándar de bajo valor,61,2,675.69,25,337.845,90.49419642857143,12.5,224.0,1,0.0
17463,2,Clientes activos de valor medio,17,5,1875.8600000000001,162,375.172,189.4808080808081,32.4,74.25,1,0.42788461538461536
17464,0,Clientes estándar de bajo valor,159,1,289.96000000000004,9,289.96000000000004,289.96000000000004,9.0,0.0,1,0.0
17466,0,Clientes estándar de bajo valor,11,2,763.28,41,381.64,336.74117647058824,20.5,68.0,1,0.0
17468,0,Clientes estándar de bajo valor,11,2,137.0,5,68.5,137.0,2.5,4.0,1,0.0
17469,0,Clientes estándar de bajo valor,17,5,1870.97,61,374.194,298.5590425531915,12.2,47.0,1,0.0
17470,0,Clientes estándar de bajo valor,45,5,1125.07,67,225.01399999999998,104.4956656346749,13.4,80.75,1,0.0
17472,2,Clientes activos de valor medio,192,3,697.54,142,232.51333333333332,193.7611111111111,47.333333333333336,54.0,1,0.3620689655172414
17475,0,Clientes estándar de bajo valor,80,1,194.37,14,194.37,194.37,14.0,0.0,1,0.0
17480,0,Clientes estándar de bajo valor,78,1,511.82,29,511.82,511.82,29.0,0.0,1,0.0
17481,0,Clientes estándar de bajo valor,4,4,1255.59,69,313.8975,418.53,17.25,30.0,1,0.0
17483,0,Clientes estándar de bajo valor,66,3,414.04,18,138.01333333333335,105.26440677966103,6.0,59.0,1,0.0
17486,0,Clientes estándar de bajo valor,262,1,396.87,24,396.87,396.87,24.0,0.0,1,0.0
17489,0,Clientes estándar de bajo valor,59,2,376.64,28,188.32,73.37142857142857,14.0,154.0,1,0.0
17490,0,Clientes estándar de bajo valor,1,7,2092.32,63,298.90285714285716,356.6454545454546,9.0,29.333333333333332,1,0.0
17491,3,Clientes de alto valor,2,10,3558.87,72,355.887,291.71065573770494,7.2,40.666666666666664,1,0.0
17492,0,Clientes estándar de bajo valor,249,1,374.57,12,374.57,374.57,12.0,0.0,1,0.0
17495,0,Clientes estándar de bajo valor,8,2,497.56,21,248.78,481.5096774193548,10.5,31.0,1,0.0
17496,0,Clientes estándar de bajo valor,359,1,271.05,10,271.05,271.05,10.0,0.0,1,0.0
17498,1,Clientes de compra en fin de semana,76,1,272.21999999999997,17,272.21999999999997,272.21999999999997,17.0,0.0,1,1.0
17499,0,Clientes estándar de bajo valor,290,1,622.88,40,622.88,622.88,40.0,0.0,1,0.0
17500,0,Clientes estándar de bajo valor,18,3,1138.0,3,379.3333333333333,1138.0,1.0,6.0,1,0.0
17501,0,Clientes estándar de bajo valor,221,2,288.6,18,144.3,288.6,9.0,0.0,1,0.0
17502,0,Clientes estándar de bajo valor,10,4,689.1,25,172.275,689.1,6.25,6.666666666666667,1,0.0
17503,0,Clientes estándar de bajo valor,3,2,558.96,36,279.48,465.80000000000007,18.0,36.0,1,0.0
17504,3,Clientes de alto valor,207,9,2997.03,112,333.00333333333333,775.0939655172414,12.444444444444445,14.5,1,0.16535433070866143
17505,0,Clientes estándar de bajo valor,162,2,1145.8400000000001,48,572.9200000000001,781.2545454545456,24.0,44.0,1,0.0
17506,1,Clientes de compra en fin de semana,76,1,302.2,14,302.2,302.2,14.0,0.0,1,1.0
17507,0,Clientes estándar de bajo valor,262,2,605.58,79,302.79,378.4875,39.5,48.0,1,0.0
17508,0,Clientes estándar de bajo valor,281,1,387.31,22,387.31,387.31,22.0,0.0,0,0.0
17510,0,Clientes estándar de bajo valor,25,1,308.48,20,308.48,308.48,20.0,0.0,1,0.0
17512,3,Clientes de alto valor,29,10,2924.9900000000002,61,292.499,321.42747252747256,6.1,30.333333333333332,1,0.0
17513,0,Clientes estándar de bajo valor,73,1,513.2,6,513.2,513.2,6.0,0.0,1,0.0
17514,0,Clientes estándar de bajo valor,129,1,208.65,40,208.65,208.65,40.0,0.0,1,0.0
17515,0,Clientes estándar de bajo valor,32,4,639.02,49,159.755,66.7965156794425,12.25,95.66666666666667,1,0.0
17516,2,Clientes activos de valor medio,16,5,764.88,113,152.976,84.98666666666666,22.6,67.5,1,0.4666666666666667
17517,0,Clientes estándar de bajo valor,309,1,153.94,11,153.94,153.94,11.0,0.0,1,0.0
17519,0,Clientes estándar de bajo valor,18,6,1844.02,60,307.33666666666664,157.60854700854702,10.0,70.2,1,0.0975609756097561
17520,0,Clientes estándar de bajo valor,54,1,546.81,30,546.81,546.81,30.0,0.0,1,0.0
17521,0,Clientes estándar de bajo valor,30,3,723.21,38,241.07000000000002,127.62529411764706,12.666666666666666,85.0,1,0.0
17522,0,Clientes estándar de bajo valor,2,5,1066.15,58,213.23000000000002,147.39400921658986,11.6,54.25,1,0.1111111111111111
17523,1,Clientes de compra en fin de semana,12,4,652.74,25,163.185,652.74,6.25,2.6666666666666665,1,0.696969696969697
17524,0,Clientes estándar de bajo valor,362,1,145.0,6,145.0,145.0,6.0,0.0,1,0.0
17525,0,Clientes estándar de bajo valor,360,1,422.7,9,422.7,422.7,9.0,0.0,1,0.0
17526,0,Clientes estándar de bajo valor,5,4,1195.8999999999999,17,298.97499999999997,99.38227146814404,4.25,120.33333333333333,1,0.0
17527,0,Clientes estándar de bajo valor,54,4,939.37,45,234.8425,170.79454545454544,11.25,55.0,1,0.0
17528,3,Clientes de alto valor,2,8,3628.5,183,453.5625,1555.0714285714284,22.875,10.0,1,0.0
17530,3,Clientes de alto valor,2,10,2362.53,305,236.25300000000001,194.714010989011,30.5,40.44444444444444,1,0.0
17531,0,Clientes estándar de bajo valor,191,1,296.7,14,296.7,296.7,14.0,0.0,1,0.0
17534,0,Clientes estándar de bajo valor,54,1,223.36,9,223.36,223.36,9.0,0.0,1,0.0
17535,0,Clientes estándar de bajo valor,281,1,164.4,13,164.4,164.4,13.0,0.0,1,0.0
17536,0,Clientes estándar de bajo valor,178,1,76.5,3,76.5,76.5,3.0,0.0,1,0.0
17537,0,Clientes estándar de bajo valor,30,2,887.6700000000001,74,443.83500000000004,97.19014598540147,37.0,274.0,1,0.0
17538,0,Clientes estándar de bajo valor,26,1,98.42,9,98.42,98.42,9.0,0.0,1,0.0
17540,0,Clientes estándar de bajo valor,25,2,578.9,20,289.45,59.476027397260275,10.0,292.0,1,0.0
17542,0,Clientes estándar de bajo valor,270,1,170.75,24,170.75,170.75,24.0,0.0,1,0.0
17545,0,Clientes estándar de bajo valor,44,3,642.32,122,214.10666666666668,642.32,40.666666666666664,0.0,1,0.0
17548,0,Clientes estándar de bajo valor,234,1,103.3,5,103.3,103.3,5.0,0.0,1,0.0
17549,0,Clientes estándar de bajo valor,24,2,148.86,5,74.43,148.86,2.5,28.0,1,0.0
17550,1,Clientes de compra en fin de semana,198,3,267.16,42,89.05333333333334,174.23478260869567,14.0,23.0,1,0.6666666666666666
17551,0,Clientes estándar de bajo valor,360,1,290.34,39,290.34,290.34,39.0,0.0,1,0.0
17552,0,Clientes estándar de bajo valor,61,4,930.41,43,232.6025,89.46249999999999,10.75,104.0,1,0.0
17553,0,Clientes estándar de bajo valor,130,1,1487.6,2,1487.6,1487.6,2.0,0.0,1,0.0
17554,0,Clientes estándar de bajo valor,2,5,1952.45,58,390.49,398.45918367346934,11.6,36.75,1,0.0
17556,0,Clientes estándar de bajo valor,206,1,157.9,6,157.9,157.9,6.0,0.0,1,0.0
17557,0,Clientes estándar de bajo valor,15,3,541.46,27,180.48666666666668,242.444776119403,9.0,33.5,1,0.0
17560,0,Clientes estándar de bajo valor,95,4,854.95,22,213.7375,118.74305555555556,5.5,72.0,1,0.0
17561,1,Clientes de compra en fin de semana,20,1,165.12,44,165.12,165.12,44.0,0.0,1,1.0
17562,2,Clientes activos de valor medio,15,7,1122.38,48,160.34,211.76981132075474,6.857142857142857,26.5,1,0.3333333333333333
17564,0,Clientes estándar de bajo valor,25,3,454.01,38,151.33666666666667,243.21964285714284,12.666666666666666,28.0,1,0.0
17566,0,Clientes estándar de bajo valor,9,2,869.77,113,434.885,869.77,56.5,17.0,1,0.0
17567,3,Clientes de alto valor,8,8,4331.48,110,541.435,356.0120547945205,13.75,52.142857142857146,1,0.0
17569,0,Clientes estándar de bajo valor,333,1,344.14,29,344.14,344.14,29.0,0.0,1,0.0
17571,3,Clientes de alto valor,51,4,1424.42,246,356.105,172.30887096774194,61.5,82.66666666666667,1,0.1111111111111111
17572,0,Clientes estándar de bajo valor,72,4,226.75000000000003,7,56.68750000000001,22.524834437086096,1.75,100.66666666666667,1,0.0
17573,0,Clientes estándar de bajo valor,30,3,380.6,24,126.86666666666667,178.40625,8.0,32.0,1,0.0
17574,0,Clientes estándar de bajo valor,243,1,185.65,8,185.65,185.65,8.0,0.0,1,0.0
17576,3,Clientes de alto valor,9,19,3437.78,243,180.93578947368422,288.88907563025214,12.789473684210526,19.833333333333332,1,0.0
17578,0,Clientes estándar de bajo valor,219,1,143.45999999999998,5,143.45999999999998,143.45999999999998,5.0,0.0,1,0.0
17579,0,Clientes estándar de bajo valor,5,3,448.90000000000003,46,149.63333333333335,76.95428571428572,15.333333333333334,87.5,1,0.0
17580,0,Clientes estándar de bajo valor,253,3,212.77,42,70.92333333333333,60.21792452830189,14.0,53.0,1,0.0
17582,1,Clientes de compra en fin de semana,237,1,175.27,28,175.27,175.27,28.0,0.0,1,1.0
17584,0,Clientes estándar de bajo valor,8,2,1242.3,30,621.15,310.575,15.0,120.0,1,0.0
17585,0,Clientes estándar de bajo valor,110,4,1116.68,176,279.17,146.28995633187773,44.0,76.33333333333333,1,0.0
17588,0,Clientes estándar de bajo valor,101,3,1240.2,19,413.40000000000003,281.8636363636364,6.333333333333333,66.0,1,0.0
17589,2,Clientes activos de valor medio,61,4,2402.92,171,600.73,400.4866666666667,42.75,60.0,1,0.21825396825396826
17590,2,Clientes activos de valor medio,3,3,1466.77,161,488.92333333333335,1157.9763157894738,53.666666666666664,19.0,1,0.2923076923076923
17591,0,Clientes estándar de bajo valor,74,7,2203.67,81,314.81,224.8642857142857,11.571428571428571,49.0,1,0.0
17593,2,Clientes activos de valor medio,4,5,3923.86,190,784.772,337.2945558739255,38.0,87.25,1,0.330188679245283
17594,0,Clientes estándar de bajo valor,86,2,993.1800000000001,42,496.59000000000003,176.30414201183433,21.0,169.0,1,0.0
17595,2,Clientes activos de valor medio,13,2,386.69,68,193.345,386.69,34.0,25.0,1,0.5975609756097561
17596,3,Clientes de alto valor,24,7,2806.69,168,400.9557142857143,244.06,24.0,57.5,1,0.0
17600,0,Clientes estándar de bajo valor,18,1,161.67000000000002,13,161.67000000000002,161.67000000000002,13.0,0.0,1,0.0
17601,0,Clientes estándar de bajo valor,240,1,116.00999999999999,9,116.00999999999999,116.00999999999999,9.0,0.0,1,0.0
17602,3,Clientes de alto valor,3,6,5054.42,335,842.4033333333333,470.90869565217395,55.833333333333336,64.4,1,0.014519056261343012
17603,0,Clientes estándar de bajo valor,79,1,394.72,11,394.72,394.72,11.0,0.0,1,0.0
17604,0,Clientes estándar de bajo valor,218,2,309.36,57,154.68,97.69263157894737,28.5,95.0,1,0.0
17608,1,Clientes de compra en fin de semana,34,2,191.99,54,95.995,191.99,27.0,0.0,1,1.0
17609,1,Clientes de compra en fin de semana,41,5,1098.28,198,219.656,114.802787456446,39.6,71.75,1,0.7792207792207793
17612,0,Clientes estándar de bajo valor,54,6,2048.45,116,341.4083333333333,251.85860655737704,19.333333333333332,48.8,1,0.0
17613,3,Clientes de alto valor,23,14,4519.55,210,322.825,479.1042402826855,15.0,21.76923076923077,1,0.2360655737704918
17614,0,Clientes estándar de bajo valor,58,1,386.32,97,386.32,386.32,97.0,0.0,1,0.0
17615,2,Clientes activos de valor medio,131,3,329.6,13,109.86666666666667,107.47826086956522,4.333333333333333,46.0,1,0.35714285714285715
17616,2,Clientes activos de valor medio,174,3,571.1999999999999,1,190.39999999999998,88.32989690721648,0.3333333333333333,97.0,1,0.3333333333333333
17618,1,Clientes de compra en fin de semana,6,3,930.28,56,310.0933333333333,78.17478991596639,18.666666666666668,178.5,1,0.8059701492537313
17619,0,Clientes estándar de bajo valor,313,1,214.37,71,214.37,214.37,71.0,0.0,1,0.0
17620,0,Clientes estándar de bajo valor,60,1,81.44,4,81.44,81.44,4.0,0.0,1,0.0
17621,0,Clientes estándar de bajo valor,22,3,1379.9,24,459.9666666666667,124.31531531531533,8.0,166.5,1,0.0
17623,0,Clientes estándar de bajo valor,33,1,527.05,33,527.05,527.05,33.0,0.0,1,0.0
17624,0,Clientes estándar de bajo valor,15,2,843.48,49,421.74,124.04117647058824,24.5,204.0,1,0.0
17625,2,Clientes activos de valor medio,19,4,2020.4,223,505.1,253.60669456066947,55.75,79.66666666666667,1,0.30392156862745096
17628,0,Clientes estándar de bajo valor,82,1,75.75,5,75.75,75.75,5.0,0.0,1,0.0
17629,2,Clientes activos de valor medio,6,8,1814.1200000000001,106,226.76500000000001,153.73898305084745,13.25,50.57142857142857,1,0.43089430894308944
17630,0,Clientes estándar de bajo valor,170,2,503.6,24,251.8,239.80952380952382,12.0,63.0,1,0.0
17631,0,Clientes estándar de bajo valor,2,3,528.33,39,176.11,68.61428571428571,13.0,115.5,1,0.0
17633,0,Clientes estándar de bajo valor,32,4,1324.84,59,331.21,446.5752808988764,14.75,29.666666666666668,1,0.18571428571428572
17634,3,Clientes de alto valor,37,9,2358.59,209,262.0655555555556,235.07541528239204,23.22222222222222,37.625,1,0.10472972972972973
17636,1,Clientes de compra en fin de semana,20,1,285.56,20,285.56,285.56,20.0,0.0,1,1.0
17637,0,Clientes estándar de bajo valor,32,2,547.0600000000001,35,273.53000000000003,195.37857142857146,17.5,84.0,1,0.0
17639,0,Clientes estándar de bajo valor,277,1,108.5,7,108.5,108.5,7.0,0.0,1,0.0
17640,0,Clientes estándar de bajo valor,87,1,621.66,5,621.66,621.66,5.0,0.0,1,0.0
17642,0,Clientes estándar de bajo valor,120,2,712.29,34,356.145,374.88947368421054,17.0,57.0,1,0.0
17643,0,Clientes estándar de bajo valor,374,1,101.55,8,101.55,101.55,8.0,0.0,1,0.0
17644,3,Clientes de alto valor,2,11,2895.64,102,263.24,335.4023166023166,9.272727272727273,25.9,1,0.0
17646,0,Clientes estándar de bajo valor,220,3,1008.39,46,336.13,207.20342465753427,15.333333333333334,73.0,1,0.0
17647,0,Clientes estándar de bajo valor,66,1,133.06,7,133.06,133.06,7.0,0.0,1,0.0
17648,0,Clientes estándar de bajo valor,61,4,1797.5,81,449.375,285.3174603174603,20.25,63.0,1,0.0
17649,1,Clientes de compra en fin de semana,139,1,868.49,52,868.49,868.49,52.0,0.0,1,1.0
17650,0,Clientes estándar de bajo valor,22,1,166.07999999999998,8,166.07999999999998,166.07999999999998,8.0,0.0,1,0.0
17651,3,Clientes de alto valor,12,10,3945.0,149,394.5,712.9518072289156,14.9,18.444444444444443,1,0.0603448275862069
17652,3,Clientes de alto valor,26,12,4867.72,118,405.6433333333334,570.4359375,9.833333333333334,23.272727272727273,1,0.0
17653,0,Clientes estándar de bajo valor,37,4,1207.56,44,301.89,431.2714285714286,11.0,28.0,1,0.0
17654,0,Clientes estándar de bajo valor,278,1,117.55,22,117.55,117.55,22.0,0.0,1,0.0
17655,3,Clientes de alto valor,11,7,2638.94,66,376.99142857142857,222.3825842696629,9.428571428571429,59.333333333333336,1,0.15384615384615385
17656,0,Clientes estándar de bajo valor,74,5,1674.69,67,334.938,913.4672727272728,13.4,13.75,1,0.0
17658,0,Clientes estándar de bajo valor,26,2,595.42,17,297.71,96.03548387096774,8.5,186.0,1,0.0
17659,3,Clientes de alto valor,18,12,2999.46,127,249.955,253.47549295774647,10.583333333333334,32.27272727272727,1,0.0
17660,0,Clientes estándar de bajo valor,142,1,178.75,37,178.75,178.75,37.0,0.0,1,0.0
17663,0,Clientes estándar de bajo valor,26,7,1802.91,63,257.55857142857144,206.4400763358779,9.0,43.666666666666664,1,0.0
17664,0,Clientes estándar de bajo valor,19,2,604.64,41,302.32,93.50103092783505,20.5,194.0,1,0.0
17666,0,Clientes estándar de bajo valor,4,2,728.16,14,364.08,352.33548387096766,7.0,62.0,1,0.0
17667,0,Clientes estándar de bajo valor,67,5,2055.51,85,411.10200000000003,265.7987068965518,17.0,58.0,1,0.0
17668,0,Clientes estándar de bajo valor,2,2,347.75,14,173.875,281.9594594594594,7.0,37.0,1,0.0
17669,3,Clientes de alto valor,43,7,3406.7200000000003,45,486.67428571428576,493.7275362318841,6.428571428571429,34.5,1,0.0
17670,0,Clientes estándar de bajo valor,228,1,205.7,11,205.7,205.7,11.0,0.0,1,0.0
17671,0,Clientes estándar de bajo valor,16,4,1572.71,40,393.1775,134.8037142857143,10.0,116.66666666666667,1,0.0
17672,3,Clientes de alto valor,51,2,3178.17,105,1589.085,368.12779922779924,52.5,259.0,1,0.0
17673,2,Clientes activos de valor medio,2,6,1594.97,118,265.8283333333333,149.99717868338558,19.666666666666668,63.8,1,0.2018348623853211
17674,0,Clientes estándar de bajo valor,75,2,551.04,19,275.52,56.22857142857142,9.5,294.0,1,0.0
17676,0,Clientes estándar de bajo valor,5,6,1371.18,49,228.53,113.63370165745857,8.166666666666666,72.4,1,0.0
17678,0,Clientes estándar de bajo valor,264,1,298.11,16,298.11,298.11,16.0,0.0,1,0.0
17679,3,Clientes de alto valor,53,2,1992.1100000000001,29,996.0550000000001,1811.009090909091,14.5,33.0,1,0.0
17680,0,Clientes estándar de bajo valor,24,1,184.4,11,184.4,184.4,11.0,0.0,1,0.0
17682,0,Clientes estándar de bajo valor,11,6,2474.33,48,412.3883333333333,207.34608938547484,8.0,71.6,1,0.0
17684,0,Clientes estándar de bajo valor,44,1,239.41,15,239.41,239.41,15.0,0.0,1,0.0
17685,3,Clientes de alto valor,17,7,3155.83,88,450.8328571428571,265.94073033707866,12.571428571428571,59.333333333333336,1,0.0
17686,3,Clientes de alto valor,8,7,5739.46,205,819.9228571428572,583.6738983050847,29.285714285714285,49.166666666666664,1,0.0
17690,3,Clientes de alto valor,31,15,4726.8,186,315.12,413.4227405247814,12.4,24.5,1,0.23809523809523808
17691,0,Clientes estándar de bajo valor,359,2,290.40000000000003,18,145.20000000000002,290.40000000000003,9.0,10.0,1,0.0
17692,0,Clientes estándar de bajo valor,128,4,725.58,33,181.395,93.825,8.25,77.33333333333333,1,0.0
17693,0,Clientes estándar de bajo valor,138,1,200.47,16,200.47,200.47,16.0,0.0,1,0.0
17694,0,Clientes estándar de bajo valor,142,1,283.12,15,283.12,283.12,15.0,0.0,1,0.0
17695,2,Clientes activos de valor medio,132,2,765.34,30,382.67,574.0050000000001,15.0,40.0,1,0.4857142857142857
17696,3,Clientes de alto valor,39,8,2285.71,78,285.71375,210.34141104294477,9.75,46.57142857142857,1,0.11304347826086956
17697,1,Clientes de compra en fin de semana,237,1,338.95,19,338.95,338.95,19.0,0.0,1,1.0
17698,0,Clientes estándar de bajo valor,261,1,154.95,8,154.95,154.95,8.0,0.0,1,0.0
17700,0,Clientes estándar de bajo valor,17,4,2534.64,116,633.66,286.94037735849054,29.0,88.33333333333333,1,0.0
17701,0,Clientes estándar de bajo valor,253,1,417.95,24,417.95,417.95,24.0,0.0,1,0.0
17702,0,Clientes estándar de bajo valor,31,4,1824.37,58,456.0925,310.9721590909091,14.5,58.666666666666664,1,0.0
17703,2,Clientes activos de valor medio,36,3,798.74,47,266.24666666666667,232.64271844660195,15.666666666666666,51.5,1,0.3090909090909091
17704,0,Clientes estándar de bajo valor,169,2,885.19,27,442.595,374.0239436619718,13.5,71.0,1,0.0
17705,0,Clientes estándar de bajo valor,4,9,1823.52,63,202.61333333333334,183.5758389261745,7.0,37.25,1,0.06796116504854369
17706,3,Clientes de alto valor,5,17,10504.49,270,617.9111764705882,870.5378453038674,15.882352941176471,22.625,1,0.06544502617801047
17707,0,Clientes estándar de bajo valor,186,2,152.4,3,76.2,30.27814569536424,1.5,151.0,1,0.0
17708,2,Clientes activos de valor medio,188,2,263.33,28,131.665,57.66350364963504,14.0,137.0,1,0.2647058823529412
17709,0,Clientes estándar de bajo valor,170,1,137.45,7,137.45,137.45,7.0,0.0,1,0.0
17711,0,Clientes estándar de bajo valor,11,2,385.1,22,192.55,41.40860215053763,11.0,279.0,1,0.0
17712,0,Clientes estándar de bajo valor,45,1,522.91,29,522.91,522.91,29.0,0.0,1,0.0
17714,1,Clientes de compra en fin de semana,321,1,153.0,10,153.0,153.0,10.0,0.0,1,1.0
17715,0,Clientes estándar de bajo valor,201,1,326.4,1,326.4,326.4,1.0,0.0,1,0.0
17716,3,Clientes de alto valor,23,11,5655.99,171,514.180909090909,692.5702040816327,15.545454545454545,24.5,1,0.0653061224489796
17718,0,Clientes estándar de bajo valor,233,1,139.35,6,139.35,139.35,6.0,0.0,1,0.0
17719,3,Clientes de alto valor,38,15,5396.04,111,359.736,742.5743119266056,7.4,15.571428571428571,1,0.05474452554744526
17720,2,Clientes activos de valor medio,27,4,1195.94,39,298.985,105.21466275659824,9.75,113.66666666666667,1,0.26
17722,3,Clientes de alto valor,97,4,2424.04,111,606.01,269.3377777777778,27.75,90.0,1,0.1826086956521739
17723,3,Clientes de alto valor,128,6,3276.4000000000005,4,546.0666666666667,1129.793103448276,0.6666666666666666,17.4,1,0.0
17724,2,Clientes activos de valor medio,72,3,1033.0,38,344.3333333333333,462.5373134328358,12.666666666666666,33.5,1,0.275
17725,3,Clientes de alto valor,17,11,3439.08,115,312.64363636363635,411.0454183266932,10.454545454545455,25.1,1,0.17708333333333334
17727,0,Clientes estándar de bajo valor,16,1,1060.25,66,1060.25,1060.25,66.0,0.0,1,0.0
17728,3,Clientes de alto valor,4,3,2876.01,153,958.6700000000001,1039.521686746988,51.0,41.5,1,0.0
17730,3,Clientes de alto valor,4,13,5298.4800000000005,127,407.5753846153847,492.1188854489164,9.76923076923077,26.916666666666668,1,0.0
17731,0,Clientes estándar de bajo valor,80,4,1240.11,54,310.0275,357.72403846153844,13.5,34.666666666666664,1,0.0
17732,0,Clientes estándar de bajo valor,373,1,303.97,18,303.97,303.97,18.0,0.0,1,0.0
17733,0,Clientes estándar de bajo valor,39,2,692.19,33,346.095,93.11973094170403,16.5,223.0,1,0.0
17734,0,Clientes estándar de bajo valor,54,3,700.63,40,233.54333333333332,116.77166666666666,13.333333333333334,90.0,1,0.0
17736,0,Clientes estándar de bajo valor,10,3,377.44,24,125.81333333333333,108.87692307692308,8.0,52.0,1,0.0
17737,0,Clientes estándar de bajo valor,10,2,168.24,8,84.12,103.00408163265307,4.0,49.0,1,0.0
17738,2,Clientes activos de valor medio,20,4,1879.05,89,469.7625,214.34030418250947,22.25,87.66666666666667,1,0.20618556701030927
17739,0,Clientes estándar de bajo valor,12,7,2791.35,29,398.7642857142857,239.94412607449857,4.142857142857143,58.166666666666664,1,0.0
17742,0,Clientes estándar de bajo valor,114,2,355.11,13,177.555,48.64520547945206,6.5,219.0,1,0.0
17744,3,Clientes de alto valor,4,6,2322.4,110,387.06666666666666,196.25915492957745,18.333333333333332,71.0,1,0.08823529411764706
17746,0,Clientes estándar de bajo valor,241,1,110.25,6,110.25,110.25,6.0,0.0,1,0.0
17747,0,Clientes estándar de bajo valor,113,1,71.4,1,71.4,71.4,1.0,0.0,1,0.0
17749,0,Clientes estándar de bajo valor,179,2,674.52,33,337.26,259.4307692307692,16.5,78.0,1,0.0
17750,3,Clientes de alto valor,6,9,1694.16,100,188.24,319.6528301886793,11.11111111111111,19.875,1,0.14285714285714285
17752,0,Clientes estándar de bajo valor,360,1,80.64,1,80.64,80.64,1.0,0.0,1,0.0
17754,0,Clientes estándar de bajo valor,1,5,1664.6499999999999,82,332.92999999999995,192.075,16.4,65.0,1,0.0
17757,3,Clientes de alto valor,2,30,5589.4400000000005,274,186.31466666666668,451.97628032345017,9.133333333333333,12.793103448275861,1,0.08930987821380243
17759,0,Clientes estándar de bajo valor,18,3,818.71,81,272.90333333333336,161.5875,27.0,76.0,1,0.0
17760,0,Clientes estándar de bajo valor,22,2,287.59,25,143.795,24.510511363636365,12.5,352.0,1,0.0
17761,0,Clientes estándar de bajo valor,33,1,712.78,19,712.78,712.78,19.0,0.0,1,0.0
17763,0,Clientes estándar de bajo valor,264,1,15.0,1,15.0,15.0,1.0,0.0,1,0.0
17764,0,Clientes estándar de bajo valor,51,2,772.55,71,386.275,143.95341614906832,35.5,161.0,1,0.0
17765,0,Clientes estándar de bajo valor,159,3,367.63,51,122.54333333333334,112.53979591836735,17.0,49.0,1,0.0
17767,0,Clientes estándar de bajo valor,16,1,271.2,21,271.2,271.2,21.0,0.0,1,0.0
17768,1,Clientes de compra en fin de semana,9,3,2081.9,77,693.9666666666667,395.2974683544304,25.666666666666668,79.0,1,0.7653061224489796
17769,1,Clientes de compra en fin de semana,13,10,3957.43,200,395.743,385.463961038961,20.0,34.22222222222222,1,0.9210526315789473
17770,0,Clientes estándar de bajo valor,199,5,1143.27,33,228.654,408.3107142857143,6.6,21.0,1,0.0
17771,0,Clientes estándar de bajo valor,57,2,245.33,50,122.665,27.565168539325843,25.0,267.0,1,0.0
17772,0,Clientes estándar de bajo valor,11,2,173.45,50,86.725,173.45,25.0,0.0,1,0.0
17774,2,Clientes activos de valor medio,97,4,1213.73,123,303.4325,174.21961722488038,30.75,69.66666666666667,1,0.5686274509803921
17775,0,Clientes estándar de bajo valor,255,1,56.4,3,56.4,56.4,3.0,0.0,1,0.0
17777,0,Clientes estándar de bajo valor,25,3,647.56,141,215.85333333333332,255.6157894736842,47.0,38.0,1,0.0
17779,0,Clientes estándar de bajo valor,22,3,650.32,73,216.77333333333334,159.91475409836067,24.333333333333332,61.0,1,0.0
17781,1,Clientes de compra en fin de semana,160,2,188.02,12,94.01,60.00638297872341,6.0,94.0,1,0.8333333333333334
17783,0,Clientes estándar de bajo valor,73,2,283.47,67,141.735,48.59485714285715,33.5,175.0,1,0.0
17785,0,Clientes estándar de bajo valor,54,1,131.94,13,131.94,131.94,13.0,0.0,1,0.0
17786,0,Clientes estándar de bajo valor,86,2,266.85,57,133.425,34.50646551724138,28.5,232.0,1,0.0
17787,0,Clientes estándar de bajo valor,153,4,1817.54,94,454.385,248.97808219178083,23.5,73.0,1,0.1171875
17788,0,Clientes estándar de bajo valor,74,2,1112.95,2,556.475,596.2232142857143,1.0,56.0,1,0.0
17789,0,Clientes estándar de bajo valor,282,1,225.9,14,225.9,225.9,14.0,0.0,1,0.0
17790,2,Clientes activos de valor medio,27,14,1964.3,121,140.30714285714285,174.34615384615384,8.642857142857142,26.0,1,0.3386243386243386
17791,0,Clientes estándar de bajo valor,30,1,106.1,10,106.1,106.1,10.0,0.0,1,0.0
17793,0,Clientes estándar de bajo valor,26,1,300.34,49,300.34,300.34,49.0,0.0,1,0.0
17795,2,Clientes activos de valor medio,180,2,342.83,43,171.415,120.99882352941175,21.5,85.0,1,0.35555555555555557
17796,1,Clientes de compra en fin de semana,41,4,690.0,63,172.5,62.91793313069909,15.75,109.66666666666667,1,1.0
17797,0,Clientes estándar de bajo valor,23,3,780.43,102,260.1433333333333,146.330625,34.0,80.0,1,0.0
17799,3,Clientes de alto valor,23,10,3039.17,280,303.91700000000003,268.95309734513273,28.0,37.666666666666664,1,0.0
17800,2,Clientes activos de valor medio,38,9,1186.21,50,131.8011111111111,119.81919191919192,5.555555555555555,37.125,1,0.30392156862745096
17802,1,Clientes de compra en fin de semana,83,3,1285.04,102,428.34666666666664,132.9351724137931,34.0,145.0,1,0.9142857142857143
17805,0,Clientes estándar de bajo valor,74,1,512.31,10,512.31,512.31,10.0,0.0,1,0.0
17806,0,Clientes estándar de bajo valor,12,1,546.04,43,546.04,546.04,43.0,0.0,1,0.0
17809,3,Clientes de alto valor,17,12,5345.91,46,445.4925,449.23613445378146,3.8333333333333335,32.45454545454545,1,0.0
17812,2,Clientes activos de valor medio,13,4,699.81,113,174.9525,58.97275280898876,28.25,118.66666666666667,1,0.37593984962406013
17813,3,Clientes de alto valor,15,5,1698.07,297,339.614,893.7210526315789,59.4,14.25,1,0.0
17816,0,Clientes estándar de bajo valor,37,4,36.56,16,9.14,3.3337386018237085,4.0,109.66666666666667,1,0.0
17817,0,Clientes estándar de bajo valor,5,3,387.68,32,129.22666666666666,42.60219780219781,10.666666666666666,136.5,1,0.0
17819,2,Clientes activos de valor medio,72,7,3704.87,36,529.2671428571429,370.48699999999997,5.142857142857143,50.0,1,0.25
17824,0,Clientes estándar de bajo valor,52,1,298.4,13,298.4,298.4,13.0,0.0,1,0.0
17827,2,Clientes activos de valor medio,6,5,1987.33,190,397.466,166.07214484679665,38.0,89.75,1,0.2837209302325581
17828,0,Clientes estándar de bajo valor,23,4,1165.09,53,291.2725,215.75740740740738,13.25,54.0,0,0.0
17829,0,Clientes estándar de bajo valor,299,1,889.24,30,889.24,889.24,30.0,0.0,0,0.0
17830,0,Clientes estándar de bajo valor,2,3,398.7,18,132.9,41.67595818815331,6.0,143.5,1,0.0
17831,1,Clientes de compra en fin de semana,34,1,35.400000000000006,2,35.400000000000006,35.400000000000006,2.0,0.0,1,1.0
17832,0,Clientes estándar de bajo valor,50,1,155.37,61,155.37,155.37,61.0,0.0,1,0.0
17835,0,Clientes estándar de bajo valor,3,3,342.24,45,114.08,342.24,15.0,10.5,1,0.0
17836,1,Clientes de compra en fin de semana,48,1,109.83,22,109.83,109.83,22.0,0.0,1,1.0
17837,3,Clientes de alto valor,43,8,1535.33,109,191.91625,380.6603305785124,13.625,17.285714285714285,1,0.16149068322981366
17838,2,Clientes activos de valor medio,90,4,2267.4,86,566.85,240.36042402826857,21.5,94.33333333333333,1,0.5980392156862745
17839,0,Clientes estándar de bajo valor,43,1,318.15,50,318.15,318.15,50.0,0.0,1,0.0
17843,0,Clientes estándar de bajo valor,304,1,197.73,35,197.73,197.73,35.0,0.0,1,0.0
17844,0,Clientes estándar de bajo valor,107,1,51.559999999999995,5,51.559999999999995,51.559999999999995,5.0,0.0,0,0.0
17848,0,Clientes estándar de bajo valor,82,9,901.2,41,100.13333333333334,97.60288808664261,4.555555555555555,34.625,1,0.0
17849,0,Clientes estándar de bajo valor,219,4,605.8000000000001,14,151.45000000000002,158.03478260869565,3.5,38.333333333333336,1,0.0
17852,0,Clientes estándar de bajo valor,12,2,114.34,21,57.17,114.34,10.5,0.0,1,0.0
17854,0,Clientes estándar de bajo valor,186,2,311.26,15,155.63,222.32857142857142,7.5,42.0,1,0.0
17855,0,Clientes estándar de bajo valor,373,1,208.97,17,208.97,208.97,17.0,0.0,1,0.0
17856,0,Clientes estándar de bajo valor,2,4,1418.03,12,354.5075,151.9317857142857,3.0,93.33333333333333,1,0.13333333333333333
17858,2,Clientes activos de valor medio,6,12,5140.66,101,428.3883333333333,423.6807692307692,8.416666666666666,33.09090909090909,1,0.4467005076142132
17859,0,Clientes estándar de bajo valor,305,1,141.92,23,141.92,141.92,23.0,0.0,1,0.0
17860,0,Clientes estándar de bajo valor,369,1,226.45000000000002,49,226.45000000000002,226.45000000000002,49.0,0.0,1,0.0
17861,3,Clientes de alto valor,4,8,2097.88,172,262.235,199.16582278481013,21.5,45.142857142857146,1,0.0
17862,0,Clientes estándar de bajo valor,324,1,330.9,11,330.9,330.9,11.0,0.0,1,0.0
17863,2,Clientes activos de valor medio,60,6,3160.0,110,526.6666666666666,305.80645161290323,18.333333333333332,62.0,1,0.2905405405405405
17864,2,Clientes activos de valor medio,13,3,554.85,70,184.95000000000002,63.29087452471482,23.333333333333332,131.5,1,0.6555555555555556
17865,3,Clientes de alto valor,31,19,10422.22,190,548.5378947368421,936.1275449101796,10.0,18.555555555555557,1,0.0
17866,0,Clientes estándar de bajo valor,143,1,329.65000000000003,9,329.65000000000003,329.65000000000003,9.0,0.0,1,0.0
17867,0,Clientes estándar de bajo valor,31,6,1157.8700000000001,62,192.97833333333335,134.63604651162794,10.333333333333334,51.6,1,0.0
17869,0,Clientes estándar de bajo valor,108,5,428.18,37,85.636,49.21609195402299,7.4,65.25,1,0.05
17870,3,Clientes de alto valor,3,12,1865.8899999999999,214,155.4908333333333,153.78214285714284,17.833333333333332,33.09090909090909,1,0.0
17871,0,Clientes estándar de bajo valor,205,1,155.9,10,155.9,155.9,10.0,0.0,1,0.0
17873,0,Clientes estándar de bajo valor,81,5,1719.5800000000002,23,343.91600000000005,176.06621160409557,4.6,73.25,1,0.0
17874,0,Clientes estándar de bajo valor,186,6,683.46,37,113.91000000000001,292.9114285714286,6.166666666666667,14.0,1,0.0
17877,0,Clientes estándar de bajo valor,171,1,237.61,12,237.61,237.61,12.0,0.0,1,0.0
17878,0,Clientes estándar de bajo valor,44,1,379.45,26,379.45,379.45,26.0,0.0,1,0.0
17879,1,Clientes de compra en fin de semana,174,1,178.52,6,178.52,178.52,6.0,0.0,1,1.0
17880,0,Clientes estándar de bajo valor,365,1,458.92,26,458.92,458.92,26.0,0.0,1,0.0
17881,0,Clientes estándar de bajo valor,305,1,133.35,8,133.35,133.35,8.0,0.0,1,0.0
17883,0,Clientes estándar de bajo valor,4,4,664.34,133,166.085,82.0172839506173,33.25,81.0,1,0.0
17884,0,Clientes estándar de bajo valor,4,4,695.07,107,173.7675,56.66331521739131,26.75,122.66666666666667,1,0.0
17885,1,Clientes de compra en fin de semana,13,1,156.34,50,156.34,156.34,50.0,0.0,1,1.0
17886,0,Clientes estándar de bajo valor,32,3,869.28,93,289.76,119.6256880733945,31.0,109.0,1,0.0
17887,0,Clientes estándar de bajo valor,130,1,111.35,10,111.35,111.35,10.0,0.0,1,0.0
17888,0,Clientes estándar de bajo valor,22,7,587.73,50,83.96142857142857,52.47589285714286,7.142857142857143,56.0,1,0.0
17889,0,Clientes estándar de bajo valor,213,2,201.37,20,100.685,54.91909090909091,10.0,110.0,1,0.0
17890,0,Clientes estándar de bajo valor,323,2,586.89,88,293.445,451.45384615384614,44.0,39.0,1,0.0
17891,0,Clientes estándar de bajo valor,163,1,203.85999999999999,34,203.85999999999999,203.85999999999999,34.0,0.0,1,0.0
17892,0,Clientes estándar de bajo valor,57,3,244.1,27,81.36666666666666,73.96969696969697,9.0,49.5,1,0.0
17893,0,Clientes estándar de bajo valor,226,1,107.21,15,107.21,107.21,15.0,0.0,1,0.0
17894,2,Clientes activos de valor medio,72,8,1118.54,126,139.8175,113.74983050847456,15.75,42.142857142857146,1,0.2356020942408377
17895,0,Clientes estándar de bajo valor,45,1,95.45,15,95.45,95.45,15.0,0.0,1,0.0
17896,0,Clientes estándar de bajo valor,24,1,256.32,2,256.32,256.32,2.0,0.0,1,0.0
17897,0,Clientes estándar de bajo valor,173,3,541.81,100,180.60333333333332,80.86716417910446,33.333333333333336,100.5,1,0.0
17898,0,Clientes estándar de bajo valor,86,2,152.06,27,76.03,37.39180327868853,13.5,122.0,1,0.0
17899,1,Clientes de compra en fin de semana,160,1,154.55,29,154.55,154.55,29.0,0.0,1,1.0
17900,0,Clientes estándar de bajo valor,191,2,112.19999999999999,4,56.099999999999994,112.19999999999999,2.0,0.0,1,0.0
17901,0,Clientes estándar de bajo valor,30,1,110.38,19,110.38,110.38,19.0,0.0,1,0.0
17904,0,Clientes estándar de bajo valor,22,1,181.07,33,181.07,181.07,33.0,0.0,1,0.0
17905,0,Clientes estándar de bajo valor,72,4,798.99,33,199.7475,79.36986754966888,8.25,100.66666666666667,1,0.0
17906,0,Clientes estándar de bajo valor,248,1,72.9,12,72.9,72.9,12.0,0.0,1,0.0
17908,0,Clientes estándar de bajo valor,374,1,232.03,51,232.03,232.03,51.0,0.0,1,0.0
17911,0,Clientes estándar de bajo valor,10,1,366.23,39,366.23,366.23,39.0,0.0,1,0.0
17912,0,Clientes estándar de bajo valor,311,5,300.11,34,60.022000000000006,166.7277777777778,6.8,13.5,1,0.0
17913,2,Clientes activos de valor medio,59,2,408.65,55,204.325,41.27777777777777,27.5,297.0,1,0.5344827586206896
17914,0,Clientes estándar de bajo valor,4,1,329.36,72,329.36,329.36,72.0,0.0,1,0.0
17917,2,Clientes activos de valor medio,46,3,335.03,77,111.67666666666666,31.70630914826498,25.666666666666668,158.5,1,0.30434782608695654
17919,0,Clientes estándar de bajo valor,89,1,1304.04,23,1304.04,1304.04,23.0,0.0,1,0.0
17920,3,Clientes de alto valor,5,17,4107.6,406,241.62352941176474,333.9512195121951,23.88235294117647,23.0625,1,0.22289156626506024
17921,0,Clientes estándar de bajo valor,65,4,820.23,114,205.0575,121.81633663366337,28.5,67.33333333333333,1,0.0
17923,0,Clientes estándar de bajo valor,283,1,207.50000000000003,1,207.50000000000003,207.50000000000003,1.0,0.0,1,0.0
17924,3,Clientes de alto valor,12,7,2962.5,26,423.2142857142857,245.5110497237569,3.7142857142857144,60.333333333333336,1,0.0
17925,0,Clientes estándar de bajo valor,373,1,244.08,1,244.08,244.08,1.0,0.0,1,0.0
17926,0,Clientes estándar de bajo valor,134,2,397.29,17,198.645,170.26714285714286,8.5,70.0,1,0.0
17928,0,Clientes estándar de bajo valor,46,2,184.46,22,92.23,27.53134328358209,11.0,201.0,1,0.0
17929,0,Clientes estándar de bajo valor,12,4,843.0,4,210.75,85.15151515151514,1.0,99.0,1,0.0
17930,0,Clientes estándar de bajo valor,36,5,1740.48,26,348.096,255.9529411764706,5.2,51.0,1,0.0
17931,0,Clientes estándar de bajo valor,135,2,408.36,63,204.18,101.24628099173555,31.5,121.0,1,0.0
17932,2,Clientes activos de valor medio,30,3,1331.57,84,443.8566666666666,219.48956043956045,28.0,91.0,1,0.24444444444444444
17934,0,Clientes estándar de bajo valor,52,2,704.25,21,352.125,704.25,10.5,7.0,1,0.0
17935,0,Clientes estándar de bajo valor,139,2,142.89000000000001,27,71.44500000000001,142.89000000000001,13.5,3.0,1,0.03571428571428571
17936,1,Clientes de compra en fin de semana,6,1,380.13,68,380.13,380.13,68.0,0.0,1,1.0
17937,2,Clientes activos de valor medio,9,7,4301.22,19,614.46,364.5101694915254,2.7142857142857144,59.0,1,0.46511627906976744
17939,1,Clientes de compra en fin de semana,160,1,99.14,12,99.14,99.14,12.0,0.0,1,1.0
17940,0,Clientes estándar de bajo valor,50,9,2152.1800000000003,5,239.13111111111115,255.19920948616604,0.5555555555555556,31.625,1,0.0
17941,0,Clientes estándar de bajo valor,131,1,304.56,2,304.56,304.56,2.0,0.0,1,0.0
17942,0,Clientes estándar de bajo valor,8,1,77.50000000000001,2,77.50000000000001,77.50000000000001,2.0,0.0,1,0.0
17946,0,Clientes estándar de bajo valor,234,2,149.57999999999998,18,74.78999999999999,149.57999999999998,9.0,26.0,1,0.0
17947,0,Clientes estándar de bajo valor,38,1,176.68,9,176.68,176.68,9.0,0.0,1,0.0
17948,0,Clientes estándar de bajo valor,148,1,358.56000000000006,1,358.56000000000006,358.56000000000006,1.0,0.0,1,0.0
17950,0,Clientes estándar de bajo valor,73,3,472.12,62,157.37333333333333,48.33993174061433,20.666666666666668,146.5,1,0.0
17951,0,Clientes estándar de bajo valor,40,3,1008.5400000000001,18,336.18,90.58742514970061,6.0,167.0,1,0.0
17954,3,Clientes de alto valor,6,12,2314.13,326,192.84416666666667,189.68278688524592,27.166666666666668,33.27272727272727,1,0.2348008385744235
17955,0,Clientes estándar de bajo valor,199,4,557.3,14,139.325,557.3,3.5,7.0,1,0.0
17956,0,Clientes estándar de bajo valor,250,1,12.75,1,12.75,12.75,1.0,0.0,1,0.0
17957,0,Clientes estándar de bajo valor,67,1,110.72,30,110.72,110.72,30.0,0.0,1,0.0
17958,0,Clientes estándar de bajo valor,117,1,508.46000000000004,7,508.46000000000004,508.46000000000004,7.0,0.0,1,0.0
17960,0,Clientes estándar de bajo valor,172,1,73.78,26,73.78,73.78,26.0,0.0,1,0.0
17961,3,Clientes de alto valor,22,39,1296.44,211,33.242051282051285,110.80683760683762,5.410256410256411,9.236842105263158,1,0.008032128514056224
17962,0,Clientes estándar de bajo valor,143,1,102.41,33,102.41,102.41,33.0,0.0,1,0.0
17964,0,Clientes estándar de bajo valor,32,2,463.21,84,231.605,40.751612903225805,42.0,341.0,1,0.0
17965,3,Clientes de alto valor,38,14,2599.19,274,185.65642857142856,234.86656626506024,19.571428571428573,25.53846153846154,1,0.021538461538461538
17966,0,Clientes estándar de bajo valor,38,5,1098.43,53,219.686,147.11116071428572,10.6,56.0,1,0.0
17967,0,Clientes estándar de bajo valor,372,1,112.27,41,112.27,112.27,41.0,0.0,1,0.0
17968,0,Clientes estándar de bajo valor,374,1,265.1,74,265.1,265.1,74.0,0.0,1,0.0
17969,2,Clientes activos de valor medio,167,2,228.2,14,114.1,35.107692307692304,7.0,195.0,1,0.5
17970,0,Clientes estándar de bajo valor,212,1,562.79,27,562.79,562.79,27.0,0.0,1,0.0
17972,0,Clientes estándar de bajo valor,242,1,135.19,30,135.19,135.19,30.0,0.0,1,0.0
17973,0,Clientes estándar de bajo valor,52,1,337.04,15,337.04,337.04,15.0,0.0,1,0.0
17974,0,Clientes estándar de bajo valor,25,3,703.99,143,234.66333333333333,108.30615384615385,47.666666666666664,97.5,1,0.0
17975,3,Clientes de alto valor,16,13,4384.76,188,337.2892307692308,374.765811965812,14.461538461538462,29.25,1,0.061855670103092786
17976,0,Clientes estándar de bajo valor,373,1,321.79,56,321.79,321.79,56.0,0.0,1,0.0
17977,0,Clientes estándar de bajo valor,30,1,288.14,19,288.14,288.14,19.0,0.0,1,0.0
17978,0,Clientes estándar de bajo valor,366,1,300.91999999999996,12,300.91999999999996,300.91999999999996,12.0,0.0,1,0.0
17979,0,Clientes estándar de bajo valor,36,4,709.11,114,177.2775,94.97008928571428,28.5,74.66666666666667,1,0.0
17980,0,Clientes estándar de bajo valor,166,3,811.45,23,270.48333333333335,125.4819587628866,7.666666666666667,97.0,1,0.0
17984,1,Clientes de compra en fin de semana,146,1,152.68,48,152.68,152.68,48.0,0.0,1,1.0
17985,0,Clientes estándar de bajo valor,23,1,631.35,20,631.35,631.35,20.0,0.0,1,0.0
17986,0,Clientes estándar de bajo valor,57,1,20.8,1,20.8,20.8,1.0,0.0,1,0.0
17987,0,Clientes estándar de bajo valor,186,1,198.57,13,198.57,198.57,13.0,0.0,1,0.0
17988,2,Clientes activos de valor medio,12,7,191.17000000000002,36,27.310000000000002,18.206666666666667,5.142857142857143,52.5,1,0.2702702702702703
17990,2,Clientes activos de valor medio,237,3,630.84,27,210.28,151.4016,9.0,62.5,1,0.5862068965517241
17991,0,Clientes estándar de bajo valor,226,2,93.35,4,46.675,93.35,2.0,1.0,1,0.0
17994,0,Clientes estándar de bajo valor,122,4,674.89,63,168.7225,119.80295857988165,15.75,56.333333333333336,1,0.0
17995,0,Clientes estándar de bajo valor,282,1,76.1,2,76.1,76.1,2.0,0.0,1,0.0
17997,3,Clientes de alto valor,75,8,1962.46,133,245.3075,654.1533333333333,16.625,12.857142857142858,1,0.16463414634146342
17999,0,Clientes estándar de bajo valor,38,2,380.39,87,190.195,34.68601823708207,43.5,329.0,1,0.0
18001,2,Clientes activos de valor medio,13,2,415.13,56,207.565,168.29594594594593,28.0,74.0,1,0.2807017543859649
18004,1,Clientes de compra en fin de semana,363,1,157.92,32,157.92,157.92,32.0,0.0,1,1.0
18005,2,Clientes activos de valor medio,4,2,226.47,52,113.235,154.41136363636366,26.0,44.0,1,0.39622641509433965
18006,0,Clientes estándar de bajo valor,24,1,444.68,21,444.68,444.68,21.0,0.0,1,0.0
18008,0,Clientes estándar de bajo valor,71,9,2116.19,24,235.13222222222223,255.9907258064516,2.6666666666666665,31.0,1,0.0
18009,0,Clientes estándar de bajo valor,236,1,247.39,31,247.39,247.39,31.0,0.0,1,0.0
18010,0,Clientes estándar de bajo valor,257,1,174.8,14,174.8,174.8,14.0,0.0,1,0.0
18011,0,Clientes estándar de bajo valor,374,1,102.78999999999999,28,102.78999999999999,102.78999999999999,28.0,0.0,1,0.0
18013,0,Clientes estándar de bajo valor,156,2,187.29,31,93.645,187.29,15.5,0.0,1,0.0
18014,0,Clientes estándar de bajo valor,29,1,154.27,28,154.27,154.27,28.0,0.0,1,0.0
18015,0,Clientes estándar de bajo valor,5,1,120.03,46,120.03,120.03,46.0,0.0,1,0.0
18016,0,Clientes estándar de bajo valor,33,5,1477.66,90,295.53200000000004,133.52349397590362,18.0,83.0,1,0.0
18017,0,Clientes estándar de bajo valor,82,3,523.0,1,174.33333333333334,68.51528384279476,0.3333333333333333,114.5,1,0.0
18018,0,Clientes estándar de bajo valor,109,2,122.14,29,61.07,40.26593406593407,14.5,91.0,1,0.0
18019,0,Clientes estándar de bajo valor,52,1,38.45,5,38.45,38.45,5.0,0.0,1,0.0
18022,0,Clientes estándar de bajo valor,36,1,612.72,141,612.72,612.72,141.0,0.0,1,0.0
18024,1,Clientes de compra en fin de semana,153,2,236.78,20,118.39,236.78,10.0,0.0,1,1.0
18027,0,Clientes estándar de bajo valor,99,1,115.31,21,115.31,115.31,21.0,0.0,1,0.0
18030,0,Clientes estándar de bajo valor,5,2,230.64999999999998,8,115.32499999999999,182.0921052631579,4.0,38.0,1,0.0
18032,1,Clientes de compra en fin de semana,335,1,73.5,5,73.5,73.5,5.0,0.0,1,1.0
18033,0,Clientes estándar de bajo valor,66,1,93.82000000000001,32,93.82000000000001,93.82000000000001,32.0,0.0,1,0.0
18034,0,Clientes estándar de bajo valor,22,2,418.68,99,209.34,418.68,49.5,0.0,1,0.0
18035,0,Clientes estándar de bajo valor,36,3,713.89,44,237.96333333333334,713.89,14.666666666666666,4.0,1,0.0
18036,0,Clientes estándar de bajo valor,33,3,403.12,77,134.37333333333333,56.777464788732395,25.666666666666668,106.5,1,0.0
18037,2,Clientes activos de valor medio,155,6,70.02,19,11.67,10.099038461538461,3.1666666666666665,41.6,1,0.3684210526315789
18040,2,Clientes activos de valor medio,20,2,357.20000000000005,18,178.60000000000002,47.41592920353983,9.0,226.0,1,0.3684210526315789
18041,3,Clientes de alto valor,12,21,4075.12,285,194.05333333333334,338.65263157894736,13.571428571428571,18.05,1,0.16228070175438597
18042,0,Clientes estándar de bajo valor,54,1,165.04999999999998,7,165.04999999999998,165.04999999999998,7.0,0.0,1,0.0
18043,0,Clientes estándar de bajo valor,25,3,529.29,106,176.42999999999998,46.42894736842105,35.333333333333336,171.0,1,0.0
18044,3,Clientes de alto valor,5,10,2088.6,88,208.85999999999999,176.00561797752806,8.8,39.55555555555556,1,0.11023622047244094
18045,0,Clientes estándar de bajo valor,46,1,178.34,43,178.34,178.34,43.0,0.0,1,0.0
18048,0,Clientes estándar de bajo valor,204,2,172.29000000000002,6,86.14500000000001,172.29000000000002,3.0,0.0,1,0.0
18050,0,Clientes estándar de bajo valor,360,1,74.4,5,74.4,74.4,5.0,0.0,1,0.0
18053,0,Clientes estándar de bajo valor,71,1,300.02,20,300.02,300.02,20.0,0.0,1,0.0
18055,3,Clientes de alto valor,8,10,6761.34,223,676.134,560.332044198895,22.3,40.22222222222222,1,0.05307262569832402
18056,0,Clientes estándar de bajo valor,289,1,363.65,19,363.65,363.65,19.0,0.0,1,0.0
18058,0,Clientes estándar de bajo valor,10,1,170.16,3,170.16,170.16,3.0,0.0,1,0.0
18059,0,Clientes estándar de bajo valor,24,3,306.46,17,102.15333333333332,208.95,5.666666666666667,22.0,1,0.0
18061,0,Clientes estándar de bajo valor,22,10,2119.41,18,211.94099999999997,184.2965217391304,1.8,38.333333333333336,1,0.0
18062,2,Clientes activos de valor medio,174,3,720.52,23,240.17333333333332,131.80243902439022,7.666666666666667,82.0,1,0.25925925925925924
18064,0,Clientes estándar de bajo valor,134,2,814.0,7,407.0,239.41176470588235,3.5,102.0,1,0.0
18065,3,Clientes de alto valor,6,14,2392.83,110,170.91642857142855,199.95793871866294,7.857142857142857,27.615384615384617,1,0.1678832116788321
18066,1,Clientes de compra en fin de semana,76,1,318.0,10,318.0,318.0,10.0,0.0,1,1.0
18067,1,Clientes de compra en fin de semana,41,1,396.33,36,396.33,396.33,36.0,0.0,1,1.0
18068,0,Clientes estándar de bajo valor,290,1,101.7,1,101.7,101.7,1.0,0.0,1,0.0
18069,2,Clientes activos de valor medio,27,5,2009.24,334,401.848,200.25647840531562,66.8,75.25,1,0.4660831509846827
18071,2,Clientes activos de valor medio,258,2,453.0,23,226.5,125.83333333333333,11.5,108.0,1,0.44
18072,0,Clientes estándar de bajo valor,186,1,247.44,18,247.44,247.44,18.0,0.0,1,0.0
18073,3,Clientes de alto valor,115,12,3859.82,23,321.6516666666667,1395.1156626506024,1.9166666666666667,7.545454545454546,1,0.0
18074,0,Clientes estándar de bajo valor,374,1,489.6,13,489.6,489.6,13.0,0.0,1,0.0
18075,3,Clientes de alto valor,24,10,2611.75,97,261.175,232.50000000000003,9.7,37.44444444444444,1,0.0
18077,2,Clientes activos de valor medio,9,11,2584.41,101,234.94636363636363,216.57067039106144,9.181818181818182,35.8,1,0.3811659192825112
18078,0,Clientes estándar de bajo valor,218,2,336.13,27,168.065,240.09285714285716,13.5,42.0,1,0.0
18079,3,Clientes de alto valor,46,4,3613.15,99,903.2875,561.6295336787565,24.75,64.33333333333333,1,0.0
18080,0,Clientes estándar de bajo valor,19,2,1231.5,2,615.75,164.93303571428572,1.0,224.0,1,0.0
18081,0,Clientes estándar de bajo valor,37,3,343.45,14,114.48333333333333,106.22164948453607,4.666666666666667,48.5,1,0.0
18082,0,Clientes estándar de bajo valor,26,1,680.84,62,680.84,680.84,62.0,0.0,1,0.0
18084,0,Clientes estándar de bajo valor,17,1,90.48,1,90.48,90.48,1.0,0.0,1,0.0
18085,0,Clientes estándar de bajo valor,331,2,689.95,25,344.975,481.3604651162791,12.5,43.0,1,0.0
18086,0,Clientes estándar de bajo valor,275,1,101.34,7,101.34,101.34,7.0,0.0,1,0.0
18088,1,Clientes de compra en fin de semana,62,1,166.03,35,166.03,166.03,35.0,0.0,1,1.0
18092,3,Clientes de alto valor,3,11,9068.26,28,824.3872727272727,749.4429752066117,2.5454545454545454,36.3,1,0.0
18093,0,Clientes estándar de bajo valor,94,4,2106.52,31,526.63,302.3712918660287,7.75,69.66666666666667,1,0.0
18094,3,Clientes de alto valor,82,7,3017.3,39,431.04285714285714,431.04285714285714,5.571428571428571,35.0,1,0.0
18095,0,Clientes estándar de bajo valor,313,2,580.05,20,290.025,580.05,10.0,20.0,1,0.0
18096,0,Clientes estándar de bajo valor,12,3,849.06,157,283.02,489.84230769230766,52.333333333333336,26.0,1,0.0
18097,0,Clientes estándar de bajo valor,8,6,2662.4,65,443.73333333333335,230.17867435158502,10.833333333333334,69.4,1,0.0
18099,0,Clientes estándar de bajo valor,128,1,168.31,19,168.31,168.31,19.0,0.0,1,0.0
18101,0,Clientes estándar de bajo valor,12,2,222.4,37,111.2,50.54545454545454,18.5,132.0,1,0.0
18104,0,Clientes estándar de bajo valor,38,1,754.64,38,754.64,754.64,38.0,0.0,1,0.0
18105,0,Clientes estándar de bajo valor,38,1,113.48000000000002,18,113.48000000000002,113.48000000000002,18.0,0.0,1,0.0
18106,0,Clientes estándar de bajo valor,330,1,421.9,33,421.9,421.9,33.0,0.0,1,0.0
18108,0,Clientes estándar de bajo valor,255,1,271.0,17,271.0,271.0,17.0,0.0,1,0.0
18109,3,Clientes de alto valor,2,26,8004.92,119,307.88153846153847,652.5749999999999,4.576923076923077,14.72,1,0.32653061224489793
18110,1,Clientes de compra en fin de semana,20,1,171.5,32,171.5,171.5,32.0,0.0,1,1.0
18112,1,Clientes de compra en fin de semana,13,2,352.69,26,176.345,68.70584415584415,13.0,154.0,1,1.0
18113,0,Clientes estándar de bajo valor,369,1,76.32000000000001,1,76.32000000000001,76.32000000000001,1.0,0.0,1,0.0
18114,0,Clientes estándar de bajo valor,291,1,220.1,28,220.1,220.1,28.0,0.0,1,0.0
18116,2,Clientes activos de valor medio,68,8,1399.51,229,174.93875,141.36464646464646,28.625,42.42857142857143,1,0.23783783783783785
18117,0,Clientes estándar de bajo valor,26,1,314.4,67,314.4,314.4,67.0,0.0,1,0.0
18119,0,Clientes estándar de bajo valor,368,1,180.7,29,180.7,180.7,29.0,0.0,1,0.0
18120,0,Clientes estándar de bajo valor,215,1,111.15,17,111.15,111.15,17.0,0.0,1,0.0
18121,0,Clientes estándar de bajo valor,150,2,653.3000000000001,28,326.65000000000003,653.3000000000001,14.0,5.0,1,0.0
18122,3,Clientes de alto valor,9,6,1791.84,238,298.64,378.55774647887324,39.666666666666664,28.4,1,0.18309859154929578
18123,0,Clientes estándar de bajo valor,25,2,574.4399999999999,31,287.21999999999997,574.4399999999999,15.5,7.0,1,0.0
18125,2,Clientes activos de valor medio,30,4,1131.75,164,282.9375,118.301393728223,41.0,95.66666666666667,1,0.24479166666666666
18126,0,Clientes estándar de bajo valor,61,1,198.58,51,198.58,198.58,51.0,0.0,1,0.0
18127,1,Clientes de compra en fin de semana,20,3,347.08,41,115.69333333333333,91.33684210526316,13.666666666666666,57.0,1,0.8260869565217391
18129,1,Clientes de compra en fin de semana,244,1,112.55000000000001,13,112.55000000000001,112.55000000000001,13.0,0.0,1,1.0
18130,0,Clientes estándar de bajo valor,16,3,1059.39,58,353.13000000000005,756.707142857143,19.333333333333332,21.0,1,0.0
18133,0,Clientes estándar de bajo valor,213,1,931.5,1,931.5,931.5,1.0,0.0,1,0.0
18135,0,Clientes estándar de bajo valor,30,5,681.91,11,136.382,127.06397515527951,2.2,40.25,1,0.0
18136,0,Clientes estándar de bajo valor,64,3,784.33,34,261.4433333333333,91.913671875,11.333333333333334,128.0,1,0.0
18138,0,Clientes estándar de bajo valor,296,1,152.65,8,152.65,152.65,8.0,0.0,1,0.0
18142,2,Clientes activos de valor medio,158,2,1019.52,9,509.76,527.3379310344827,4.5,58.0,1,0.6
18143,0,Clientes estándar de bajo valor,117,2,1000.16,59,500.08,1000.16,29.5,25.0,1,0.0
18144,3,Clientes de alto valor,8,12,2888.75,27,240.72916666666666,236.7827868852459,2.25,33.27272727272727,1,0.0
18145,2,Clientes activos de valor medio,13,4,2861.55,174,715.3875,286.15500000000003,43.5,100.0,1,0.37104072398190047
18146,0,Clientes estándar de bajo valor,141,2,160.35,10,80.175,60.13125,5.0,80.0,1,0.0
18147,0,Clientes estándar de bajo valor,46,2,179.34,7,89.67,85.39999999999999,3.5,63.0,1,0.0
18149,2,Clientes activos de valor medio,51,3,612.0799999999999,11,204.02666666666664,82.34260089686097,3.6666666666666665,111.5,1,0.3125
18150,2,Clientes activos de valor medio,33,3,566.58,29,188.86,100.57633136094674,9.666666666666666,84.5,1,0.3783783783783784
18151,0,Clientes estándar de bajo valor,135,2,653.35,38,326.675,126.45483870967742,19.0,155.0,1,0.0
18154,0,Clientes estándar de bajo valor,4,2,399.19,15,199.595,299.39250000000004,7.5,40.0,1,0.0
18155,2,Clientes activos de valor medio,76,3,371.62,19,123.87333333333333,51.61388888888889,6.333333333333333,108.0,1,0.24
18158,0,Clientes estándar de bajo valor,10,2,453.4,24,226.7,172.1772151898734,12.0,79.0,1,0.0
18159,0,Clientes estándar de bajo valor,302,1,530.15,23,530.15,530.15,23.0,0.0,1,0.0
18160,0,Clientes estándar de bajo valor,58,2,638.0600000000001,37,319.03000000000003,133.85874125874128,18.5,143.0,1,0.0
18161,0,Clientes estándar de bajo valor,16,5,1618.69,49,323.738,159.73914473684212,9.8,76.0,1,0.0
18164,0,Clientes estándar de bajo valor,38,1,399.65,24,399.65,399.65,24.0,0.0,1,0.0
18165,0,Clientes estándar de bajo valor,178,1,302.46,10,302.46,302.46,10.0,0.0,1,0.0
18167,0,Clientes estándar de bajo valor,24,3,1384.8600000000001,24,461.62000000000006,506.65609756097564,8.0,41.0,1,0.0
18168,0,Clientes estándar de bajo valor,177,6,1160.04,97,193.34,177.55714285714285,16.166666666666668,39.2,1,0.0
18169,0,Clientes estándar de bajo valor,61,1,202.65,9,202.65,202.65,9.0,0.0,1,0.0
18170,2,Clientes activos de valor medio,34,3,980.3100000000001,29,326.77000000000004,159.83315217391305,9.666666666666666,92.0,1,0.21052631578947367
18171,0,Clientes estándar de bajo valor,59,5,1231.31,43,246.262,134.32472727272727,8.6,68.75,1,0.0
18172,3,Clientes de alto valor,15,20,7561.68,100,378.084,824.9105454545455,5.0,14.473684210526315,1,0.0
18173,0,Clientes estándar de bajo valor,87,4,2106.84,23,526.71,336.19787234042553,5.75,62.666666666666664,1,0.0
18174,0,Clientes estándar de bajo valor,8,1,104.0,1,104.0,104.0,1.0,0.0,1,0.0
18176,0,Clientes estándar de bajo valor,359,1,476.35,30,476.35,476.35,30.0,0.0,1,0.0
18177,0,Clientes estándar de bajo valor,32,6,1340.8700000000001,53,223.47833333333335,179.5808035714286,8.833333333333334,44.8,1,0.0
18178,0,Clientes estándar de bajo valor,129,4,1590.81,80,397.7025,202.22161016949153,20.0,78.66666666666667,1,0.0
18179,0,Clientes estándar de bajo valor,10,6,1793.17,86,298.8616666666667,164.51100917431194,14.333333333333334,65.4,1,0.0
18180,0,Clientes estándar de bajo valor,5,6,1843.75,108,307.2916666666667,400.8152173913044,18.0,27.6,1,0.0
18181,0,Clientes estándar de bajo valor,25,1,366.85,40,366.85,366.85,40.0,0.0,1,0.0
18183,0,Clientes estándar de bajo valor,228,2,632.07,36,316.035,403.4489361702128,18.0,47.0,1,0.0
18184,0,Clientes estándar de bajo valor,16,1,49.8,1,49.8,49.8,1.0,0.0,1,0.0
18185,0,Clientes estándar de bajo valor,250,1,304.25,17,304.25,304.25,17.0,0.0,1,0.0
18188,0,Clientes estándar de bajo valor,16,3,2001.04,63,667.0133333333333,218.29527272727273,21.0,137.5,1,0.0
18189,0,Clientes estándar de bajo valor,78,2,1090.24,65,545.12,172.14315789473685,32.5,190.0,1,0.0
18190,0,Clientes estándar de bajo valor,193,2,284.46000000000004,14,142.23000000000002,61.83913043478262,7.0,138.0,1,0.0
18191,0,Clientes estándar de bajo valor,262,1,207.8,7,207.8,207.8,7.0,0.0,1,0.0
18192,0,Clientes estándar de bajo valor,72,1,957.97,45,957.97,957.97,45.0,0.0,1,0.0
18193,0,Clientes estándar de bajo valor,166,1,243.76,16,243.76,243.76,16.0,0.0,1,0.0
18194,1,Clientes de compra en fin de semana,83,1,973.84,7,973.84,973.84,7.0,0.0,1,1.0
18196,0,Clientes estándar de bajo valor,96,2,686.63,131,343.315,105.63538461538461,65.5,195.0,1,0.0
18198,3,Clientes de alto valor,5,17,5425.56,81,319.15058823529415,490.26144578313256,4.764705882352941,20.75,1,0.012578616352201259
18200,0,Clientes estándar de bajo valor,107,1,150.35,29,150.35,150.35,29.0,0.0,1,0.0
18202,0,Clientes estándar de bajo valor,200,3,1396.99,55,465.66333333333336,374.19375,18.333333333333332,56.0,1,0.0
18203,0,Clientes estándar de bajo valor,158,1,160.42000000000002,19,160.42000000000002,160.42000000000002,19.0,0.0,1,0.0
18204,0,Clientes estándar de bajo valor,72,3,1975.3500000000001,159,658.45,489.7561983471075,53.0,60.5,1,0.0
18205,0,Clientes estándar de bajo valor,37,2,517.36,30,258.68,408.44210526315794,15.0,38.0,1,0.0
18209,0,Clientes estándar de bajo valor,29,1,139.10000000000002,8,139.10000000000002,139.10000000000002,8.0,0.0,1,0.0
18210,3,Clientes de alto valor,2,6,2621.38,109,436.8966666666667,295.64436090225564,18.166666666666668,53.2,1,0.0
18211,0,Clientes estándar de bajo valor,26,5,600.07,37,120.01400000000001,71.15454545454546,7.4,63.25,1,0.19047619047619047
18212,0,Clientes estándar de bajo valor,327,1,216.07,30,216.07,216.07,30.0,0.0,1,0.0
18213,1,Clientes de compra en fin de semana,237,1,232.48000000000002,15,232.48000000000002,232.48000000000002,15.0,0.0,1,1.0
18215,1,Clientes de compra en fin de semana,90,1,299.34000000000003,13,299.34000000000003,299.34000000000003,13.0,0.0,1,1.0
18216,0,Clientes estándar de bajo valor,32,1,481.75,26,481.75,481.75,26.0,0.0,1,0.0
18217,0,Clientes estándar de bajo valor,30,2,621.75,27,310.875,454.9390243902439,13.5,41.0,1,0.0
18218,0,Clientes estándar de bajo valor,212,2,641.92,17,320.96,275.1085714285714,8.5,70.0,1,0.0
18219,3,Clientes de alto valor,3,10,2069.77,58,206.977,169.6532786885246,5.8,40.666666666666664,1,0.0
18220,0,Clientes estándar de bajo valor,227,1,305.28,2,305.28,305.28,2.0,0.0,1,0.0
18221,0,Clientes estándar de bajo valor,23,5,1041.61,59,208.32199999999997,165.33492063492062,11.8,47.25,1,0.0
18222,0,Clientes estándar de bajo valor,93,1,443.0,19,443.0,443.0,19.0,0.0,1,0.0
18223,3,Clientes de alto valor,5,14,6484.54,116,463.18142857142857,549.5372881355931,8.285714285714286,27.23076923076923,1,0.08455882352941177
18224,0,Clientes estándar de bajo valor,264,1,158.95000000000002,10,158.95000000000002,158.95000000000002,10.0,0.0,1,0.0
18225,3,Clientes de alto valor,4,12,5504.96,150,458.74666666666667,456.2121546961326,12.5,32.90909090909091,1,0.07806691449814127
18226,3,Clientes de alto valor,45,11,5228.05,141,475.27727272727276,535.2952218430033,12.818181818181818,29.3,1,0.15289256198347106
18227,0,Clientes estándar de bajo valor,218,1,93.75,5,93.75,93.75,5.0,0.0,1,0.0
18228,0,Clientes estándar de bajo valor,57,2,779.9,23,389.95,779.9,11.5,23.0,1,0.0
18229,3,Clientes de alto valor,12,20,7276.9,66,363.84499999999997,603.0580110497237,3.3,19.05263157894737,1,0.18902439024390244
18230,3,Clientes de alto valor,10,7,2810.2000000000003,32,401.4571428571429,287.7337883959044,4.571428571428571,48.833333333333336,1,0.11627906976744186
18231,0,Clientes estándar de bajo valor,193,5,2071.77,106,414.354,647.4281249999999,21.2,24.0,1,0.0
18232,0,Clientes estándar de bajo valor,82,4,592.97,31,148.2425,153.35431034482758,7.75,38.666666666666664,1,0.0
18233,0,Clientes estándar de bajo valor,326,1,440.0,1,440.0,440.0,1.0,0.0,1,0.0
18235,0,Clientes estándar de bajo valor,72,3,1796.48,100,598.8266666666667,369.1397260273973,33.333333333333336,73.0,1,0.0
18236,0,Clientes estándar de bajo valor,30,6,882.24,42,147.04,125.43696682464456,7.0,42.2,1,0.0
18237,0,Clientes estándar de bajo valor,3,5,987.1,40,197.42000000000002,224.34090909090907,8.0,33.0,1,0.0
18239,0,Clientes estándar de bajo valor,219,5,1561.6100000000001,80,312.322,304.2097402597403,16.0,38.5,1,0.0
18240,0,Clientes estándar de bajo valor,47,1,422.58,6,422.58,422.58,6.0,0.0,1,0.0
18241,3,Clientes de alto valor,10,17,2073.09,60,121.9464705882353,299.0033653846154,3.5294117647058822,13.0,1,0.0
18242,0,Clientes estándar de bajo valor,73,4,2232.4900000000002,72,558.1225000000001,474.99787234042554,18.0,47.0,1,0.0
18245,3,Clientes de alto valor,8,7,2567.06,153,366.72285714285715,221.29827586206898,21.857142857142858,58.0,1,0.15428571428571428
18246,0,Clientes estándar de bajo valor,24,2,596.1,3,298.05,85.15714285714286,1.5,210.0,1,0.0
18248,0,Clientes estándar de bajo valor,123,2,804.02,39,402.01,376.884375,19.5,64.0,1,0.0
18249,0,Clientes estándar de bajo valor,18,1,95.34,8,95.34,95.34,8.0,0.0,1,0.0
18250,0,Clientes estándar de bajo valor,311,1,349.27,21,349.27,349.27,21.0,0.0,1,0.0
18252,0,Clientes estándar de bajo valor,51,2,518.27,90,259.135,128.49669421487604,45.0,121.0,1,0.0
18255,1,Clientes de compra en fin de semana,90,1,103.30000000000001,6,103.30000000000001,103.30000000000001,6.0,0.0,1,1.0
18257,3,Clientes de alto valor,40,8,2337.63,97,292.20375,272.8750972762646,12.125,36.714285714285715,1,0.0
18259,0,Clientes estándar de bajo valor,25,3,2338.6,27,779.5333333333333,205.14035087719296,9.0,171.0,1,0.0
18260,3,Clientes de alto valor,173,6,2628.35,86,438.05833333333334,423.92741935483866,14.333333333333334,37.2,1,0.19548872180451127
18261,0,Clientes estándar de bajo valor,44,2,324.24,19,162.12,187.06153846153845,9.5,52.0,1,0.0
18262,0,Clientes estándar de bajo valor,141,1,149.48,13,149.48,149.48,13.0,0.0,1,0.0
18263,0,Clientes estándar de bajo valor,26,3,1213.16,59,404.3866666666667,160.3295154185022,19.666666666666668,113.5,1,0.0
18265,0,Clientes estándar de bajo valor,73,2,801.51,44,400.755,279.596511627907,22.0,86.0,1,0.0
18268,0,Clientes estándar de bajo valor,135,1,25.5,1,25.5,25.5,1.0,0.0,1,0.0
18269,0,Clientes estándar de bajo valor,367,1,168.60000000000002,7,168.60000000000002,168.60000000000002,7.0,0.0,1,0.0
18270,0,Clientes estándar de bajo valor,39,2,283.15000000000003,11,141.57500000000002,37.256578947368425,5.5,228.0,1,0.0
18272,3,Clientes de alto valor,3,6,3078.58,99,513.0966666666667,378.5139344262295,16.5,48.8,1,0.0
18273,2,Clientes activos de valor medio,3,3,204.0,1,68.0,24.0,0.3333333333333333,127.5,1,0.3333333333333333
18274,0,Clientes estándar de bajo valor,31,1,175.92,11,175.92,175.92,11.0,0.0,1,0.0
18276,0,Clientes estándar de bajo valor,44,1,335.86,14,335.86,335.86,14.0,0.0,1,0.0
18277,0,Clientes estándar de bajo valor,59,1,110.38,8,110.38,110.38,8.0,0.0,1,0.0
18278,0,Clientes estándar de bajo valor,74,1,173.9,9,173.9,173.9,9.0,0.0,1,0.0
18280,0,Clientes estándar de bajo valor,278,1,180.60000000000002,10,180.60000000000002,180.60000000000002,10.0,0.0,1,0.0
18281,1,Clientes de compra en fin de semana,181,1,80.82,7,80.82,80.82,7.0,0.0,1,1.0
18282,0,Clientes estándar de bajo valor,8,2,178.05,12,89.025,44.88655462184874,6.0,119.0,1,0.0
18283,3,Clientes de alto valor,4,16,2039.58,262,127.47375,183.19580838323353,16.375,22.266666666666666,1,0.061196105702364396
18287,2,Clientes activos de valor medio,43,3,1837.28,59,612.4266666666666,346.6566037735849,19.666666666666668,79.5,1,0.4142857142857143
